Reading script file /home/yhjiang/Downloads/for_xianglong/ID_0167/run/all/AAEE/../alkaid_exto_akL2K_s40/alkaid_ex_bitstream/iter0/openfpga_tasks/and2_latch/tt_25C_v0p9/run.openfpga...

            ___                   _____ ____   ____    _     
           / _ \ _ __   ___ _ __ |  ___|  _ \ / ___|  / \    
          | | | | '_ \ / _ \ '_ \| |_  | |_) | |  _  / _ \   
          | |_| | |_) |  __/ | | |  _| |  __/| |_| |/ ___ \  
           \___/| .__/ \___|_| |_|_|   |_|    \____/_/   \_\ 
                |_|                                          

               OpenFPGA: An Open-source FPGA IP Generator
                     Versatile Place and Route (VPR)
                           FPGA-Verilog
                           FPGA-SPICE
                           FPGA-SDC
                           FPGA-Bitstream

             This is a free software under the MIT License

             Copyright (c) 2018 LNIS - The University of Utah

Permission is hereby granted, free of charge, to any person obtaining a copy
of this software and associated documentation files (the "Software"), to deal
in the Software without restriction, including without limitation the rights
to use, copy, modify, merge, publish, distribute, sublicense, and/or sell
copies of the Software, and to permit persons to whom the Software is
furnished to do so, subject to the following conditions:

The above copyright notice and this permission notice shall be included in
all copies or substantial portions of the Software.

THE SOFTWARE IS PROVIDED "AS IS", WITHOUT WARRANTY OF ANY KIND, EXPRESS OR
IMPLIED, INCLUDING BUT NOT LIMITED TO THE WARRANTIES OF MERCHANTABILITY,
FITNESS FOR A PARTICULAR PURPOSE AND NONINFRINGEMENT. IN NO EVENT SHALL THE
AUTHORS OR COPYRIGHT HOLDERS BE LIABLE FOR ANY CLAIM, DAMAGES OR OTHER
LIABILITY, WHETHER IN AN ACTION OF CONTRACT, TORT OR OTHERWISE, ARISING FROM,
OUT OF OR IN CONNECTION WITH THE SOFTWARE OR THE USE OR OTHER DEALINGS IN
THE SOFTWARE.



Command line to execute: pcf2bitstream_setting --config /home/yhjiang/work_space/0703_aaee/aaee/etc/device/ALKDLe/openfpga_settings/pcf_custom_command.xml --pcf /home/yhjiang/work_space/0703_aaee/aaee/etc/device/ALKDLe/openfpga_settings/pcf_dummy.pcf --pin_table /home/yhjiang/Downloads/for_xianglong/ID_0167/run/all/AAEE/../alkaid_exto_akL2K_s40/alkaid_ex_bitstream/iter0/arch/efpga_io_pin_table.csv --pin_table_direction_convention explicit

Confirm selected options when call command 'pcf2bitstream_setting':
--pcf: /home/yhjiang/work_space/0703_aaee/aaee/etc/device/ALKDLe/openfpga_settings/pcf_dummy.pcf
--config: /home/yhjiang/work_space/0703_aaee/aaee/etc/device/ALKDLe/openfpga_settings/pcf_custom_command.xml
--pin_table: /home/yhjiang/Downloads/for_xianglong/ID_0167/run/all/AAEE/../alkaid_exto_akL2K_s40/alkaid_ex_bitstream/iter0/arch/efpga_io_pin_table.csv
--pin_table_direction_convention: explicit
--reduce_error_to_warning: off
--verbose: off
Read /home/yhjiang/work_space/0703_aaee/aaee/etc/device/ALKDLe/openfpga_settings/pcf_dummy.pcf
Read /home/yhjiang/work_space/0703_aaee/aaee/etc/device/ALKDLe/openfpga_settings/pcf_dummy.pcf took 0.00 seconds (max_rss 16.1 MiB, delta_rss +0.0 MiB)
Read the design constraints from a pcf file: /home/yhjiang/work_space/0703_aaee/aaee/etc/device/ALKDLe/openfpga_settings/pcf_dummy.pcf.
Read I/O Pin Table
Read I/O Pin Table took 0.02 seconds (max_rss 16.1 MiB, delta_rss +0.0 MiB)
Read the I/O pin table from a csv file: /home/yhjiang/Downloads/for_xianglong/ID_0167/run/all/AAEE/../alkaid_exto_akL2K_s40/alkaid_ex_bitstream/iter0/arch/efpga_io_pin_table.csv.

Command line to execute: pcf2place --pcf /home/yhjiang/work_space/0703_aaee/aaee/etc/device/ALKDLe/openfpga_settings/pcf_dummy.pcf --blif /home/yhjiang/Downloads/for_xianglong/ID_0167/run/all/AAEE/../alkaid_exto_akL2K_s40/alkaid_ex_bitstream/iter0/vpr_results/checkin/and2_latch/tt_25C_v0p9/post_synth.blif --pin_table /home/yhjiang/Downloads/for_xianglong/ID_0167/run/all/AAEE/../alkaid_exto_akL2K_s40/alkaid_ex_bitstream/iter0/arch/efpga_io_pin_table.csv --fpga_io_map /home/yhjiang/Downloads/for_xianglong/ID_0167/run/all/AAEE/../alkaid_exto_akL2K_s40/alkaid_ex_bitstream/iter0/arch/io_coordinate.xml --fpga_fix_pins fix_pins.place.user --pin_table_direction_convention explicit --reduce_error_to_warning

Confirm selected options when call command 'pcf2place':
--pcf: /home/yhjiang/work_space/0703_aaee/aaee/etc/device/ALKDLe/openfpga_settings/pcf_dummy.pcf
--blif: /home/yhjiang/Downloads/for_xianglong/ID_0167/run/all/AAEE/../alkaid_exto_akL2K_s40/alkaid_ex_bitstream/iter0/vpr_results/checkin/and2_latch/tt_25C_v0p9/post_synth.blif
--fpga_io_map: /home/yhjiang/Downloads/for_xianglong/ID_0167/run/all/AAEE/../alkaid_exto_akL2K_s40/alkaid_ex_bitstream/iter0/arch/io_coordinate.xml
--pin_table: /home/yhjiang/Downloads/for_xianglong/ID_0167/run/all/AAEE/../alkaid_exto_akL2K_s40/alkaid_ex_bitstream/iter0/arch/efpga_io_pin_table.csv
--fpga_fix_pins: fix_pins.place.user
--pin_table_direction_convention: explicit
--no_time_stamp: off
--reduce_error_to_warning: on
--verbose: off
Read /home/yhjiang/work_space/0703_aaee/aaee/etc/device/ALKDLe/openfpga_settings/pcf_dummy.pcf
Read /home/yhjiang/work_space/0703_aaee/aaee/etc/device/ALKDLe/openfpga_settings/pcf_dummy.pcf took 0.00 seconds (max_rss 16.1 MiB, delta_rss +0.0 MiB)
Read the design constraints from a pcf file: /home/yhjiang/work_space/0703_aaee/aaee/etc/device/ALKDLe/openfpga_settings/pcf_dummy.pcf.
Read the blif from a file: /home/yhjiang/Downloads/for_xianglong/ID_0167/run/all/AAEE/../alkaid_exto_akL2K_s40/alkaid_ex_bitstream/iter0/vpr_results/checkin/and2_latch/tt_25C_v0p9/post_synth.blif.
Read I/O Location Map
Read I/O Location Map took 0.01 seconds (max_rss 16.4 MiB, delta_rss +0.4 MiB)
Read the I/O location map from an XML file: /home/yhjiang/Downloads/for_xianglong/ID_0167/run/all/AAEE/../alkaid_exto_akL2K_s40/alkaid_ex_bitstream/iter0/arch/io_coordinate.xml.
Read I/O Pin Table
Read I/O Pin Table took 0.02 seconds (max_rss 16.4 MiB, delta_rss +0.0 MiB)
Read the I/O pin table from a csv file: /home/yhjiang/Downloads/for_xianglong/ID_0167/run/all/AAEE/../alkaid_exto_akL2K_s40/alkaid_ex_bitstream/iter0/arch/efpga_io_pin_table.csv.
Convert PCF data to VPR I/O place data
PCF basic check passed
Convert PCF data to VPR I/O place data took 0.00 seconds (max_rss 16.4 MiB, delta_rss +0.0 MiB)
Warning 1: Directory path is empty and nothing will be created.
Write I/O coordinates to a place file 'fix_pins.place.user'
Write I/O coordinates to a place file 'fix_pins.place.user' took 0.00 seconds (max_rss 16.4 MiB, delta_rss +0.0 MiB)

Command line to execute: pcf2sdc --pcf /home/yhjiang/work_space/0703_aaee/aaee/etc/device/ALKDLe/openfpga_settings/pcf_dummy.pcf --blif /home/yhjiang/Downloads/for_xianglong/ID_0167/run/all/AAEE/../alkaid_exto_akL2K_s40/alkaid_ex_bitstream/iter0/vpr_results/checkin/and2_latch/tt_25C_v0p9/post_synth.blif --pin_table /home/yhjiang/Downloads/for_xianglong/ID_0167/run/all/AAEE/../alkaid_exto_akL2K_s40/alkaid_ex_bitstream/iter0/arch/efpga_io_pin_table.csv --pin_table_direction_convention explicit --input_sdc /home/yhjiang/work_space/0703_aaee/aaee/etc/device/ALKDLe/openfpga_settings/vpr_dummy.sdc --output_sdc /home/yhjiang/Downloads/for_xianglong/ID_0167/run/all/AAEE/../alkaid_exto_akL2K_s40/alkaid_ex_bitstream/iter0/vpr_results/checkin/and2_latch/tt_25C_v0p9/vpr_final.sdc --vpr_arch_file /home/yhjiang/Downloads/for_xianglong/ID_0167/run/all/AAEE/../alkaid_exto_akL2K_s40/alkaid_ex_bitstream/iter0/openfpga_tasks/and2_latch/tt_25C_v0p9/vpr_arch.xml --boundary_timing /home/yhjiang/work_space/0703_aaee/aaee/etc/device/ALKDLe/openfpga_settings/boundary_timing.xml --reduce_error_to_warning  --circuit_format eblif

Confirm selected options when call command 'pcf2sdc':
--pcf: /home/yhjiang/work_space/0703_aaee/aaee/etc/device/ALKDLe/openfpga_settings/pcf_dummy.pcf
--blif: /home/yhjiang/Downloads/for_xianglong/ID_0167/run/all/AAEE/../alkaid_exto_akL2K_s40/alkaid_ex_bitstream/iter0/vpr_results/checkin/and2_latch/tt_25C_v0p9/post_synth.blif
--circuit_format: eblif
--boundary_timing: /home/yhjiang/work_space/0703_aaee/aaee/etc/device/ALKDLe/openfpga_settings/boundary_timing.xml
--pin_table: /home/yhjiang/Downloads/for_xianglong/ID_0167/run/all/AAEE/../alkaid_exto_akL2K_s40/alkaid_ex_bitstream/iter0/arch/efpga_io_pin_table.csv
--input_sdc: /home/yhjiang/work_space/0703_aaee/aaee/etc/device/ALKDLe/openfpga_settings/vpr_dummy.sdc
--output_sdc: /home/yhjiang/Downloads/for_xianglong/ID_0167/run/all/AAEE/../alkaid_exto_akL2K_s40/alkaid_ex_bitstream/iter0/vpr_results/checkin/and2_latch/tt_25C_v0p9/vpr_final.sdc
--vpr_arch_file: /home/yhjiang/Downloads/for_xianglong/ID_0167/run/all/AAEE/../alkaid_exto_akL2K_s40/alkaid_ex_bitstream/iter0/openfpga_tasks/and2_latch/tt_25C_v0p9/vpr_arch.xml
--pin_table_direction_convention: explicit
--reduce_error_to_warning: on
--verbose: off
Read /home/yhjiang/work_space/0703_aaee/aaee/etc/device/ALKDLe/openfpga_settings/pcf_dummy.pcf
Read /home/yhjiang/work_space/0703_aaee/aaee/etc/device/ALKDLe/openfpga_settings/pcf_dummy.pcf took 0.00 seconds (max_rss 16.4 MiB, delta_rss +0.0 MiB)
Read the design constraints from a pcf file: /home/yhjiang/work_space/0703_aaee/aaee/etc/device/ALKDLe/openfpga_settings/pcf_dummy.pcf.
Read the boundary timing file: /home/yhjiang/work_space/0703_aaee/aaee/etc/device/ALKDLe/openfpga_settings/boundary_timing.xml.
Read boundary timing file
Read boundary timing file took 0.00 seconds (max_rss 16.5 MiB, delta_rss +0.1 MiB)
Read I/O Pin Table
Read I/O Pin Table took 0.02 seconds (max_rss 16.5 MiB, delta_rss +0.0 MiB)
Read the I/O pin table from a csv file: /home/yhjiang/Downloads/for_xianglong/ID_0167/run/all/AAEE/../alkaid_exto_akL2K_s40/alkaid_ex_bitstream/iter0/arch/efpga_io_pin_table.csv.
mode 'fle[fle_physical_mode]' is defined by user to be disabled in packing
mode 'fabric[fabric_default_mode]' is defined by user to be disabled in packing
mode 'frac_logic[frac_logic_default_mode]' is defined by user to be disabled in packing
mode 'io_pi[io_pi_physical_mode]' is defined by user to be disabled in packing
mode 'pi_pad[pi_pad_default_mode]' is defined by user to be disabled in packing
mode 'io_pi_ecb56[io_pi_ecb56_physical_mode]' is defined by user to be disabled in packing
mode 'pi_ecb56_pad[pi_ecb56_pad_default_mode]' is defined by user to be disabled in packing
mode 'io_pi_pdc_ecb1[io_pi_pdc_ecb1_physical_mode]' is defined by user to be disabled in packing
mode 'pi_pdc_ecb1_pad[pi_pdc_ecb1_pad_default_mode]' is defined by user to be disabled in packing
mode 'io_po[io_po_physical_mode]' is defined by user to be disabled in packing
mode 'po_pad[po_pad_default_mode]' is defined by user to be disabled in packing
mode 'io_po_cko[io_po_cko_physical_mode]' is defined by user to be disabled in packing
mode 'po_cko_pad[po_cko_pad_default_mode]' is defined by user to be disabled in packing
Found constant-zero generator '$false'
Found constant-one generator '$true'
Found constant-zero generator '$undef'
  Netlist Clock is: clk 

Command line to execute: vpr /home/yhjiang/Downloads/for_xianglong/ID_0167/run/all/AAEE/../alkaid_exto_akL2K_s40/alkaid_ex_bitstream/iter0/openfpga_tasks/and2_latch/tt_25C_v0p9/vpr_arch.xml /home/yhjiang/Downloads/for_xianglong/ID_0167/run/all/AAEE/../alkaid_exto_akL2K_s40/alkaid_ex_bitstream/iter0/vpr_results/checkin/and2_latch/tt_25C_v0p9/post_synth.blif   --clock_modeling ideal   --device ultimate   --route_chan_width 64   --circuit_format eblif   --fix_clusters fix_pins.place.user   --max_router_iterations 400   --read_vpr_constraints /home/yhjiang/Downloads/for_xianglong/ID_0167/run/all/AAEE/../alkaid_exto_akL2K_s40/alkaid_ex_bitstream/iter0/vpr_results/checkin/and2_latch/tt_25C_v0p9/ckbuf_vpr_constraints.xml   --target_ext_pin_util clb:1.000000,1.000000 io:1.000000,1.000000   --write_block_usage /home/yhjiang/Downloads/for_xianglong/ID_0167/run/all/AAEE/../alkaid_exto_akL2K_s40/alkaid_ex_bitstream/iter0/openfpga_tasks/and2_latch/tt_25C_v0p9/block_usage.xml   --place_delay_model delta   --read_placement_delay_lookup /home/yhjiang/Downloads/for_xianglong/ID_0167/run/all/AAEE/../alkaid_exto_akL2K_s40/alkaid_ex_bitstream/iter0/arch/tt_25C_v0p9_placement_delay_lookup.bin   --read_router_lookahead /home/yhjiang/Downloads/for_xianglong/ID_0167/run/all/AAEE/../alkaid_exto_akL2K_s40/alkaid_ex_bitstream/iter0/arch/tt_25C_v0p9_router_lookahead.bin   --read_rr_graph /home/yhjiang/Downloads/for_xianglong/ID_0167/run/all/AAEE/../alkaid_exto_akL2K_s40/alkaid_ex_bitstream/iter0/arch/tt_25C_v0p9_rr_graph.bin   --net_file /home/yhjiang/Downloads/for_xianglong/ID_0167/run/all/AAEE/../alkaid_exto_akL2K_s40/alkaid_ex_bitstream/iter0/vpr_results/checkin/and2_latch/tt_25C_v0p9/vpr.net   --place_file /home/yhjiang/Downloads/for_xianglong/ID_0167/run/all/AAEE/../alkaid_exto_akL2K_s40/alkaid_ex_bitstream/iter0/vpr_results/checkin/and2_latch/tt_25C_v0p9/vpr.place   --route_file /home/yhjiang/Downloads/for_xianglong/ID_0167/run/all/AAEE/../alkaid_exto_akL2K_s40/alkaid_ex_bitstream/iter0/vpr_results/checkin/and2_latch/tt_25C_v0p9/vpr.route   --sdc_file /home/yhjiang/Downloads/for_xianglong/ID_0167/run/all/AAEE/../alkaid_exto_akL2K_s40/alkaid_ex_bitstream/iter0/vpr_results/checkin/and2_latch/tt_25C_v0p9/vpr_final.sdc   --full_stats on   --absorb_buffer_luts on   --timing_report_detail detailed   --timing_report_npaths 100   --skip_sync_clustering_and_routing_results on   --gen_post_synthesis_netlist on   --constant_net_method route
VPR FPGA Placement and Routing.
Version: 9.0.0-dev+v8.0.0-16027-gbc25ddf511
Revision: v8.0.0-16027-gbc25ddf511
Compiled: 2026-07-03T12:38:16
Compiler: GNU 11.4.0 on Linux-3.10.0-1160.el7.x86_64 x86_64
Build Info: debug VTR_ASSERT_LEVEL=2

University of Toronto
verilogtorouting.org
vtr-users@googlegroups.com
This is free open source code under MIT license.

VPR was run with the following command-line:
vpr /home/yhjiang/Downloads/for_xianglong/ID_0167/run/all/AAEE/../alkaid_exto_akL2K_s40/alkaid_ex_bitstream/iter0/openfpga_tasks/and2_latch/tt_25C_v0p9/vpr_arch.xml /home/yhjiang/Downloads/for_xianglong/ID_0167/run/all/AAEE/../alkaid_exto_akL2K_s40/alkaid_ex_bitstream/iter0/vpr_results/checkin/and2_latch/tt_25C_v0p9/post_synth.blif --clock_modeling ideal --device ultimate --route_chan_width 64 --circuit_format eblif --fix_clusters fix_pins.place.user --max_router_iterations 400 --read_vpr_constraints /home/yhjiang/Downloads/for_xianglong/ID_0167/run/all/AAEE/../alkaid_exto_akL2K_s40/alkaid_ex_bitstream/iter0/vpr_results/checkin/and2_latch/tt_25C_v0p9/ckbuf_vpr_constraints.xml --target_ext_pin_util clb:1.000000,1.000000 io:1.000000,1.000000 --write_block_usage /home/yhjiang/Downloads/for_xianglong/ID_0167/run/all/AAEE/../alkaid_exto_akL2K_s40/alkaid_ex_bitstream/iter0/openfpga_tasks/and2_latch/tt_25C_v0p9/block_usage.xml --place_delay_model delta --read_placement_delay_lookup /home/yhjiang/Downloads/for_xianglong/ID_0167/run/all/AAEE/../alkaid_exto_akL2K_s40/alkaid_ex_bitstream/iter0/arch/tt_25C_v0p9_placement_delay_lookup.bin --read_router_lookahead /home/yhjiang/Downloads/for_xianglong/ID_0167/run/all/AAEE/../alkaid_exto_akL2K_s40/alkaid_ex_bitstream/iter0/arch/tt_25C_v0p9_router_lookahead.bin --read_rr_graph /home/yhjiang/Downloads/for_xianglong/ID_0167/run/all/AAEE/../alkaid_exto_akL2K_s40/alkaid_ex_bitstream/iter0/arch/tt_25C_v0p9_rr_graph.bin --net_file /home/yhjiang/Downloads/for_xianglong/ID_0167/run/all/AAEE/../alkaid_exto_akL2K_s40/alkaid_ex_bitstream/iter0/vpr_results/checkin/and2_latch/tt_25C_v0p9/vpr.net --place_file /home/yhjiang/Downloads/for_xianglong/ID_0167/run/all/AAEE/../alkaid_exto_akL2K_s40/alkaid_ex_bitstream/iter0/vpr_results/checkin/and2_latch/tt_25C_v0p9/vpr.place --route_file /home/yhjiang/Downloads/for_xianglong/ID_0167/run/all/AAEE/../alkaid_exto_akL2K_s40/alkaid_ex_bitstream/iter0/vpr_results/checkin/and2_latch/tt_25C_v0p9/vpr.route --sdc_file /home/yhjiang/Downloads/for_xianglong/ID_0167/run/all/AAEE/../alkaid_exto_akL2K_s40/alkaid_ex_bitstream/iter0/vpr_results/checkin/and2_latch/tt_25C_v0p9/vpr_final.sdc --full_stats on --absorb_buffer_luts on --timing_report_detail detailed --timing_report_npaths 100 --skip_sync_clustering_and_routing_results on --gen_post_synthesis_netlist on --constant_net_method route

Using up to 1 parallel worker(s)

Architecture file: /home/yhjiang/Downloads/for_xianglong/ID_0167/run/all/AAEE/../alkaid_exto_akL2K_s40/alkaid_ex_bitstream/iter0/openfpga_tasks/and2_latch/tt_25C_v0p9/vpr_arch.xml
Circuit name: post_synth

# Loading Architecture Description
Warning 2: Model 'io_po' input port 'outpad' has no timing specification (no clock specified to create a sequential input port, not combinationally connected to any outputs, not a clock input)
Warning 3: Model 'io_po' output port 'F2A' has no timing specification (no clock specified to create a sequential output port, not combinationally connected to any inputs, not a clock output)
Warning 4: Model 'io_pi' input port 'A2F' has no timing specification (no clock specified to create a sequential input port, not combinationally connected to any outputs, not a clock input)
Warning 5: Model 'io_pi' output port 'inpad' has no timing specification (no clock specified to create a sequential output port, not combinationally connected to any inputs, not a clock output)
Warning 6: Model 'p_io_scffi' input port 'SR' has no timing specification (no clock specified to create a sequential input port, not combinationally connected to any outputs, not a clock input)
Warning 7: Model 'p_io_scffi' input port 'SC1' has no timing specification (no clock specified to create a sequential input port, not combinationally connected to any outputs, not a clock input)
Warning 8: Model 'p_io_scffi' input port 'SC0' has no timing specification (no clock specified to create a sequential input port, not combinationally connected to any outputs, not a clock input)
Warning 9: Model 'p_io_scffi' input port 'SE1' has no timing specification (no clock specified to create a sequential input port, not combinationally connected to any outputs, not a clock input)
Warning 10: Model 'p_io_scffi' input port 'SE0' has no timing specification (no clock specified to create a sequential input port, not combinationally connected to any outputs, not a clock input)
Warning 11: Model 'p_io_scffi' input port 'DI' has no timing specification (no clock specified to create a sequential input port, not combinationally connected to any outputs, not a clock input)
Warning 12: Model 'p_io_scffi' output port 'SQ' has no timing specification (no clock specified to create a sequential output port, not combinationally connected to any inputs, not a clock output)
Warning 13: Model 'p_io_scffo' input port 'SR' has no timing specification (no clock specified to create a sequential input port, not combinationally connected to any outputs, not a clock input)
Warning 14: Model 'p_io_scffo' input port 'SC1' has no timing specification (no clock specified to create a sequential input port, not combinationally connected to any outputs, not a clock input)
Warning 15: Model 'p_io_scffo' input port 'SC0' has no timing specification (no clock specified to create a sequential input port, not combinationally connected to any outputs, not a clock input)
Warning 16: Model 'p_io_scffo' input port 'SE2' has no timing specification (no clock specified to create a sequential input port, not combinationally connected to any outputs, not a clock input)
Warning 17: Model 'p_io_scffo' input port 'SE0' has no timing specification (no clock specified to create a sequential input port, not combinationally connected to any outputs, not a clock input)
Warning 18: Model 'p_io_scffo' input port 'DI' has no timing specification (no clock specified to create a sequential input port, not combinationally connected to any outputs, not a clock input)
Warning 19: Model 'p_io_scffo' output port 'SQ' has no timing specification (no clock specified to create a sequential output port, not combinationally connected to any inputs, not a clock output)
mode 'fle[fle_physical_mode]' is defined by user to be disabled in packing
mode 'fabric[fabric_default_mode]' is defined by user to be disabled in packing
mode 'frac_logic[frac_logic_default_mode]' is defined by user to be disabled in packing
mode 'io_pi[io_pi_physical_mode]' is defined by user to be disabled in packing
mode 'pi_pad[pi_pad_default_mode]' is defined by user to be disabled in packing
mode 'io_pi_ecb56[io_pi_ecb56_physical_mode]' is defined by user to be disabled in packing
mode 'pi_ecb56_pad[pi_ecb56_pad_default_mode]' is defined by user to be disabled in packing
mode 'io_pi_pdc_ecb1[io_pi_pdc_ecb1_physical_mode]' is defined by user to be disabled in packing
mode 'pi_pdc_ecb1_pad[pi_pdc_ecb1_pad_default_mode]' is defined by user to be disabled in packing
mode 'io_po[io_po_physical_mode]' is defined by user to be disabled in packing
mode 'po_pad[po_pad_default_mode]' is defined by user to be disabled in packing
mode 'io_po_cko[io_po_cko_physical_mode]' is defined by user to be disabled in packing
mode 'po_cko_pad[po_cko_pad_default_mode]' is defined by user to be disabled in packing
# Loading Architecture Description took 0.18 seconds (max_rss 21.8 MiB, delta_rss +0.0 MiB)

Timing analysis: ON
Circuit netlist file: /home/yhjiang/Downloads/for_xianglong/ID_0167/run/all/AAEE/../alkaid_exto_akL2K_s40/alkaid_ex_bitstream/iter0/vpr_results/checkin/and2_latch/tt_25C_v0p9/vpr.net
Circuit placement file: /home/yhjiang/Downloads/for_xianglong/ID_0167/run/all/AAEE/../alkaid_exto_akL2K_s40/alkaid_ex_bitstream/iter0/vpr_results/checkin/and2_latch/tt_25C_v0p9/vpr.place
Circuit routing file: /home/yhjiang/Downloads/for_xianglong/ID_0167/run/all/AAEE/../alkaid_exto_akL2K_s40/alkaid_ex_bitstream/iter0/vpr_results/checkin/and2_latch/tt_25C_v0p9/vpr.route
Circuit SDC file: /home/yhjiang/Downloads/for_xianglong/ID_0167/run/all/AAEE/../alkaid_exto_akL2K_s40/alkaid_ex_bitstream/iter0/vpr_results/checkin/and2_latch/tt_25C_v0p9/vpr_final.sdc
Vpr floorplanning constraints file: /home/yhjiang/Downloads/for_xianglong/ID_0167/run/all/AAEE/../alkaid_exto_akL2K_s40/alkaid_ex_bitstream/iter0/vpr_results/checkin/and2_latch/tt_25C_v0p9/ckbuf_vpr_constraints.xml

Packer: ENABLED
Placer: ENABLED
Analytical Placer: DISABLED
Router: ENABLED
Analysis: SKIP IF PRIOR FAIL

VPR was run with the following options:

netlist_opts.absorb_buffer_luts            : true
netlist_opts.sweep_dangling_primary_ios    : true
netlist_opts.sweep_dangling_nets           : true
netlist_opts.sweep_dangling_blocks         : true
netlist_opts.sweep_constant_primary_outputs: false
netlist_opts.netlist_verbosity             : 1
netlist_opts.const_gen_inference           : COMB_SEQ

packer_opts.allow_unrelated_clustering: auto
packer_opts.timing_gain_weight: 0.750000
packer_opts.connection_gain_weight: 0.900000
packer_opts.cluster_seed_type: BLEND2
packer_opts.connection_driven: true
packer_opts.timing_driven: true
packer_opts.target_external_pin_util: clb:1.000000,1.000000 io:1.000000,1.000000

placer_opts.place_freq: ONCE
placer_opts.place_algorithm: CRITICALITY_TIMING_PLACE
placer_opts.pad_loc_type: FREE
placer_opts.constraints_file: Using constraints file 'fix_pins.place.user'
placer_opts.place_chan_width: 64
placer_opts.congestion_factor: 0.000000
placer_opts.inner_loop_recompute_divider: 0
placer_opts.recompute_crit_iter: 1
placer_opts.timing_tradeoff: 0.500000
placer_opts.td_place_exp_first: 1.000000
placer_opts.td_place_exp_last: 8.000000
placer_opts.delay_offset: 0.000000
placer_opts.delay_ramp_delta_threshold: -1
placer_opts.delay_ramp_slope: 0.000000
placer_opts.tsu_rel_margin: 1.000000
placer_opts.tsu_abs_margin: 0.000000
placer_opts.post_place_timing_report_file: 
placer_opts.allowed_tiles_for_delay_model: 
placer_opts.delay_model_reducer: MIN
placer_opts.delay_model_type: DELTA
placer_opts.rlim_escape_fraction: 0.000000
placer_opts.move_stats_file: 
placer_opts.placement_saves_per_temperature: 0
placer_opts.effort_scaling: CIRCUIT
placer_opts.place_delta_delay_matrix_calculation_method: ASTAR_ROUTE
placer_opts.seed: 1
anneal_sched.type: AUTO_SCHED
anneal_sched.inner_num: 0.500000
placer_opts.anneal_init_t_estimator: EQUILIBRIUM

router_opts.route_type: DETAILED
router_opts.flat_routing: false
router_opts.choke_points: on
router_opts.router_algorithm: TIMING_DRIVEN
router_opts.base_cost_type: DELAY_NORMALIZED_LENGTH
router_opts.fixed_channel_width: 64
router_opts.check_route: FULL
router_opts.acc_fac: 1.000000
router_opts.bb_factor: 3
router_opts.bend_cost: 0.000000
router_opts.first_iter_pres_fac: 0.000000
router_opts.initial_pres_fac: 0.500000
router_opts.pres_fac_mult: 1.300000
router_opts.max_pres_fac: 1000.000000
router_opts.max_router_iterations: 400
router_opts.min_incremental_reroute_fanout: 16
router_opts.initial_acc_cost_chan_congestion_threshold: 0.500000
router_opts.initial_acc_cost_chan_congestion_weight: 0.500000
router_opts.do_check_rr_graph: true
router_opts.verify_binary_search: false
router_opts.min_channel_width_hint: 0
router_opts.read_rr_edge_metadata: false
router_opts.exit_after_first_routing_iteration: false
router_opts.astar_fac: 1.200000
router_opts.astar_offset: 0.000000
router_opts.router_profiler_astar_fac: 1.200000
router_opts.enable_parallel_connection_router: false
router_opts.post_target_prune_fac: 1.200000
router_opts.post_target_prune_offset: 0
router_opts.multi_queue_num_threads: 1
router_opts.multi_queue_num_queues: 2
router_opts.multi_queue_direct_draining: false
router_opts.criticality_exp: 1.000000
router_opts.max_criticality: 0.990000
router_opts.init_wirelength_abort_threshold: 0.850000
router_opts.incr_reroute_delay_ripup: AUTO
router_opts.save_routing_per_iteration: false
router_opts.congested_routing_iteration_threshold_frac: 1.000000
router_opts.high_fanout_threshold: 64
router_opts.router_debug_net: -2
router_opts.router_debug_sink_rr: -2
router_opts.router_debug_iteration: -2
router_opts.max_convergence_count: 1
router_opts.reconvergence_cpd_threshold: 0.990000
router_opts.update_lower_bound_delays: true
router_opts.first_iteration_timing_report_file: 
router_opts.route_bb_update: DYNAMIC
router_opts.lookahead_type: MAP
router_opts.initial_timing: LOOKAHEAD
router_opts.router_heap: FOUR_ARY_HEAP
router_opts.routing_failure_predictor = SAFE
router_opts.routing_budgets_algorithm = DISABLE

analysis_opts.gen_post_synthesis_netlist: true
analysis_opts.gen_post_implementation_merged_netlist: false
analysis_opts.gen_post_implementation_sdc: false
analysis_opts.timing_report_npaths: 100
analysis_opts.timing_report_skew: false
analysis_opts.echo_dot_timing_graph_node: -1
analysis_opts.timing_report_detail: DETAILED_ROUTING
analysis_opts.post_synth_netlist_unconn_input_handling: UNCONNECTED
analysis_opts.post_synth_netlist_unconn_output_handling: UNCONNECTED
analysis_opts.post_synth_netlist_module_parameters: on

# Building complex block graph
Warning 20: io_input[0].sc_in[0] unconnected pin in architecture.
Warning 21: io_input[0].sc_out[0] unconnected pin in architecture.
Warning 22: io_ecb56_input[0].sc_in[0] unconnected pin in architecture.
Warning 23: io_ecb56_input[0].sc_out[0] unconnected pin in architecture.
Warning 24: io_pdc_ecb1_input[0].sc_in[0] unconnected pin in architecture.
Warning 25: io_pdc_ecb1_input[0].sc_out[0] unconnected pin in architecture.
Warning 26: io_output[0].sc_in[0] unconnected pin in architecture.
Warning 27: io_output[0].sc_out[0] unconnected pin in architecture.
Warning 28: io_cko_output[0].sc_in[0] unconnected pin in architecture.
Warning 29: io_cko_output[0].sc_out[0] unconnected pin in architecture.
Warning 30: [LINE 3961] false logically-equivalent pin clb[0].I0[1].
Warning 31: [LINE 3962] false logically-equivalent pin clb[0].I0[2].
Warning 32: [LINE 3963] false logically-equivalent pin clb[0].I0[3].
Warning 33: [LINE 3973] false logically-equivalent pin clb[0].I1[1].
Warning 34: [LINE 3974] false logically-equivalent pin clb[0].I1[2].
Warning 35: [LINE 3975] false logically-equivalent pin clb[0].I1[3].
Warning 36: [LINE 3985] false logically-equivalent pin clb[0].I2[1].
Warning 37: [LINE 3986] false logically-equivalent pin clb[0].I2[2].
Warning 38: [LINE 3987] false logically-equivalent pin clb[0].I2[3].
Warning 39: [LINE 3997] false logically-equivalent pin clb[0].I3[1].
Warning 40: [LINE 3998] false logically-equivalent pin clb[0].I3[2].
Warning 41: [LINE 3999] false logically-equivalent pin clb[0].I3[3].
Warning 42: [LINE 4009] false logically-equivalent pin clb[0].I4[1].
Warning 43: [LINE 4010] false logically-equivalent pin clb[0].I4[2].
Warning 44: [LINE 4011] false logically-equivalent pin clb[0].I4[3].
Warning 45: [LINE 4021] false logically-equivalent pin clb[0].I5[1].
Warning 46: [LINE 4022] false logically-equivalent pin clb[0].I5[2].
Warning 47: [LINE 4023] false logically-equivalent pin clb[0].I5[3].
Warning 48: [LINE 4033] false logically-equivalent pin clb[0].I6[1].
Warning 49: [LINE 4034] false logically-equivalent pin clb[0].I6[2].
Warning 50: [LINE 4035] false logically-equivalent pin clb[0].I6[3].
Warning 51: [LINE 4045] false logically-equivalent pin clb[0].I7[1].
Warning 52: [LINE 4046] false logically-equivalent pin clb[0].I7[2].
Warning 53: [LINE 4047] false logically-equivalent pin clb[0].I7[3].
Warning 54: [LINE 4057] false logically-equivalent pin clb[0].I8[1].
Warning 55: [LINE 4058] false logically-equivalent pin clb[0].I8[2].
Warning 56: [LINE 4059] false logically-equivalent pin clb[0].I8[3].
Warning 57: [LINE 4069] false logically-equivalent pin clb[0].I9[1].
Warning 58: [LINE 4070] false logically-equivalent pin clb[0].I9[2].
Warning 59: [LINE 4071] false logically-equivalent pin clb[0].I9[3].
Warning 60: [LINE 4081] false logically-equivalent pin clb[0].I10[1].
Warning 61: [LINE 4082] false logically-equivalent pin clb[0].I10[2].
Warning 62: [LINE 4083] false logically-equivalent pin clb[0].I10[3].
Warning 63: [LINE 4093] false logically-equivalent pin clb[0].I11[1].
Warning 64: [LINE 4094] false logically-equivalent pin clb[0].I11[2].
Warning 65: [LINE 4095] false logically-equivalent pin clb[0].I11[3].
# Building complex block graph took 0.34 seconds (max_rss 28.0 MiB, delta_rss +6.2 MiB)
# Load circuit
Found constant-zero generator '$false'
Found constant-one generator '$true'
Found constant-zero generator '$undef'
# Load circuit took 0.00 seconds (max_rss 29.1 MiB, delta_rss +1.1 MiB)
# Clean circuit
Absorbed 0 LUT buffers
Inferred    0 additional primitive pins as constant generators since they have no combinationally connected inputs
Inferred    0 additional primitive pins as constant generators due to constant inputs
Inferred    0 additional primitive pins as constant generators since they have no combinationally connected inputs
Inferred    0 additional primitive pins as constant generators due to constant inputs
Inferred    0 additional primitive pins as constant generators since they have no combinationally connected inputs
Inferred    0 additional primitive pins as constant generators due to constant inputs
Swept input(s)      : 0
Swept output(s)     : 0 (0 dangling, 0 constant)
Swept net(s)        : 3
Swept block(s)      : 3
Constant Pins Marked: 0
# Clean circuit took 0.00 seconds (max_rss 29.1 MiB, delta_rss +0.0 MiB)
# Compress circuit
# Compress circuit took 0.00 seconds (max_rss 29.1 MiB, delta_rss +0.0 MiB)
# Verify circuit
# Verify circuit took 0.00 seconds (max_rss 29.3 MiB, delta_rss +0.3 MiB)
Circuit Statistics:
  Blocks: 7
    .input :       3
    .names :       1
        2-LUT:       1
    .output:       2
    dff    :       1
  Nets  : 5
    Avg Fanout:     1.2
    Max Fanout:     2.0
    Min Fanout:     1.0
  Netlist Clocks: 1
# Build Timing Graph
  Timing Graph Nodes: 11
  Timing Graph Edges: 10
  Timing Graph Levels: 4
# Build Timing Graph took 0.00 seconds (max_rss 29.6 MiB, delta_rss +0.3 MiB)
Netlist contains 1 clocks
  Netlist Clock 'clk' Fanout: 1 pins (9.1%), 1 blocks (14.3%)
# Load Timing Constraints

SDC file '/home/yhjiang/Downloads/for_xianglong/ID_0167/run/all/AAEE/../alkaid_exto_akL2K_s40/alkaid_ex_bitstream/iter0/vpr_results/checkin/and2_latch/tt_25C_v0p9/vpr_final.sdc' contained no SDC commands
Setting default timing constraints:
   * constrain all primary inputs and primary outputs on netlist clock 'clk'
   * optimize netlist clock to run as fast as possible
Timing constraints created 1 clocks
  Constrained Clock 'clk' Source: 'clk.inpad[0]'

# Load Timing Constraints took 0.00 seconds (max_rss 30.7 MiB, delta_rss +1.2 MiB)
# Reading VPR constraints from /home/yhjiang/Downloads/for_xianglong/ID_0167/run/all/AAEE/../alkaid_exto_akL2K_s40/alkaid_ex_bitstream/iter0/vpr_results/checkin/and2_latch/tt_25C_v0p9/ckbuf_vpr_constraints.xml
# Reading VPR constraints from /home/yhjiang/Downloads/for_xianglong/ID_0167/run/all/AAEE/../alkaid_exto_akL2K_s40/alkaid_ex_bitstream/iter0/vpr_results/checkin/and2_latch/tt_25C_v0p9/ckbuf_vpr_constraints.xml took 0.00 seconds (max_rss 30.7 MiB, delta_rss +0.0 MiB)
Warning 66: Route constraint(s) detected and will override clock modeling setting.
# Packing
## Prepacker

There is one chain in this architecture called "chain" with the following starting points:
	clb[0]/fle[0]/ale[0]/_fpga_adder_core[0].cin[0]

## Prepacker took 0.01 seconds (max_rss 30.7 MiB, delta_rss +0.0 MiB)
## Initializing Pre-Cluster Timing
Using inter-cluster delay: 8.1152e-09
## Initializing Pre-Cluster Timing took 0.00 seconds (max_rss 31.5 MiB, delta_rss +0.8 MiB)
## Estimate Device Size
Device is fixed to ultimate.
## Estimate Device Size took 0.00 seconds (max_rss 31.5 MiB, delta_rss +0.0 MiB)
## Ram Mapper
No pre-computed RAM groups, running grouping and area assignment.
Inferred 0 logical RAM group(s).
Device ram utilizations after area driven assignment:
Timing pass for logical RAMs.
Max atom criticality: 0.0000 (0 critical group(s)).
Device ram utilizations after timing driven remapping:
## Ram Mapper took 0.00 seconds (max_rss 31.5 MiB, delta_rss +0.0 MiB)
Begin packing '/home/yhjiang/Downloads/for_xianglong/ID_0167/run/all/AAEE/../alkaid_exto_akL2K_s40/alkaid_ex_bitstream/iter0/vpr_results/checkin/and2_latch/tt_25C_v0p9/post_synth.blif'.

After removing unused inputs...
	total blocks: 7, total nets: 5, total inputs: 3, total outputs: 2
Packing with pin utilization targets: clb:1,1 io_bottomL:1,1 io_leftL:1,1 io_leftL_ecb56:1,1 io_rightL:1,1 io_topL:1,1
Packing with high fanout thresholds: clb:32 io_bottomL:128 io_leftL:128 io_leftL_ecb56:128 io_rightL:128 io_topL:128
Starting Clustering - Clustering Progress: 
-------------------   --------------------------   ---------
Molecules processed   Number of clusters created   FPGA size
-------------------   --------------------------   ---------
     1/6        16%                            1    14 x 14    
     2/6        33%                            2    14 x 14    
     3/6        50%                            3    14 x 14    
     4/6        66%                            4    14 x 14    
     5/6        83%                            5    14 x 14    
     6/6       100%                            6    14 x 14    

Logic Element (fle) detailed count:
  Total number of Logic Elements used : 1
  LEs used for logic and registers    : 0
  LEs used for logic only             : 1
  LEs used for registers only         : 0

FPGA sized to 14 x 14 (ultimate)
Device Utilization: 0.00 (target 1.00)
	Block Utilization: 0.00 Type: clb
	Block Utilization: 0.00 Type: io_pi
	Block Utilization: 0.00 Type: io_po

Final Clustering Statistics: 
----------   --------   ------------------------------------   --------------------------
Block Type   # Blocks   Avg. # of input clocks and pins used   Avg. # of output pins used
----------   --------   ------------------------------------   --------------------------
     EMPTY          0                                      0                            0   
     ckbuf          0                                      0                            0   
       clb          1                                      2                            1   
     io_pi          3                                      0                            1   
io_pi_ecb56          0                                      0                            0   
io_pi_pdc_ecb1          0                                      0                            0   
     io_po          2                                    1.5                            0   
 io_po_cko          0                                      0                            0   
Absorbed logical nets 1 out of 5 nets, 4 nets not absorbed.

Netlist conversion complete.

Incr Slack updates 1 in 6.552e-06 sec
Full Max Req/Worst Slack updates 1 in 9.167e-06 sec
Incr Max Req/Worst Slack updates 0 in 0 sec
Incr Criticality updates 0 in 0 sec
Full Criticality updates 1 in 1.4167e-05 sec
# Packing took 0.04 seconds (max_rss 32.4 MiB, delta_rss +1.7 MiB)
# Load packing
## Loading packed FPGA netlist file.
Netlist generated from file '/home/yhjiang/Downloads/for_xianglong/ID_0167/run/all/AAEE/../alkaid_exto_akL2K_s40/alkaid_ex_bitstream/iter0/vpr_results/checkin/and2_latch/tt_25C_v0p9/vpr.net'.
Detected 0 constant generators (to see names run with higher pack verbosity)
## Loading packed FPGA netlist file. took 0.00 seconds (max_rss 32.6 MiB, delta_rss +0.2 MiB)
Completed clustering consistency check successfully.
Cluster level netlist and block usage statistics
Netlist num_nets: 4
Netlist num_blocks: 6
Netlist EMPTY blocks: 0.
Netlist ckbuf blocks: 0.
Netlist clb blocks: 1.
Netlist io_pi blocks: 3.
Netlist io_pi_ecb56 blocks: 0.
Netlist io_pi_pdc_ecb1 blocks: 0.
Netlist io_po blocks: 2.
Netlist io_po_cko blocks: 0.
Netlist inputs pins: 3
Netlist output pins: 3

Pb types usage...
  clb                 : 1
   fle                : 1
    lut4inter         : 1
     ble4             : 1
      lut4            : 1
       lut            : 1
  io_pi               : 3
   io_input           : 3
    builtin_inpad     : 3
  io_po               : 2
   io_output          : 2
    builtin_outpad    : 2
    v_io_scffo        : 1
     p_io_scffo_dff   : 1

# Load packing took 0.09 seconds (max_rss 70.7 MiB, delta_rss +38.3 MiB)
# Create Device
## Build Device Grid
FPGA sized to 14 x 14: 196 grid tiles (ultimate)
## Build Device Grid took 0.00 seconds (max_rss 70.7 MiB, delta_rss +0.0 MiB)
## Loading routing resource graph

Warning 67: This RR graph file is Generated from arch file /home/yhjiang/Downloads/for_xianglong/ID_0167/run/all/AAEE/../alkaid_exto_akL2K_s40/alkaid_ex_arch/iter0/openfpga_tasks/ultimate/generate_device_data/tt_25C_v0p9/vpr_arch.xml while your input architecture file is /home/yhjiang/Downloads/for_xianglong/ID_0167/run/all/AAEE/../alkaid_exto_akL2K_s40/alkaid_ex_bitstream/iter0/openfpga_tasks/and2_latch/tt_25C_v0p9/vpr_arch.xml, compatibility issues may arise

Warning 68: Node: 31858 with RR_type: CHANX  at Location:CHANX:31858 L1x length:1 (0,0,0) -> (0,0,0), had no out-going switches
Warning 69: Node: 31860 with RR_type: CHANX  at Location:CHANX:31860 L1x length:1 (0,0,0) -> (0,0,0), had no out-going switches
Warning 70: Node: 31862 with RR_type: CHANX  at Location:CHANX:31862 L1x length:1 (0,0,0) -> (0,0,0), had no out-going switches
Warning 71: Node: 31864 with RR_type: CHANX  at Location:CHANX:31864 L1x length:1 (0,0,0) -> (0,0,0), had no out-going switches
Warning 72: Node: 31866 with RR_type: CHANX  at Location:CHANX:31866 L1x length:1 (0,0,0) -> (0,0,0), had no out-going switches
Warning 73: Node: 31868 with RR_type: CHANX  at Location:CHANX:31868 L1x length:1 (0,0,0) -> (0,0,0), had no out-going switches
Warning 74: Node: 31870 with RR_type: CHANX  at Location:CHANX:31870 L2x length:2 (0,0,0) -> (1,0,0), had no out-going switches
Warning 75: Node: 31872 with RR_type: CHANX  at Location:CHANX:31872 L2x length:1 (0,0,0) -> (0,0,0), had no out-going switches
Warning 76: Node: 31874 with RR_type: CHANX  at Location:CHANX:31874 L2x length:2 (0,0,0) -> (1,0,0), had no out-going switches
Warning 77: Node: 31876 with RR_type: CHANX  at Location:CHANX:31876 L2x length:1 (0,0,0) -> (0,0,0), had no out-going switches
Warning 78: Node: 31878 with RR_type: CHANX  at Location:CHANX:31878 L2x length:2 (0,0,0) -> (1,0,0), had no out-going switches
Warning 79: Node: 31880 with RR_type: CHANX  at Location:CHANX:31880 L2x length:1 (0,0,0) -> (0,0,0), had no out-going switches
Warning 80: Node: 31882 with RR_type: CHANX  at Location:CHANX:31882 L4x length:4 (0,0,0) -> (3,0,0), had no out-going switches
Warning 81: Node: 31884 with RR_type: CHANX  at Location:CHANX:31884 L4x length:3 (0,0,0) -> (2,0,0), had no out-going switches
Warning 82: Node: 31886 with RR_type: CHANX  at Location:CHANX:31886 L4x length:2 (0,0,0) -> (1,0,0), had no out-going switches
Warning 83: Node: 31888 with RR_type: CHANX  at Location:CHANX:31888 L4x length:1 (0,0,0) -> (0,0,0), had no out-going switches
Warning 84: Node: 31890 with RR_type: CHANX  at Location:CHANX:31890 L4x length:4 (0,0,0) -> (3,0,0), had no out-going switches
Warning 85: Node: 31892 with RR_type: CHANX  at Location:CHANX:31892 L4x length:3 (0,0,0) -> (2,0,0), had no out-going switches
Warning 86: Node: 31894 with RR_type: CHANX  at Location:CHANX:31894 L4x length:2 (0,0,0) -> (1,0,0), had no out-going switches
Warning 87: Node: 31896 with RR_type: CHANX  at Location:CHANX:31896 L4x length:1 (0,0,0) -> (0,0,0), had no out-going switches
Warning 88: Node: 31898 with RR_type: CHANX  at Location:CHANX:31898 L4x length:4 (0,0,0) -> (3,0,0), had no out-going switches
Warning 89: Node: 31900 with RR_type: CHANX  at Location:CHANX:31900 L4x length:3 (0,0,0) -> (2,0,0), had no out-going switches
Warning 90: Node: 31902 with RR_type: CHANX  at Location:CHANX:31902 L4x length:2 (0,0,0) -> (1,0,0), had no out-going switches
Warning 91: Node: 31904 with RR_type: CHANX  at Location:CHANX:31904 L4x length:1 (0,0,0) -> (0,0,0), had no out-going switches
Warning 92: Node: 31906 with RR_type: CHANX  at Location:CHANX:31906 L4x length:4 (0,0,0) -> (3,0,0), had no out-going switches
Warning 93: Node: 31908 with RR_type: CHANX  at Location:CHANX:31908 L4x length:3 (0,0,0) -> (2,0,0), had no out-going switches
Warning 94: Node: 31910 with RR_type: CHANX  at Location:CHANX:31910 L4x length:2 (0,0,0) -> (1,0,0), had no out-going switches
Warning 95: Node: 31912 with RR_type: CHANX  at Location:CHANX:31912 L4x length:1 (0,0,0) -> (0,0,0), had no out-going switches
Warning 96: Node: 31914 with RR_type: CHANX  at Location:CHANX:31914 L4x length:4 (0,0,0) -> (3,0,0), had no out-going switches
Warning 97: Node: 31916 with RR_type: CHANX  at Location:CHANX:31916 L4x length:3 (0,0,0) -> (2,0,0), had no out-going switches
Warning 98: Node: 31918 with RR_type: CHANX  at Location:CHANX:31918 L4x length:2 (0,0,0) -> (1,0,0), had no out-going switches
Warning 99: Node: 31920 with RR_type: CHANX  at Location:CHANX:31920 L4x length:1 (0,0,0) -> (0,0,0), had no out-going switches
Warning 100: Node: 32193 with RR_type: CHANX  at Location:CHANX:32193 L4x length:4 (13,0,0) -> (10,0,0), had no out-going switches
Warning 101: Node: 32195 with RR_type: CHANX  at Location:CHANX:32195 L4x length:4 (13,0,0) -> (10,0,0), had no out-going switches
Warning 102: Node: 32197 with RR_type: CHANX  at Location:CHANX:32197 L4x length:4 (13,0,0) -> (10,0,0), had no out-going switches
Warning 103: Node: 32199 with RR_type: CHANX  at Location:CHANX:32199 L4x length:4 (13,0,0) -> (10,0,0), had no out-going switches
Warning 104: Node: 32201 with RR_type: CHANX  at Location:CHANX:32201 L4x length:4 (13,0,0) -> (10,0,0), had no out-going switches
Warning 105: Node: 32221 with RR_type: CHANX  at Location:CHANX:32221 L4x length:3 (13,0,0) -> (11,0,0), had no out-going switches
Warning 106: Node: 32223 with RR_type: CHANX  at Location:CHANX:32223 L4x length:3 (13,0,0) -> (11,0,0), had no out-going switches
Warning 107: Node: 32225 with RR_type: CHANX  at Location:CHANX:32225 L4x length:3 (13,0,0) -> (11,0,0), had no out-going switches
Warning 108: Node: 32227 with RR_type: CHANX  at Location:CHANX:32227 L4x length:3 (13,0,0) -> (11,0,0), had no out-going switches
Warning 109: Node: 32229 with RR_type: CHANX  at Location:CHANX:32229 L4x length:3 (13,0,0) -> (11,0,0), had no out-going switches
Warning 110: Node: 32243 with RR_type: CHANX  at Location:CHANX:32243 L2x length:2 (13,0,0) -> (12,0,0), had no out-going switches
Warning 111: Node: 32245 with RR_type: CHANX  at Location:CHANX:32245 L2x length:2 (13,0,0) -> (12,0,0), had no out-going switches
Warning 112: Node: 32247 with RR_type: CHANX  at Location:CHANX:32247 L2x length:2 (13,0,0) -> (12,0,0), had no out-going switches
Warning 113: Node: 32249 with RR_type: CHANX  at Location:CHANX:32249 L4x length:2 (13,0,0) -> (12,0,0), had no out-going switches
Warning 114: Node: 32251 with RR_type: CHANX  at Location:CHANX:32251 L4x length:2 (13,0,0) -> (12,0,0), had no out-going switches
Warning 115: Node: 32253 with RR_type: CHANX  at Location:CHANX:32253 L4x length:2 (13,0,0) -> (12,0,0), had no out-going switches
Warning 116: Node: 32255 with RR_type: CHANX  at Location:CHANX:32255 L4x length:2 (13,0,0) -> (12,0,0), had no out-going switches
Warning 117: Node: 32257 with RR_type: CHANX  at Location:CHANX:32257 L4x length:2 (13,0,0) -> (12,0,0), had no out-going switches
Warning 118: Node: 32259 with RR_type: CHANX  at Location:CHANX:32259 L1x length:1 (13,0,0) -> (13,0,0), had no out-going switches
Warning 119: Node: 32261 with RR_type: CHANX  at Location:CHANX:32261 L1x length:1 (13,0,0) -> (13,0,0), had no out-going switches
Warning 120: Node: 32263 with RR_type: CHANX  at Location:CHANX:32263 L1x length:1 (13,0,0) -> (13,0,0), had no out-going switches
Warning 121: Node: 32265 with RR_type: CHANX  at Location:CHANX:32265 L1x length:1 (13,0,0) -> (13,0,0), had no out-going switches
Warning 122: Node: 32267 with RR_type: CHANX  at Location:CHANX:32267 L1x length:1 (13,0,0) -> (13,0,0), had no out-going switches
Warning 123: Node: 32269 with RR_type: CHANX  at Location:CHANX:32269 L1x length:1 (13,0,0) -> (13,0,0), had no out-going switches
Warning 124: Node: 32271 with RR_type: CHANX  at Location:CHANX:32271 L2x length:1 (13,0,0) -> (13,0,0), had no out-going switches
Warning 125: Node: 32273 with RR_type: CHANX  at Location:CHANX:32273 L2x length:1 (13,0,0) -> (13,0,0), had no out-going switches
Warning 126: Node: 32275 with RR_type: CHANX  at Location:CHANX:32275 L2x length:1 (13,0,0) -> (13,0,0), had no out-going switches
Warning 127: Node: 32277 with RR_type: CHANX  at Location:CHANX:32277 L4x length:1 (13,0,0) -> (13,0,0), had no out-going switches
Warning 128: Node: 32279 with RR_type: CHANX  at Location:CHANX:32279 L4x length:1 (13,0,0) -> (13,0,0), had no out-going switches
Warning 129: Node: 32281 with RR_type: CHANX  at Location:CHANX:32281 L4x length:1 (13,0,0) -> (13,0,0), had no out-going switches
Warning 130: Node: 32283 with RR_type: CHANX  at Location:CHANX:32283 L4x length:1 (13,0,0) -> (13,0,0), had no out-going switches
Warning 131: Node: 32285 with RR_type: CHANX  at Location:CHANX:32285 L4x length:1 (13,0,0) -> (13,0,0), had no out-going switches
Warning 132: Node: 32286 with RR_type: CHANX  at Location:CHANX:32286 L1x length:1 (0,1,0) -> (0,1,0), had no out-going switches
Warning 133: Node: 32288 with RR_type: CHANX  at Location:CHANX:32288 L1x length:1 (0,1,0) -> (0,1,0), had no out-going switches
Warning 134: Node: 32290 with RR_type: CHANX  at Location:CHANX:32290 L1x length:1 (0,1,0) -> (0,1,0), had no out-going switches
Warning 135: Node: 32292 with RR_type: CHANX  at Location:CHANX:32292 L1x length:1 (0,1,0) -> (0,1,0), had no out-going switches
Warning 136: Node: 32294 with RR_type: CHANX  at Location:CHANX:32294 L1x length:1 (0,1,0) -> (0,1,0), had no out-going switches
Warning 137: Node: 32296 with RR_type: CHANX  at Location:CHANX:32296 L1x length:1 (0,1,0) -> (0,1,0), had no out-going switches
Warning 138: Node: 32298 with RR_type: CHANX  at Location:CHANX:32298 L2x length:2 (0,1,0) -> (1,1,0), had no out-going switches
Warning 139: Node: 32300 with RR_type: CHANX  at Location:CHANX:32300 L2x length:1 (0,1,0) -> (0,1,0), had no out-going switches
Warning 140: Node: 32302 with RR_type: CHANX  at Location:CHANX:32302 L2x length:2 (0,1,0) -> (1,1,0), had no out-going switches
Warning 141: Node: 32304 with RR_type: CHANX  at Location:CHANX:32304 L2x length:1 (0,1,0) -> (0,1,0), had no out-going switches
Warning 142: Node: 32306 with RR_type: CHANX  at Location:CHANX:32306 L2x length:2 (0,1,0) -> (1,1,0), had no out-going switches
Warning 143: Node: 32308 with RR_type: CHANX  at Location:CHANX:32308 L2x length:1 (0,1,0) -> (0,1,0), had no out-going switches
Warning 144: Node: 32310 with RR_type: CHANX  at Location:CHANX:32310 L4x length:4 (0,1,0) -> (3,1,0), had no out-going switches
Warning 145: Node: 32312 with RR_type: CHANX  at Location:CHANX:32312 L4x length:3 (0,1,0) -> (2,1,0), had no out-going switches
Warning 146: Node: 32314 with RR_type: CHANX  at Location:CHANX:32314 L4x length:2 (0,1,0) -> (1,1,0), had no out-going switches
Warning 147: Node: 32316 with RR_type: CHANX  at Location:CHANX:32316 L4x length:1 (0,1,0) -> (0,1,0), had no out-going switches
Warning 148: Node: 32318 with RR_type: CHANX  at Location:CHANX:32318 L4x length:4 (0,1,0) -> (3,1,0), had no out-going switches
Warning 149: Node: 32320 with RR_type: CHANX  at Location:CHANX:32320 L4x length:3 (0,1,0) -> (2,1,0), had no out-going switches
Warning 150: Node: 32322 with RR_type: CHANX  at Location:CHANX:32322 L4x length:2 (0,1,0) -> (1,1,0), had no out-going switches
Warning 151: Node: 32324 with RR_type: CHANX  at Location:CHANX:32324 L4x length:1 (0,1,0) -> (0,1,0), had no out-going switches
Warning 152: Node: 32326 with RR_type: CHANX  at Location:CHANX:32326 L4x length:4 (0,1,0) -> (3,1,0), had no out-going switches
Warning 153: Node: 32328 with RR_type: CHANX  at Location:CHANX:32328 L4x length:3 (0,1,0) -> (2,1,0), had no out-going switches
Warning 154: Node: 32330 with RR_type: CHANX  at Location:CHANX:32330 L4x length:2 (0,1,0) -> (1,1,0), had no out-going switches
Warning 155: Node: 32332 with RR_type: CHANX  at Location:CHANX:32332 L4x length:1 (0,1,0) -> (0,1,0), had no out-going switches
Warning 156: Node: 32334 with RR_type: CHANX  at Location:CHANX:32334 L4x length:4 (0,1,0) -> (3,1,0), had no out-going switches
Warning 157: Node: 32336 with RR_type: CHANX  at Location:CHANX:32336 L4x length:3 (0,1,0) -> (2,1,0), had no out-going switches
Warning 158: Node: 32338 with RR_type: CHANX  at Location:CHANX:32338 L4x length:2 (0,1,0) -> (1,1,0), had no out-going switches
Warning 159: Node: 32340 with RR_type: CHANX  at Location:CHANX:32340 L4x length:1 (0,1,0) -> (0,1,0), had no out-going switches
Warning 160: Node: 32342 with RR_type: CHANX  at Location:CHANX:32342 L4x length:4 (0,1,0) -> (3,1,0), had no out-going switches
Warning 161: Node: 32344 with RR_type: CHANX  at Location:CHANX:32344 L4x length:3 (0,1,0) -> (2,1,0), had no out-going switches
Warning 162: Node: 32346 with RR_type: CHANX  at Location:CHANX:32346 L4x length:2 (0,1,0) -> (1,1,0), had no out-going switches
Warning 163: Node: 32348 with RR_type: CHANX  at Location:CHANX:32348 L4x length:1 (0,1,0) -> (0,1,0), had no out-going switches
Warning 164: Node: 32621 with RR_type: CHANX  at Location:CHANX:32621 L4x length:4 (13,1,0) -> (10,1,0), had no out-going switches
Warning 165: Node: 32623 with RR_type: CHANX  at Location:CHANX:32623 L4x length:4 (13,1,0) -> (10,1,0), had no out-going switches
Warning 166: Node: 32625 with RR_type: CHANX  at Location:CHANX:32625 L4x length:4 (13,1,0) -> (10,1,0), had no out-going switches
Warning 167: Node: 32627 with RR_type: CHANX  at Location:CHANX:32627 L4x length:4 (13,1,0) -> (10,1,0), had no out-going switches
Warning 168: Node: 32629 with RR_type: CHANX  at Location:CHANX:32629 L4x length:4 (13,1,0) -> (10,1,0), had no out-going switches
Warning 169: Node: 32649 with RR_type: CHANX  at Location:CHANX:32649 L4x length:3 (13,1,0) -> (11,1,0), had no out-going switches
Warning 170: Node: 32651 with RR_type: CHANX  at Location:CHANX:32651 L4x length:3 (13,1,0) -> (11,1,0), had no out-going switches
Warning 171: Node: 32653 with RR_type: CHANX  at Location:CHANX:32653 L4x length:3 (13,1,0) -> (11,1,0), had no out-going switches
Warning 172: Node: 32655 with RR_type: CHANX  at Location:CHANX:32655 L4x length:3 (13,1,0) -> (11,1,0), had no out-going switches
Warning 173: Node: 32657 with RR_type: CHANX  at Location:CHANX:32657 L4x length:3 (13,1,0) -> (11,1,0), had no out-going switches
Warning 174: Node: 32671 with RR_type: CHANX  at Location:CHANX:32671 L2x length:2 (13,1,0) -> (12,1,0), had no out-going switches
Warning 175: Node: 32673 with RR_type: CHANX  at Location:CHANX:32673 L2x length:2 (13,1,0) -> (12,1,0), had no out-going switches
Warning 176: Node: 32675 with RR_type: CHANX  at Location:CHANX:32675 L2x length:2 (13,1,0) -> (12,1,0), had no out-going switches
Warning 177: Node: 32677 with RR_type: CHANX  at Location:CHANX:32677 L4x length:2 (13,1,0) -> (12,1,0), had no out-going switches
Warning 178: Node: 32679 with RR_type: CHANX  at Location:CHANX:32679 L4x length:2 (13,1,0) -> (12,1,0), had no out-going switches
Warning 179: Node: 32681 with RR_type: CHANX  at Location:CHANX:32681 L4x length:2 (13,1,0) -> (12,1,0), had no out-going switches
Warning 180: Node: 32683 with RR_type: CHANX  at Location:CHANX:32683 L4x length:2 (13,1,0) -> (12,1,0), had no out-going switches
Warning 181: Node: 32685 with RR_type: CHANX  at Location:CHANX:32685 L4x length:2 (13,1,0) -> (12,1,0), had no out-going switches
Warning 182: Node: 32687 with RR_type: CHANX  at Location:CHANX:32687 L1x length:1 (13,1,0) -> (13,1,0), had no out-going switches
Warning 183: Node: 32689 with RR_type: CHANX  at Location:CHANX:32689 L1x length:1 (13,1,0) -> (13,1,0), had no out-going switches
Warning 184: Node: 32691 with RR_type: CHANX  at Location:CHANX:32691 L1x length:1 (13,1,0) -> (13,1,0), had no out-going switches
Warning 185: Node: 32693 with RR_type: CHANX  at Location:CHANX:32693 L1x length:1 (13,1,0) -> (13,1,0), had no out-going switches
Warning 186: Node: 32695 with RR_type: CHANX  at Location:CHANX:32695 L1x length:1 (13,1,0) -> (13,1,0), had no out-going switches
Warning 187: Node: 32697 with RR_type: CHANX  at Location:CHANX:32697 L1x length:1 (13,1,0) -> (13,1,0), had no out-going switches
Warning 188: Node: 32699 with RR_type: CHANX  at Location:CHANX:32699 L2x length:1 (13,1,0) -> (13,1,0), had no out-going switches
Warning 189: Node: 32701 with RR_type: CHANX  at Location:CHANX:32701 L2x length:1 (13,1,0) -> (13,1,0), had no out-going switches
Warning 190: Node: 32703 with RR_type: CHANX  at Location:CHANX:32703 L2x length:1 (13,1,0) -> (13,1,0), had no out-going switches
Warning 191: Node: 32705 with RR_type: CHANX  at Location:CHANX:32705 L4x length:1 (13,1,0) -> (13,1,0), had no out-going switches
Warning 192: Node: 32707 with RR_type: CHANX  at Location:CHANX:32707 L4x length:1 (13,1,0) -> (13,1,0), had no out-going switches
Warning 193: Node: 32709 with RR_type: CHANX  at Location:CHANX:32709 L4x length:1 (13,1,0) -> (13,1,0), had no out-going switches
Warning 194: Node: 32711 with RR_type: CHANX  at Location:CHANX:32711 L4x length:1 (13,1,0) -> (13,1,0), had no out-going switches
Warning 195: Node: 32713 with RR_type: CHANX  at Location:CHANX:32713 L4x length:1 (13,1,0) -> (13,1,0), had no out-going switches
Warning 196: Node: 32714 with RR_type: CHANX  at Location:CHANX:32714 L1x length:1 (0,2,0) -> (0,2,0), had no out-going switches
Warning 197: Node: 32716 with RR_type: CHANX  at Location:CHANX:32716 L1x length:1 (0,2,0) -> (0,2,0), had no out-going switches
Warning 198: Node: 32718 with RR_type: CHANX  at Location:CHANX:32718 L1x length:1 (0,2,0) -> (0,2,0), had no out-going switches
Warning 199: Node: 32720 with RR_type: CHANX  at Location:CHANX:32720 L1x length:1 (0,2,0) -> (0,2,0), had no out-going switches
Warning 200: Node: 32722 with RR_type: CHANX  at Location:CHANX:32722 L1x length:1 (0,2,0) -> (0,2,0), had no out-going switches
Warning 201: Node: 32724 with RR_type: CHANX  at Location:CHANX:32724 L1x length:1 (0,2,0) -> (0,2,0), had no out-going switches
Warning 202: Node: 32726 with RR_type: CHANX  at Location:CHANX:32726 L2x length:2 (0,2,0) -> (1,2,0), had no out-going switches
Warning 203: Node: 32728 with RR_type: CHANX  at Location:CHANX:32728 L2x length:1 (0,2,0) -> (0,2,0), had no out-going switches
Warning 204: Node: 32730 with RR_type: CHANX  at Location:CHANX:32730 L2x length:2 (0,2,0) -> (1,2,0), had no out-going switches
Warning 205: Node: 32732 with RR_type: CHANX  at Location:CHANX:32732 L2x length:1 (0,2,0) -> (0,2,0), had no out-going switches
Warning 206: Node: 32734 with RR_type: CHANX  at Location:CHANX:32734 L2x length:2 (0,2,0) -> (1,2,0), had no out-going switches
Warning 207: Node: 32736 with RR_type: CHANX  at Location:CHANX:32736 L2x length:1 (0,2,0) -> (0,2,0), had no out-going switches
Warning 208: Node: 32738 with RR_type: CHANX  at Location:CHANX:32738 L4x length:4 (0,2,0) -> (3,2,0), had no out-going switches
Warning 209: Node: 32740 with RR_type: CHANX  at Location:CHANX:32740 L4x length:3 (0,2,0) -> (2,2,0), had no out-going switches
Warning 210: Node: 32742 with RR_type: CHANX  at Location:CHANX:32742 L4x length:2 (0,2,0) -> (1,2,0), had no out-going switches
Warning 211: Node: 32744 with RR_type: CHANX  at Location:CHANX:32744 L4x length:1 (0,2,0) -> (0,2,0), had no out-going switches
Warning 212: Node: 32746 with RR_type: CHANX  at Location:CHANX:32746 L4x length:4 (0,2,0) -> (3,2,0), had no out-going switches
Warning 213: Node: 32748 with RR_type: CHANX  at Location:CHANX:32748 L4x length:3 (0,2,0) -> (2,2,0), had no out-going switches
Warning 214: Node: 32750 with RR_type: CHANX  at Location:CHANX:32750 L4x length:2 (0,2,0) -> (1,2,0), had no out-going switches
Warning 215: Node: 32752 with RR_type: CHANX  at Location:CHANX:32752 L4x length:1 (0,2,0) -> (0,2,0), had no out-going switches
Warning 216: Node: 32754 with RR_type: CHANX  at Location:CHANX:32754 L4x length:4 (0,2,0) -> (3,2,0), had no out-going switches
Warning 217: Node: 32756 with RR_type: CHANX  at Location:CHANX:32756 L4x length:3 (0,2,0) -> (2,2,0), had no out-going switches
Warning 218: Node: 32758 with RR_type: CHANX  at Location:CHANX:32758 L4x length:2 (0,2,0) -> (1,2,0), had no out-going switches
Warning 219: Node: 32760 with RR_type: CHANX  at Location:CHANX:32760 L4x length:1 (0,2,0) -> (0,2,0), had no out-going switches
Warning 220: Node: 32762 with RR_type: CHANX  at Location:CHANX:32762 L4x length:4 (0,2,0) -> (3,2,0), had no out-going switches
Warning 221: Node: 32764 with RR_type: CHANX  at Location:CHANX:32764 L4x length:3 (0,2,0) -> (2,2,0), had no out-going switches
Warning 222: Node: 32766 with RR_type: CHANX  at Location:CHANX:32766 L4x length:2 (0,2,0) -> (1,2,0), had no out-going switches
Warning 223: Node: 32768 with RR_type: CHANX  at Location:CHANX:32768 L4x length:1 (0,2,0) -> (0,2,0), had no out-going switches
Warning 224: Node: 32770 with RR_type: CHANX  at Location:CHANX:32770 L4x length:4 (0,2,0) -> (3,2,0), had no out-going switches
Warning 225: Node: 32772 with RR_type: CHANX  at Location:CHANX:32772 L4x length:3 (0,2,0) -> (2,2,0), had no out-going switches
Warning 226: Node: 32774 with RR_type: CHANX  at Location:CHANX:32774 L4x length:2 (0,2,0) -> (1,2,0), had no out-going switches
Warning 227: Node: 32776 with RR_type: CHANX  at Location:CHANX:32776 L4x length:1 (0,2,0) -> (0,2,0), had no out-going switches
Warning 228: Node: 33049 with RR_type: CHANX  at Location:CHANX:33049 L4x length:4 (13,2,0) -> (10,2,0), had no out-going switches
Warning 229: Node: 33051 with RR_type: CHANX  at Location:CHANX:33051 L4x length:4 (13,2,0) -> (10,2,0), had no out-going switches
Warning 230: Node: 33053 with RR_type: CHANX  at Location:CHANX:33053 L4x length:4 (13,2,0) -> (10,2,0), had no out-going switches
Warning 231: Node: 33055 with RR_type: CHANX  at Location:CHANX:33055 L4x length:4 (13,2,0) -> (10,2,0), had no out-going switches
Warning 232: Node: 33057 with RR_type: CHANX  at Location:CHANX:33057 L4x length:4 (13,2,0) -> (10,2,0), had no out-going switches
Warning 233: Node: 33077 with RR_type: CHANX  at Location:CHANX:33077 L4x length:3 (13,2,0) -> (11,2,0), had no out-going switches
Warning 234: Node: 33079 with RR_type: CHANX  at Location:CHANX:33079 L4x length:3 (13,2,0) -> (11,2,0), had no out-going switches
Warning 235: Node: 33081 with RR_type: CHANX  at Location:CHANX:33081 L4x length:3 (13,2,0) -> (11,2,0), had no out-going switches
Warning 236: Node: 33083 with RR_type: CHANX  at Location:CHANX:33083 L4x length:3 (13,2,0) -> (11,2,0), had no out-going switches
Warning 237: Node: 33085 with RR_type: CHANX  at Location:CHANX:33085 L4x length:3 (13,2,0) -> (11,2,0), had no out-going switches
Warning 238: Node: 33099 with RR_type: CHANX  at Location:CHANX:33099 L2x length:2 (13,2,0) -> (12,2,0), had no out-going switches
Warning 239: Node: 33101 with RR_type: CHANX  at Location:CHANX:33101 L2x length:2 (13,2,0) -> (12,2,0), had no out-going switches
Warning 240: Node: 33103 with RR_type: CHANX  at Location:CHANX:33103 L2x length:2 (13,2,0) -> (12,2,0), had no out-going switches
Warning 241: Node: 33105 with RR_type: CHANX  at Location:CHANX:33105 L4x length:2 (13,2,0) -> (12,2,0), had no out-going switches
Warning 242: Node: 33107 with RR_type: CHANX  at Location:CHANX:33107 L4x length:2 (13,2,0) -> (12,2,0), had no out-going switches
Warning 243: Node: 33109 with RR_type: CHANX  at Location:CHANX:33109 L4x length:2 (13,2,0) -> (12,2,0), had no out-going switches
Warning 244: Node: 33111 with RR_type: CHANX  at Location:CHANX:33111 L4x length:2 (13,2,0) -> (12,2,0), had no out-going switches
Warning 245: Node: 33113 with RR_type: CHANX  at Location:CHANX:33113 L4x length:2 (13,2,0) -> (12,2,0), had no out-going switches
Warning 246: Node: 33115 with RR_type: CHANX  at Location:CHANX:33115 L1x length:1 (13,2,0) -> (13,2,0), had no out-going switches
Warning 247: Node: 33117 with RR_type: CHANX  at Location:CHANX:33117 L1x length:1 (13,2,0) -> (13,2,0), had no out-going switches
Warning 248: Node: 33119 with RR_type: CHANX  at Location:CHANX:33119 L1x length:1 (13,2,0) -> (13,2,0), had no out-going switches
Warning 249: Node: 33121 with RR_type: CHANX  at Location:CHANX:33121 L1x length:1 (13,2,0) -> (13,2,0), had no out-going switches
Warning 250: Node: 33123 with RR_type: CHANX  at Location:CHANX:33123 L1x length:1 (13,2,0) -> (13,2,0), had no out-going switches
Warning 251: Node: 33125 with RR_type: CHANX  at Location:CHANX:33125 L1x length:1 (13,2,0) -> (13,2,0), had no out-going switches
Warning 252: Node: 33127 with RR_type: CHANX  at Location:CHANX:33127 L2x length:1 (13,2,0) -> (13,2,0), had no out-going switches
Warning 253: Node: 33129 with RR_type: CHANX  at Location:CHANX:33129 L2x length:1 (13,2,0) -> (13,2,0), had no out-going switches
Warning 254: Node: 33131 with RR_type: CHANX  at Location:CHANX:33131 L2x length:1 (13,2,0) -> (13,2,0), had no out-going switches
Warning 255: Node: 33133 with RR_type: CHANX  at Location:CHANX:33133 L4x length:1 (13,2,0) -> (13,2,0), had no out-going switches
Warning 256: Node: 33135 with RR_type: CHANX  at Location:CHANX:33135 L4x length:1 (13,2,0) -> (13,2,0), had no out-going switches
Warning 257: Node: 33137 with RR_type: CHANX  at Location:CHANX:33137 L4x length:1 (13,2,0) -> (13,2,0), had no out-going switches
Warning 258: Node: 33139 with RR_type: CHANX  at Location:CHANX:33139 L4x length:1 (13,2,0) -> (13,2,0), had no out-going switches
Warning 259: Node: 33141 with RR_type: CHANX  at Location:CHANX:33141 L4x length:1 (13,2,0) -> (13,2,0), had no out-going switches
Warning 260: Node: 33142 with RR_type: CHANX  at Location:CHANX:33142 L1x length:1 (0,3,0) -> (0,3,0), had no out-going switches
Warning 261: Node: 33144 with RR_type: CHANX  at Location:CHANX:33144 L1x length:1 (0,3,0) -> (0,3,0), had no out-going switches
Warning 262: Node: 33146 with RR_type: CHANX  at Location:CHANX:33146 L1x length:1 (0,3,0) -> (0,3,0), had no out-going switches
Warning 263: Node: 33148 with RR_type: CHANX  at Location:CHANX:33148 L1x length:1 (0,3,0) -> (0,3,0), had no out-going switches
Warning 264: Node: 33150 with RR_type: CHANX  at Location:CHANX:33150 L1x length:1 (0,3,0) -> (0,3,0), had no out-going switches
Warning 265: Node: 33152 with RR_type: CHANX  at Location:CHANX:33152 L1x length:1 (0,3,0) -> (0,3,0), had no out-going switches
Warning 266: Node: 33154 with RR_type: CHANX  at Location:CHANX:33154 L2x length:2 (0,3,0) -> (1,3,0), had no out-going switches
Warning 267: Node: 33156 with RR_type: CHANX  at Location:CHANX:33156 L2x length:1 (0,3,0) -> (0,3,0), had no out-going switches
Warning 268: Node: 33158 with RR_type: CHANX  at Location:CHANX:33158 L2x length:2 (0,3,0) -> (1,3,0), had no out-going switches
Warning 269: Node: 33160 with RR_type: CHANX  at Location:CHANX:33160 L2x length:1 (0,3,0) -> (0,3,0), had no out-going switches
Warning 270: Node: 33162 with RR_type: CHANX  at Location:CHANX:33162 L2x length:2 (0,3,0) -> (1,3,0), had no out-going switches
Warning 271: Node: 33164 with RR_type: CHANX  at Location:CHANX:33164 L2x length:1 (0,3,0) -> (0,3,0), had no out-going switches
Warning 272: Node: 33166 with RR_type: CHANX  at Location:CHANX:33166 L4x length:4 (0,3,0) -> (3,3,0), had no out-going switches
Warning 273: Node: 33168 with RR_type: CHANX  at Location:CHANX:33168 L4x length:3 (0,3,0) -> (2,3,0), had no out-going switches
Warning 274: Node: 33170 with RR_type: CHANX  at Location:CHANX:33170 L4x length:2 (0,3,0) -> (1,3,0), had no out-going switches
Warning 275: Node: 33172 with RR_type: CHANX  at Location:CHANX:33172 L4x length:1 (0,3,0) -> (0,3,0), had no out-going switches
Warning 276: Node: 33174 with RR_type: CHANX  at Location:CHANX:33174 L4x length:4 (0,3,0) -> (3,3,0), had no out-going switches
Warning 277: Node: 33176 with RR_type: CHANX  at Location:CHANX:33176 L4x length:3 (0,3,0) -> (2,3,0), had no out-going switches
Warning 278: Node: 33178 with RR_type: CHANX  at Location:CHANX:33178 L4x length:2 (0,3,0) -> (1,3,0), had no out-going switches
Warning 279: Node: 33180 with RR_type: CHANX  at Location:CHANX:33180 L4x length:1 (0,3,0) -> (0,3,0), had no out-going switches
Warning 280: Node: 33182 with RR_type: CHANX  at Location:CHANX:33182 L4x length:4 (0,3,0) -> (3,3,0), had no out-going switches
Warning 281: Node: 33184 with RR_type: CHANX  at Location:CHANX:33184 L4x length:3 (0,3,0) -> (2,3,0), had no out-going switches
Warning 282: Node: 33186 with RR_type: CHANX  at Location:CHANX:33186 L4x length:2 (0,3,0) -> (1,3,0), had no out-going switches
Warning 283: Node: 33188 with RR_type: CHANX  at Location:CHANX:33188 L4x length:1 (0,3,0) -> (0,3,0), had no out-going switches
Warning 284: Node: 33190 with RR_type: CHANX  at Location:CHANX:33190 L4x length:4 (0,3,0) -> (3,3,0), had no out-going switches
Warning 285: Node: 33192 with RR_type: CHANX  at Location:CHANX:33192 L4x length:3 (0,3,0) -> (2,3,0), had no out-going switches
Warning 286: Node: 33194 with RR_type: CHANX  at Location:CHANX:33194 L4x length:2 (0,3,0) -> (1,3,0), had no out-going switches
Warning 287: Node: 33196 with RR_type: CHANX  at Location:CHANX:33196 L4x length:1 (0,3,0) -> (0,3,0), had no out-going switches
Warning 288: Node: 33198 with RR_type: CHANX  at Location:CHANX:33198 L4x length:4 (0,3,0) -> (3,3,0), had no out-going switches
Warning 289: Node: 33200 with RR_type: CHANX  at Location:CHANX:33200 L4x length:3 (0,3,0) -> (2,3,0), had no out-going switches
Warning 290: Node: 33202 with RR_type: CHANX  at Location:CHANX:33202 L4x length:2 (0,3,0) -> (1,3,0), had no out-going switches
Warning 291: Node: 33204 with RR_type: CHANX  at Location:CHANX:33204 L4x length:1 (0,3,0) -> (0,3,0), had no out-going switches
Warning 292: Node: 33477 with RR_type: CHANX  at Location:CHANX:33477 L4x length:4 (13,3,0) -> (10,3,0), had no out-going switches
Warning 293: Node: 33479 with RR_type: CHANX  at Location:CHANX:33479 L4x length:4 (13,3,0) -> (10,3,0), had no out-going switches
Warning 294: Node: 33481 with RR_type: CHANX  at Location:CHANX:33481 L4x length:4 (13,3,0) -> (10,3,0), had no out-going switches
Warning 295: Node: 33483 with RR_type: CHANX  at Location:CHANX:33483 L4x length:4 (13,3,0) -> (10,3,0), had no out-going switches
Warning 296: Node: 33485 with RR_type: CHANX  at Location:CHANX:33485 L4x length:4 (13,3,0) -> (10,3,0), had no out-going switches
Warning 297: Node: 33505 with RR_type: CHANX  at Location:CHANX:33505 L4x length:3 (13,3,0) -> (11,3,0), had no out-going switches
Warning 298: Node: 33507 with RR_type: CHANX  at Location:CHANX:33507 L4x length:3 (13,3,0) -> (11,3,0), had no out-going switches
Warning 299: Node: 33509 with RR_type: CHANX  at Location:CHANX:33509 L4x length:3 (13,3,0) -> (11,3,0), had no out-going switches
Warning 300: Node: 33511 with RR_type: CHANX  at Location:CHANX:33511 L4x length:3 (13,3,0) -> (11,3,0), had no out-going switches
Warning 301: Node: 33513 with RR_type: CHANX  at Location:CHANX:33513 L4x length:3 (13,3,0) -> (11,3,0), had no out-going switches
Warning 302: Node: 33527 with RR_type: CHANX  at Location:CHANX:33527 L2x length:2 (13,3,0) -> (12,3,0), had no out-going switches
Warning 303: Node: 33529 with RR_type: CHANX  at Location:CHANX:33529 L2x length:2 (13,3,0) -> (12,3,0), had no out-going switches
Warning 304: Node: 33531 with RR_type: CHANX  at Location:CHANX:33531 L2x length:2 (13,3,0) -> (12,3,0), had no out-going switches
Warning 305: Node: 33533 with RR_type: CHANX  at Location:CHANX:33533 L4x length:2 (13,3,0) -> (12,3,0), had no out-going switches
Warning 306: Node: 33535 with RR_type: CHANX  at Location:CHANX:33535 L4x length:2 (13,3,0) -> (12,3,0), had no out-going switches
Warning 307: Node: 33537 with RR_type: CHANX  at Location:CHANX:33537 L4x length:2 (13,3,0) -> (12,3,0), had no out-going switches
Warning 308: Node: 33539 with RR_type: CHANX  at Location:CHANX:33539 L4x length:2 (13,3,0) -> (12,3,0), had no out-going switches
Warning 309: Node: 33541 with RR_type: CHANX  at Location:CHANX:33541 L4x length:2 (13,3,0) -> (12,3,0), had no out-going switches
Warning 310: Node: 33543 with RR_type: CHANX  at Location:CHANX:33543 L1x length:1 (13,3,0) -> (13,3,0), had no out-going switches
Warning 311: Node: 33545 with RR_type: CHANX  at Location:CHANX:33545 L1x length:1 (13,3,0) -> (13,3,0), had no out-going switches
Warning 312: Node: 33547 with RR_type: CHANX  at Location:CHANX:33547 L1x length:1 (13,3,0) -> (13,3,0), had no out-going switches
Warning 313: Node: 33549 with RR_type: CHANX  at Location:CHANX:33549 L1x length:1 (13,3,0) -> (13,3,0), had no out-going switches
Warning 314: Node: 33551 with RR_type: CHANX  at Location:CHANX:33551 L1x length:1 (13,3,0) -> (13,3,0), had no out-going switches
Warning 315: Node: 33553 with RR_type: CHANX  at Location:CHANX:33553 L1x length:1 (13,3,0) -> (13,3,0), had no out-going switches
Warning 316: Node: 33555 with RR_type: CHANX  at Location:CHANX:33555 L2x length:1 (13,3,0) -> (13,3,0), had no out-going switches
Warning 317: Node: 33557 with RR_type: CHANX  at Location:CHANX:33557 L2x length:1 (13,3,0) -> (13,3,0), had no out-going switches
Warning 318: Node: 33559 with RR_type: CHANX  at Location:CHANX:33559 L2x length:1 (13,3,0) -> (13,3,0), had no out-going switches
Warning 319: Node: 33561 with RR_type: CHANX  at Location:CHANX:33561 L4x length:1 (13,3,0) -> (13,3,0), had no out-going switches
Warning 320: Node: 33563 with RR_type: CHANX  at Location:CHANX:33563 L4x length:1 (13,3,0) -> (13,3,0), had no out-going switches
Warning 321: Node: 33565 with RR_type: CHANX  at Location:CHANX:33565 L4x length:1 (13,3,0) -> (13,3,0), had no out-going switches
Warning 322: Node: 33567 with RR_type: CHANX  at Location:CHANX:33567 L4x length:1 (13,3,0) -> (13,3,0), had no out-going switches
Warning 323: Node: 33569 with RR_type: CHANX  at Location:CHANX:33569 L4x length:1 (13,3,0) -> (13,3,0), had no out-going switches
Warning 324: Node: 33570 with RR_type: CHANX  at Location:CHANX:33570 L1x length:1 (0,4,0) -> (0,4,0), had no out-going switches
Warning 325: Node: 33572 with RR_type: CHANX  at Location:CHANX:33572 L1x length:1 (0,4,0) -> (0,4,0), had no out-going switches
Warning 326: Node: 33574 with RR_type: CHANX  at Location:CHANX:33574 L1x length:1 (0,4,0) -> (0,4,0), had no out-going switches
Warning 327: Node: 33576 with RR_type: CHANX  at Location:CHANX:33576 L1x length:1 (0,4,0) -> (0,4,0), had no out-going switches
Warning 328: Node: 33578 with RR_type: CHANX  at Location:CHANX:33578 L1x length:1 (0,4,0) -> (0,4,0), had no out-going switches
Warning 329: Node: 33580 with RR_type: CHANX  at Location:CHANX:33580 L1x length:1 (0,4,0) -> (0,4,0), had no out-going switches
Warning 330: Node: 33582 with RR_type: CHANX  at Location:CHANX:33582 L2x length:2 (0,4,0) -> (1,4,0), had no out-going switches
Warning 331: Node: 33584 with RR_type: CHANX  at Location:CHANX:33584 L2x length:1 (0,4,0) -> (0,4,0), had no out-going switches
Warning 332: Node: 33586 with RR_type: CHANX  at Location:CHANX:33586 L2x length:2 (0,4,0) -> (1,4,0), had no out-going switches
Warning 333: Node: 33588 with RR_type: CHANX  at Location:CHANX:33588 L2x length:1 (0,4,0) -> (0,4,0), had no out-going switches
Warning 334: Node: 33590 with RR_type: CHANX  at Location:CHANX:33590 L2x length:2 (0,4,0) -> (1,4,0), had no out-going switches
Warning 335: Node: 33592 with RR_type: CHANX  at Location:CHANX:33592 L2x length:1 (0,4,0) -> (0,4,0), had no out-going switches
Warning 336: Node: 33594 with RR_type: CHANX  at Location:CHANX:33594 L4x length:4 (0,4,0) -> (3,4,0), had no out-going switches
Warning 337: Node: 33596 with RR_type: CHANX  at Location:CHANX:33596 L4x length:3 (0,4,0) -> (2,4,0), had no out-going switches
Warning 338: Node: 33598 with RR_type: CHANX  at Location:CHANX:33598 L4x length:2 (0,4,0) -> (1,4,0), had no out-going switches
Warning 339: Node: 33600 with RR_type: CHANX  at Location:CHANX:33600 L4x length:1 (0,4,0) -> (0,4,0), had no out-going switches
Warning 340: Node: 33602 with RR_type: CHANX  at Location:CHANX:33602 L4x length:4 (0,4,0) -> (3,4,0), had no out-going switches
Warning 341: Node: 33604 with RR_type: CHANX  at Location:CHANX:33604 L4x length:3 (0,4,0) -> (2,4,0), had no out-going switches
Warning 342: Node: 33606 with RR_type: CHANX  at Location:CHANX:33606 L4x length:2 (0,4,0) -> (1,4,0), had no out-going switches
Warning 343: Node: 33608 with RR_type: CHANX  at Location:CHANX:33608 L4x length:1 (0,4,0) -> (0,4,0), had no out-going switches
Warning 344: Node: 33610 with RR_type: CHANX  at Location:CHANX:33610 L4x length:4 (0,4,0) -> (3,4,0), had no out-going switches
Warning 345: Node: 33612 with RR_type: CHANX  at Location:CHANX:33612 L4x length:3 (0,4,0) -> (2,4,0), had no out-going switches
Warning 346: Node: 33614 with RR_type: CHANX  at Location:CHANX:33614 L4x length:2 (0,4,0) -> (1,4,0), had no out-going switches
Warning 347: Node: 33616 with RR_type: CHANX  at Location:CHANX:33616 L4x length:1 (0,4,0) -> (0,4,0), had no out-going switches
Warning 348: Node: 33618 with RR_type: CHANX  at Location:CHANX:33618 L4x length:4 (0,4,0) -> (3,4,0), had no out-going switches
Warning 349: Node: 33620 with RR_type: CHANX  at Location:CHANX:33620 L4x length:3 (0,4,0) -> (2,4,0), had no out-going switches
Warning 350: Node: 33622 with RR_type: CHANX  at Location:CHANX:33622 L4x length:2 (0,4,0) -> (1,4,0), had no out-going switches
Warning 351: Node: 33624 with RR_type: CHANX  at Location:CHANX:33624 L4x length:1 (0,4,0) -> (0,4,0), had no out-going switches
Warning 352: Node: 33626 with RR_type: CHANX  at Location:CHANX:33626 L4x length:4 (0,4,0) -> (3,4,0), had no out-going switches
Warning 353: Node: 33628 with RR_type: CHANX  at Location:CHANX:33628 L4x length:3 (0,4,0) -> (2,4,0), had no out-going switches
Warning 354: Node: 33630 with RR_type: CHANX  at Location:CHANX:33630 L4x length:2 (0,4,0) -> (1,4,0), had no out-going switches
Warning 355: Node: 33632 with RR_type: CHANX  at Location:CHANX:33632 L4x length:1 (0,4,0) -> (0,4,0), had no out-going switches
Warning 356: Node: 33905 with RR_type: CHANX  at Location:CHANX:33905 L4x length:4 (13,4,0) -> (10,4,0), had no out-going switches
Warning 357: Node: 33907 with RR_type: CHANX  at Location:CHANX:33907 L4x length:4 (13,4,0) -> (10,4,0), had no out-going switches
Warning 358: Node: 33909 with RR_type: CHANX  at Location:CHANX:33909 L4x length:4 (13,4,0) -> (10,4,0), had no out-going switches
Warning 359: Node: 33911 with RR_type: CHANX  at Location:CHANX:33911 L4x length:4 (13,4,0) -> (10,4,0), had no out-going switches
Warning 360: Node: 33913 with RR_type: CHANX  at Location:CHANX:33913 L4x length:4 (13,4,0) -> (10,4,0), had no out-going switches
Warning 361: Node: 33933 with RR_type: CHANX  at Location:CHANX:33933 L4x length:3 (13,4,0) -> (11,4,0), had no out-going switches
Warning 362: Node: 33935 with RR_type: CHANX  at Location:CHANX:33935 L4x length:3 (13,4,0) -> (11,4,0), had no out-going switches
Warning 363: Node: 33937 with RR_type: CHANX  at Location:CHANX:33937 L4x length:3 (13,4,0) -> (11,4,0), had no out-going switches
Warning 364: Node: 33939 with RR_type: CHANX  at Location:CHANX:33939 L4x length:3 (13,4,0) -> (11,4,0), had no out-going switches
Warning 365: Node: 33941 with RR_type: CHANX  at Location:CHANX:33941 L4x length:3 (13,4,0) -> (11,4,0), had no out-going switches
Warning 366: Node: 33955 with RR_type: CHANX  at Location:CHANX:33955 L2x length:2 (13,4,0) -> (12,4,0), had no out-going switches
Warning 367: Node: 33957 with RR_type: CHANX  at Location:CHANX:33957 L2x length:2 (13,4,0) -> (12,4,0), had no out-going switches
Warning 368: Node: 33959 with RR_type: CHANX  at Location:CHANX:33959 L2x length:2 (13,4,0) -> (12,4,0), had no out-going switches
Warning 369: Node: 33961 with RR_type: CHANX  at Location:CHANX:33961 L4x length:2 (13,4,0) -> (12,4,0), had no out-going switches
Warning 370: Node: 33963 with RR_type: CHANX  at Location:CHANX:33963 L4x length:2 (13,4,0) -> (12,4,0), had no out-going switches
Warning 371: Node: 33965 with RR_type: CHANX  at Location:CHANX:33965 L4x length:2 (13,4,0) -> (12,4,0), had no out-going switches
Warning 372: Node: 33967 with RR_type: CHANX  at Location:CHANX:33967 L4x length:2 (13,4,0) -> (12,4,0), had no out-going switches
Warning 373: Node: 33969 with RR_type: CHANX  at Location:CHANX:33969 L4x length:2 (13,4,0) -> (12,4,0), had no out-going switches
Warning 374: Node: 33971 with RR_type: CHANX  at Location:CHANX:33971 L1x length:1 (13,4,0) -> (13,4,0), had no out-going switches
Warning 375: Node: 33973 with RR_type: CHANX  at Location:CHANX:33973 L1x length:1 (13,4,0) -> (13,4,0), had no out-going switches
Warning 376: Node: 33975 with RR_type: CHANX  at Location:CHANX:33975 L1x length:1 (13,4,0) -> (13,4,0), had no out-going switches
Warning 377: Node: 33977 with RR_type: CHANX  at Location:CHANX:33977 L1x length:1 (13,4,0) -> (13,4,0), had no out-going switches
Warning 378: Node: 33979 with RR_type: CHANX  at Location:CHANX:33979 L1x length:1 (13,4,0) -> (13,4,0), had no out-going switches
Warning 379: Node: 33981 with RR_type: CHANX  at Location:CHANX:33981 L1x length:1 (13,4,0) -> (13,4,0), had no out-going switches
Warning 380: Node: 33983 with RR_type: CHANX  at Location:CHANX:33983 L2x length:1 (13,4,0) -> (13,4,0), had no out-going switches
Warning 381: Node: 33985 with RR_type: CHANX  at Location:CHANX:33985 L2x length:1 (13,4,0) -> (13,4,0), had no out-going switches
Warning 382: Node: 33987 with RR_type: CHANX  at Location:CHANX:33987 L2x length:1 (13,4,0) -> (13,4,0), had no out-going switches
Warning 383: Node: 33989 with RR_type: CHANX  at Location:CHANX:33989 L4x length:1 (13,4,0) -> (13,4,0), had no out-going switches
Warning 384: Node: 33991 with RR_type: CHANX  at Location:CHANX:33991 L4x length:1 (13,4,0) -> (13,4,0), had no out-going switches
Warning 385: Node: 33993 with RR_type: CHANX  at Location:CHANX:33993 L4x length:1 (13,4,0) -> (13,4,0), had no out-going switches
Warning 386: Node: 33995 with RR_type: CHANX  at Location:CHANX:33995 L4x length:1 (13,4,0) -> (13,4,0), had no out-going switches
Warning 387: Node: 33997 with RR_type: CHANX  at Location:CHANX:33997 L4x length:1 (13,4,0) -> (13,4,0), had no out-going switches
Warning 388: Node: 33998 with RR_type: CHANX  at Location:CHANX:33998 L1x length:1 (0,5,0) -> (0,5,0), had no out-going switches
Warning 389: Node: 34000 with RR_type: CHANX  at Location:CHANX:34000 L1x length:1 (0,5,0) -> (0,5,0), had no out-going switches
Warning 390: Node: 34002 with RR_type: CHANX  at Location:CHANX:34002 L1x length:1 (0,5,0) -> (0,5,0), had no out-going switches
Warning 391: Node: 34004 with RR_type: CHANX  at Location:CHANX:34004 L1x length:1 (0,5,0) -> (0,5,0), had no out-going switches
Warning 392: Node: 34006 with RR_type: CHANX  at Location:CHANX:34006 L1x length:1 (0,5,0) -> (0,5,0), had no out-going switches
Warning 393: Node: 34008 with RR_type: CHANX  at Location:CHANX:34008 L1x length:1 (0,5,0) -> (0,5,0), had no out-going switches
Warning 394: Node: 34010 with RR_type: CHANX  at Location:CHANX:34010 L2x length:2 (0,5,0) -> (1,5,0), had no out-going switches
Warning 395: Node: 34012 with RR_type: CHANX  at Location:CHANX:34012 L2x length:1 (0,5,0) -> (0,5,0), had no out-going switches
Warning 396: Node: 34014 with RR_type: CHANX  at Location:CHANX:34014 L2x length:2 (0,5,0) -> (1,5,0), had no out-going switches
Warning 397: Node: 34016 with RR_type: CHANX  at Location:CHANX:34016 L2x length:1 (0,5,0) -> (0,5,0), had no out-going switches
Warning 398: Node: 34018 with RR_type: CHANX  at Location:CHANX:34018 L2x length:2 (0,5,0) -> (1,5,0), had no out-going switches
Warning 399: Node: 34020 with RR_type: CHANX  at Location:CHANX:34020 L2x length:1 (0,5,0) -> (0,5,0), had no out-going switches
Warning 400: Node: 34022 with RR_type: CHANX  at Location:CHANX:34022 L4x length:4 (0,5,0) -> (3,5,0), had no out-going switches
Warning 401: Node: 34024 with RR_type: CHANX  at Location:CHANX:34024 L4x length:3 (0,5,0) -> (2,5,0), had no out-going switches
Warning 402: Node: 34026 with RR_type: CHANX  at Location:CHANX:34026 L4x length:2 (0,5,0) -> (1,5,0), had no out-going switches
Warning 403: Node: 34028 with RR_type: CHANX  at Location:CHANX:34028 L4x length:1 (0,5,0) -> (0,5,0), had no out-going switches
Warning 404: Node: 34030 with RR_type: CHANX  at Location:CHANX:34030 L4x length:4 (0,5,0) -> (3,5,0), had no out-going switches
Warning 405: Node: 34032 with RR_type: CHANX  at Location:CHANX:34032 L4x length:3 (0,5,0) -> (2,5,0), had no out-going switches
Warning 406: Node: 34034 with RR_type: CHANX  at Location:CHANX:34034 L4x length:2 (0,5,0) -> (1,5,0), had no out-going switches
Warning 407: Node: 34036 with RR_type: CHANX  at Location:CHANX:34036 L4x length:1 (0,5,0) -> (0,5,0), had no out-going switches
Warning 408: Node: 34038 with RR_type: CHANX  at Location:CHANX:34038 L4x length:4 (0,5,0) -> (3,5,0), had no out-going switches
Warning 409: Node: 34040 with RR_type: CHANX  at Location:CHANX:34040 L4x length:3 (0,5,0) -> (2,5,0), had no out-going switches
Warning 410: Node: 34042 with RR_type: CHANX  at Location:CHANX:34042 L4x length:2 (0,5,0) -> (1,5,0), had no out-going switches
Warning 411: Node: 34044 with RR_type: CHANX  at Location:CHANX:34044 L4x length:1 (0,5,0) -> (0,5,0), had no out-going switches
Warning 412: Node: 34046 with RR_type: CHANX  at Location:CHANX:34046 L4x length:4 (0,5,0) -> (3,5,0), had no out-going switches
Warning 413: Node: 34048 with RR_type: CHANX  at Location:CHANX:34048 L4x length:3 (0,5,0) -> (2,5,0), had no out-going switches
Warning 414: Node: 34050 with RR_type: CHANX  at Location:CHANX:34050 L4x length:2 (0,5,0) -> (1,5,0), had no out-going switches
Warning 415: Node: 34052 with RR_type: CHANX  at Location:CHANX:34052 L4x length:1 (0,5,0) -> (0,5,0), had no out-going switches
Warning 416: Node: 34054 with RR_type: CHANX  at Location:CHANX:34054 L4x length:4 (0,5,0) -> (3,5,0), had no out-going switches
Warning 417: Node: 34056 with RR_type: CHANX  at Location:CHANX:34056 L4x length:3 (0,5,0) -> (2,5,0), had no out-going switches
Warning 418: Node: 34058 with RR_type: CHANX  at Location:CHANX:34058 L4x length:2 (0,5,0) -> (1,5,0), had no out-going switches
Warning 419: Node: 34060 with RR_type: CHANX  at Location:CHANX:34060 L4x length:1 (0,5,0) -> (0,5,0), had no out-going switches
Warning 420: Node: 34333 with RR_type: CHANX  at Location:CHANX:34333 L4x length:4 (13,5,0) -> (10,5,0), had no out-going switches
Warning 421: Node: 34335 with RR_type: CHANX  at Location:CHANX:34335 L4x length:4 (13,5,0) -> (10,5,0), had no out-going switches
Warning 422: Node: 34337 with RR_type: CHANX  at Location:CHANX:34337 L4x length:4 (13,5,0) -> (10,5,0), had no out-going switches
Warning 423: Node: 34339 with RR_type: CHANX  at Location:CHANX:34339 L4x length:4 (13,5,0) -> (10,5,0), had no out-going switches
Warning 424: Node: 34341 with RR_type: CHANX  at Location:CHANX:34341 L4x length:4 (13,5,0) -> (10,5,0), had no out-going switches
Warning 425: Node: 34361 with RR_type: CHANX  at Location:CHANX:34361 L4x length:3 (13,5,0) -> (11,5,0), had no out-going switches
Warning 426: Node: 34363 with RR_type: CHANX  at Location:CHANX:34363 L4x length:3 (13,5,0) -> (11,5,0), had no out-going switches
Warning 427: Node: 34365 with RR_type: CHANX  at Location:CHANX:34365 L4x length:3 (13,5,0) -> (11,5,0), had no out-going switches
Warning 428: Node: 34367 with RR_type: CHANX  at Location:CHANX:34367 L4x length:3 (13,5,0) -> (11,5,0), had no out-going switches
Warning 429: Node: 34369 with RR_type: CHANX  at Location:CHANX:34369 L4x length:3 (13,5,0) -> (11,5,0), had no out-going switches
Warning 430: Node: 34383 with RR_type: CHANX  at Location:CHANX:34383 L2x length:2 (13,5,0) -> (12,5,0), had no out-going switches
Warning 431: Node: 34385 with RR_type: CHANX  at Location:CHANX:34385 L2x length:2 (13,5,0) -> (12,5,0), had no out-going switches
Warning 432: Node: 34387 with RR_type: CHANX  at Location:CHANX:34387 L2x length:2 (13,5,0) -> (12,5,0), had no out-going switches
Warning 433: Node: 34389 with RR_type: CHANX  at Location:CHANX:34389 L4x length:2 (13,5,0) -> (12,5,0), had no out-going switches
Warning 434: Node: 34391 with RR_type: CHANX  at Location:CHANX:34391 L4x length:2 (13,5,0) -> (12,5,0), had no out-going switches
Warning 435: Node: 34393 with RR_type: CHANX  at Location:CHANX:34393 L4x length:2 (13,5,0) -> (12,5,0), had no out-going switches
Warning 436: Node: 34395 with RR_type: CHANX  at Location:CHANX:34395 L4x length:2 (13,5,0) -> (12,5,0), had no out-going switches
Warning 437: Node: 34397 with RR_type: CHANX  at Location:CHANX:34397 L4x length:2 (13,5,0) -> (12,5,0), had no out-going switches
Warning 438: Node: 34399 with RR_type: CHANX  at Location:CHANX:34399 L1x length:1 (13,5,0) -> (13,5,0), had no out-going switches
Warning 439: Node: 34401 with RR_type: CHANX  at Location:CHANX:34401 L1x length:1 (13,5,0) -> (13,5,0), had no out-going switches
Warning 440: Node: 34403 with RR_type: CHANX  at Location:CHANX:34403 L1x length:1 (13,5,0) -> (13,5,0), had no out-going switches
Warning 441: Node: 34405 with RR_type: CHANX  at Location:CHANX:34405 L1x length:1 (13,5,0) -> (13,5,0), had no out-going switches
Warning 442: Node: 34407 with RR_type: CHANX  at Location:CHANX:34407 L1x length:1 (13,5,0) -> (13,5,0), had no out-going switches
Warning 443: Node: 34409 with RR_type: CHANX  at Location:CHANX:34409 L1x length:1 (13,5,0) -> (13,5,0), had no out-going switches
Warning 444: Node: 34411 with RR_type: CHANX  at Location:CHANX:34411 L2x length:1 (13,5,0) -> (13,5,0), had no out-going switches
Warning 445: Node: 34413 with RR_type: CHANX  at Location:CHANX:34413 L2x length:1 (13,5,0) -> (13,5,0), had no out-going switches
Warning 446: Node: 34415 with RR_type: CHANX  at Location:CHANX:34415 L2x length:1 (13,5,0) -> (13,5,0), had no out-going switches
Warning 447: Node: 34417 with RR_type: CHANX  at Location:CHANX:34417 L4x length:1 (13,5,0) -> (13,5,0), had no out-going switches
Warning 448: Node: 34419 with RR_type: CHANX  at Location:CHANX:34419 L4x length:1 (13,5,0) -> (13,5,0), had no out-going switches
Warning 449: Node: 34421 with RR_type: CHANX  at Location:CHANX:34421 L4x length:1 (13,5,0) -> (13,5,0), had no out-going switches
Warning 450: Node: 34423 with RR_type: CHANX  at Location:CHANX:34423 L4x length:1 (13,5,0) -> (13,5,0), had no out-going switches
Warning 451: Node: 34425 with RR_type: CHANX  at Location:CHANX:34425 L4x length:1 (13,5,0) -> (13,5,0), had no out-going switches
Warning 452: Node: 34426 with RR_type: CHANX  at Location:CHANX:34426 L1x length:1 (0,6,0) -> (0,6,0), had no out-going switches
Warning 453: Node: 34428 with RR_type: CHANX  at Location:CHANX:34428 L1x length:1 (0,6,0) -> (0,6,0), had no out-going switches
Warning 454: Node: 34430 with RR_type: CHANX  at Location:CHANX:34430 L1x length:1 (0,6,0) -> (0,6,0), had no out-going switches
Warning 455: Node: 34432 with RR_type: CHANX  at Location:CHANX:34432 L1x length:1 (0,6,0) -> (0,6,0), had no out-going switches
Warning 456: Node: 34434 with RR_type: CHANX  at Location:CHANX:34434 L1x length:1 (0,6,0) -> (0,6,0), had no out-going switches
Warning 457: Node: 34436 with RR_type: CHANX  at Location:CHANX:34436 L1x length:1 (0,6,0) -> (0,6,0), had no out-going switches
Warning 458: Node: 34438 with RR_type: CHANX  at Location:CHANX:34438 L2x length:2 (0,6,0) -> (1,6,0), had no out-going switches
Warning 459: Node: 34440 with RR_type: CHANX  at Location:CHANX:34440 L2x length:1 (0,6,0) -> (0,6,0), had no out-going switches
Warning 460: Node: 34442 with RR_type: CHANX  at Location:CHANX:34442 L2x length:2 (0,6,0) -> (1,6,0), had no out-going switches
Warning 461: Node: 34444 with RR_type: CHANX  at Location:CHANX:34444 L2x length:1 (0,6,0) -> (0,6,0), had no out-going switches
Warning 462: Node: 34446 with RR_type: CHANX  at Location:CHANX:34446 L2x length:2 (0,6,0) -> (1,6,0), had no out-going switches
Warning 463: Node: 34448 with RR_type: CHANX  at Location:CHANX:34448 L2x length:1 (0,6,0) -> (0,6,0), had no out-going switches
Warning 464: Node: 34450 with RR_type: CHANX  at Location:CHANX:34450 L4x length:4 (0,6,0) -> (3,6,0), had no out-going switches
Warning 465: Node: 34452 with RR_type: CHANX  at Location:CHANX:34452 L4x length:3 (0,6,0) -> (2,6,0), had no out-going switches
Warning 466: Node: 34454 with RR_type: CHANX  at Location:CHANX:34454 L4x length:2 (0,6,0) -> (1,6,0), had no out-going switches
Warning 467: Node: 34456 with RR_type: CHANX  at Location:CHANX:34456 L4x length:1 (0,6,0) -> (0,6,0), had no out-going switches
Warning 468: Node: 34458 with RR_type: CHANX  at Location:CHANX:34458 L4x length:4 (0,6,0) -> (3,6,0), had no out-going switches
Warning 469: Node: 34460 with RR_type: CHANX  at Location:CHANX:34460 L4x length:3 (0,6,0) -> (2,6,0), had no out-going switches
Warning 470: Node: 34462 with RR_type: CHANX  at Location:CHANX:34462 L4x length:2 (0,6,0) -> (1,6,0), had no out-going switches
Warning 471: Node: 34464 with RR_type: CHANX  at Location:CHANX:34464 L4x length:1 (0,6,0) -> (0,6,0), had no out-going switches
Warning 472: Node: 34466 with RR_type: CHANX  at Location:CHANX:34466 L4x length:4 (0,6,0) -> (3,6,0), had no out-going switches
Warning 473: Node: 34468 with RR_type: CHANX  at Location:CHANX:34468 L4x length:3 (0,6,0) -> (2,6,0), had no out-going switches
Warning 474: Node: 34470 with RR_type: CHANX  at Location:CHANX:34470 L4x length:2 (0,6,0) -> (1,6,0), had no out-going switches
Warning 475: Node: 34472 with RR_type: CHANX  at Location:CHANX:34472 L4x length:1 (0,6,0) -> (0,6,0), had no out-going switches
Warning 476: Node: 34474 with RR_type: CHANX  at Location:CHANX:34474 L4x length:4 (0,6,0) -> (3,6,0), had no out-going switches
Warning 477: Node: 34476 with RR_type: CHANX  at Location:CHANX:34476 L4x length:3 (0,6,0) -> (2,6,0), had no out-going switches
Warning 478: Node: 34478 with RR_type: CHANX  at Location:CHANX:34478 L4x length:2 (0,6,0) -> (1,6,0), had no out-going switches
Warning 479: Node: 34480 with RR_type: CHANX  at Location:CHANX:34480 L4x length:1 (0,6,0) -> (0,6,0), had no out-going switches
Warning 480: Node: 34482 with RR_type: CHANX  at Location:CHANX:34482 L4x length:4 (0,6,0) -> (3,6,0), had no out-going switches
Warning 481: Node: 34484 with RR_type: CHANX  at Location:CHANX:34484 L4x length:3 (0,6,0) -> (2,6,0), had no out-going switches
Warning 482: Node: 34486 with RR_type: CHANX  at Location:CHANX:34486 L4x length:2 (0,6,0) -> (1,6,0), had no out-going switches
Warning 483: Node: 34488 with RR_type: CHANX  at Location:CHANX:34488 L4x length:1 (0,6,0) -> (0,6,0), had no out-going switches
Warning 484: Node: 34761 with RR_type: CHANX  at Location:CHANX:34761 L4x length:4 (13,6,0) -> (10,6,0), had no out-going switches
Warning 485: Node: 34763 with RR_type: CHANX  at Location:CHANX:34763 L4x length:4 (13,6,0) -> (10,6,0), had no out-going switches
Warning 486: Node: 34765 with RR_type: CHANX  at Location:CHANX:34765 L4x length:4 (13,6,0) -> (10,6,0), had no out-going switches
Warning 487: Node: 34767 with RR_type: CHANX  at Location:CHANX:34767 L4x length:4 (13,6,0) -> (10,6,0), had no out-going switches
Warning 488: Node: 34769 with RR_type: CHANX  at Location:CHANX:34769 L4x length:4 (13,6,0) -> (10,6,0), had no out-going switches
Warning 489: Node: 34789 with RR_type: CHANX  at Location:CHANX:34789 L4x length:3 (13,6,0) -> (11,6,0), had no out-going switches
Warning 490: Node: 34791 with RR_type: CHANX  at Location:CHANX:34791 L4x length:3 (13,6,0) -> (11,6,0), had no out-going switches
Warning 491: Node: 34793 with RR_type: CHANX  at Location:CHANX:34793 L4x length:3 (13,6,0) -> (11,6,0), had no out-going switches
Warning 492: Node: 34795 with RR_type: CHANX  at Location:CHANX:34795 L4x length:3 (13,6,0) -> (11,6,0), had no out-going switches
Warning 493: Node: 34797 with RR_type: CHANX  at Location:CHANX:34797 L4x length:3 (13,6,0) -> (11,6,0), had no out-going switches
Warning 494: Node: 34811 with RR_type: CHANX  at Location:CHANX:34811 L2x length:2 (13,6,0) -> (12,6,0), had no out-going switches
Warning 495: Node: 34813 with RR_type: CHANX  at Location:CHANX:34813 L2x length:2 (13,6,0) -> (12,6,0), had no out-going switches
Warning 496: Node: 34815 with RR_type: CHANX  at Location:CHANX:34815 L2x length:2 (13,6,0) -> (12,6,0), had no out-going switches
Warning 497: Node: 34817 with RR_type: CHANX  at Location:CHANX:34817 L4x length:2 (13,6,0) -> (12,6,0), had no out-going switches
Warning 498: Node: 34819 with RR_type: CHANX  at Location:CHANX:34819 L4x length:2 (13,6,0) -> (12,6,0), had no out-going switches
Warning 499: Node: 34821 with RR_type: CHANX  at Location:CHANX:34821 L4x length:2 (13,6,0) -> (12,6,0), had no out-going switches
Warning 500: Node: 34823 with RR_type: CHANX  at Location:CHANX:34823 L4x length:2 (13,6,0) -> (12,6,0), had no out-going switches
Warning 501: Node: 34825 with RR_type: CHANX  at Location:CHANX:34825 L4x length:2 (13,6,0) -> (12,6,0), had no out-going switches
Warning 502: Node: 34827 with RR_type: CHANX  at Location:CHANX:34827 L1x length:1 (13,6,0) -> (13,6,0), had no out-going switches
Warning 503: Node: 34829 with RR_type: CHANX  at Location:CHANX:34829 L1x length:1 (13,6,0) -> (13,6,0), had no out-going switches
Warning 504: Node: 34831 with RR_type: CHANX  at Location:CHANX:34831 L1x length:1 (13,6,0) -> (13,6,0), had no out-going switches
Warning 505: Node: 34833 with RR_type: CHANX  at Location:CHANX:34833 L1x length:1 (13,6,0) -> (13,6,0), had no out-going switches
Warning 506: Node: 34835 with RR_type: CHANX  at Location:CHANX:34835 L1x length:1 (13,6,0) -> (13,6,0), had no out-going switches
Warning 507: Node: 34837 with RR_type: CHANX  at Location:CHANX:34837 L1x length:1 (13,6,0) -> (13,6,0), had no out-going switches
Warning 508: Node: 34839 with RR_type: CHANX  at Location:CHANX:34839 L2x length:1 (13,6,0) -> (13,6,0), had no out-going switches
Warning 509: Node: 34841 with RR_type: CHANX  at Location:CHANX:34841 L2x length:1 (13,6,0) -> (13,6,0), had no out-going switches
Warning 510: Node: 34843 with RR_type: CHANX  at Location:CHANX:34843 L2x length:1 (13,6,0) -> (13,6,0), had no out-going switches
Warning 511: Node: 34845 with RR_type: CHANX  at Location:CHANX:34845 L4x length:1 (13,6,0) -> (13,6,0), had no out-going switches
Warning 512: Node: 34847 with RR_type: CHANX  at Location:CHANX:34847 L4x length:1 (13,6,0) -> (13,6,0), had no out-going switches
Warning 513: Node: 34849 with RR_type: CHANX  at Location:CHANX:34849 L4x length:1 (13,6,0) -> (13,6,0), had no out-going switches
Warning 514: Node: 34851 with RR_type: CHANX  at Location:CHANX:34851 L4x length:1 (13,6,0) -> (13,6,0), had no out-going switches
Warning 515: Node: 34853 with RR_type: CHANX  at Location:CHANX:34853 L4x length:1 (13,6,0) -> (13,6,0), had no out-going switches
Warning 516: Node: 34854 with RR_type: CHANX  at Location:CHANX:34854 L1x length:1 (0,7,0) -> (0,7,0), had no out-going switches
Warning 517: Node: 34856 with RR_type: CHANX  at Location:CHANX:34856 L1x length:1 (0,7,0) -> (0,7,0), had no out-going switches
Warning 518: Node: 34858 with RR_type: CHANX  at Location:CHANX:34858 L1x length:1 (0,7,0) -> (0,7,0), had no out-going switches
Warning 519: Node: 34860 with RR_type: CHANX  at Location:CHANX:34860 L1x length:1 (0,7,0) -> (0,7,0), had no out-going switches
Warning 520: Node: 34862 with RR_type: CHANX  at Location:CHANX:34862 L1x length:1 (0,7,0) -> (0,7,0), had no out-going switches
Warning 521: Node: 34864 with RR_type: CHANX  at Location:CHANX:34864 L1x length:1 (0,7,0) -> (0,7,0), had no out-going switches
Warning 522: Node: 34866 with RR_type: CHANX  at Location:CHANX:34866 L2x length:2 (0,7,0) -> (1,7,0), had no out-going switches
Warning 523: Node: 34868 with RR_type: CHANX  at Location:CHANX:34868 L2x length:1 (0,7,0) -> (0,7,0), had no out-going switches
Warning 524: Node: 34870 with RR_type: CHANX  at Location:CHANX:34870 L2x length:2 (0,7,0) -> (1,7,0), had no out-going switches
Warning 525: Node: 34872 with RR_type: CHANX  at Location:CHANX:34872 L2x length:1 (0,7,0) -> (0,7,0), had no out-going switches
Warning 526: Node: 34874 with RR_type: CHANX  at Location:CHANX:34874 L2x length:2 (0,7,0) -> (1,7,0), had no out-going switches
Warning 527: Node: 34876 with RR_type: CHANX  at Location:CHANX:34876 L2x length:1 (0,7,0) -> (0,7,0), had no out-going switches
Warning 528: Node: 34878 with RR_type: CHANX  at Location:CHANX:34878 L4x length:4 (0,7,0) -> (3,7,0), had no out-going switches
Warning 529: Node: 34880 with RR_type: CHANX  at Location:CHANX:34880 L4x length:3 (0,7,0) -> (2,7,0), had no out-going switches
Warning 530: Node: 34882 with RR_type: CHANX  at Location:CHANX:34882 L4x length:2 (0,7,0) -> (1,7,0), had no out-going switches
Warning 531: Node: 34884 with RR_type: CHANX  at Location:CHANX:34884 L4x length:1 (0,7,0) -> (0,7,0), had no out-going switches
Warning 532: Node: 34886 with RR_type: CHANX  at Location:CHANX:34886 L4x length:4 (0,7,0) -> (3,7,0), had no out-going switches
Warning 533: Node: 34888 with RR_type: CHANX  at Location:CHANX:34888 L4x length:3 (0,7,0) -> (2,7,0), had no out-going switches
Warning 534: Node: 34890 with RR_type: CHANX  at Location:CHANX:34890 L4x length:2 (0,7,0) -> (1,7,0), had no out-going switches
Warning 535: Node: 34892 with RR_type: CHANX  at Location:CHANX:34892 L4x length:1 (0,7,0) -> (0,7,0), had no out-going switches
Warning 536: Node: 34894 with RR_type: CHANX  at Location:CHANX:34894 L4x length:4 (0,7,0) -> (3,7,0), had no out-going switches
Warning 537: Node: 34896 with RR_type: CHANX  at Location:CHANX:34896 L4x length:3 (0,7,0) -> (2,7,0), had no out-going switches
Warning 538: Node: 34898 with RR_type: CHANX  at Location:CHANX:34898 L4x length:2 (0,7,0) -> (1,7,0), had no out-going switches
Warning 539: Node: 34900 with RR_type: CHANX  at Location:CHANX:34900 L4x length:1 (0,7,0) -> (0,7,0), had no out-going switches
Warning 540: Node: 34902 with RR_type: CHANX  at Location:CHANX:34902 L4x length:4 (0,7,0) -> (3,7,0), had no out-going switches
Warning 541: Node: 34904 with RR_type: CHANX  at Location:CHANX:34904 L4x length:3 (0,7,0) -> (2,7,0), had no out-going switches
Warning 542: Node: 34906 with RR_type: CHANX  at Location:CHANX:34906 L4x length:2 (0,7,0) -> (1,7,0), had no out-going switches
Warning 543: Node: 34908 with RR_type: CHANX  at Location:CHANX:34908 L4x length:1 (0,7,0) -> (0,7,0), had no out-going switches
Warning 544: Node: 34910 with RR_type: CHANX  at Location:CHANX:34910 L4x length:4 (0,7,0) -> (3,7,0), had no out-going switches
Warning 545: Node: 34912 with RR_type: CHANX  at Location:CHANX:34912 L4x length:3 (0,7,0) -> (2,7,0), had no out-going switches
Warning 546: Node: 34914 with RR_type: CHANX  at Location:CHANX:34914 L4x length:2 (0,7,0) -> (1,7,0), had no out-going switches
Warning 547: Node: 34916 with RR_type: CHANX  at Location:CHANX:34916 L4x length:1 (0,7,0) -> (0,7,0), had no out-going switches
Warning 548: Node: 35189 with RR_type: CHANX  at Location:CHANX:35189 L4x length:4 (13,7,0) -> (10,7,0), had no out-going switches
Warning 549: Node: 35191 with RR_type: CHANX  at Location:CHANX:35191 L4x length:4 (13,7,0) -> (10,7,0), had no out-going switches
Warning 550: Node: 35193 with RR_type: CHANX  at Location:CHANX:35193 L4x length:4 (13,7,0) -> (10,7,0), had no out-going switches
Warning 551: Node: 35195 with RR_type: CHANX  at Location:CHANX:35195 L4x length:4 (13,7,0) -> (10,7,0), had no out-going switches
Warning 552: Node: 35197 with RR_type: CHANX  at Location:CHANX:35197 L4x length:4 (13,7,0) -> (10,7,0), had no out-going switches
Warning 553: Node: 35217 with RR_type: CHANX  at Location:CHANX:35217 L4x length:3 (13,7,0) -> (11,7,0), had no out-going switches
Warning 554: Node: 35219 with RR_type: CHANX  at Location:CHANX:35219 L4x length:3 (13,7,0) -> (11,7,0), had no out-going switches
Warning 555: Node: 35221 with RR_type: CHANX  at Location:CHANX:35221 L4x length:3 (13,7,0) -> (11,7,0), had no out-going switches
Warning 556: Node: 35223 with RR_type: CHANX  at Location:CHANX:35223 L4x length:3 (13,7,0) -> (11,7,0), had no out-going switches
Warning 557: Node: 35225 with RR_type: CHANX  at Location:CHANX:35225 L4x length:3 (13,7,0) -> (11,7,0), had no out-going switches
Warning 558: Node: 35239 with RR_type: CHANX  at Location:CHANX:35239 L2x length:2 (13,7,0) -> (12,7,0), had no out-going switches
Warning 559: Node: 35241 with RR_type: CHANX  at Location:CHANX:35241 L2x length:2 (13,7,0) -> (12,7,0), had no out-going switches
Warning 560: Node: 35243 with RR_type: CHANX  at Location:CHANX:35243 L2x length:2 (13,7,0) -> (12,7,0), had no out-going switches
Warning 561: Node: 35245 with RR_type: CHANX  at Location:CHANX:35245 L4x length:2 (13,7,0) -> (12,7,0), had no out-going switches
Warning 562: Node: 35247 with RR_type: CHANX  at Location:CHANX:35247 L4x length:2 (13,7,0) -> (12,7,0), had no out-going switches
Warning 563: Node: 35249 with RR_type: CHANX  at Location:CHANX:35249 L4x length:2 (13,7,0) -> (12,7,0), had no out-going switches
Warning 564: Node: 35251 with RR_type: CHANX  at Location:CHANX:35251 L4x length:2 (13,7,0) -> (12,7,0), had no out-going switches
Warning 565: Node: 35253 with RR_type: CHANX  at Location:CHANX:35253 L4x length:2 (13,7,0) -> (12,7,0), had no out-going switches
Warning 566: Node: 35255 with RR_type: CHANX  at Location:CHANX:35255 L1x length:1 (13,7,0) -> (13,7,0), had no out-going switches
Warning 567: Node: 35257 with RR_type: CHANX  at Location:CHANX:35257 L1x length:1 (13,7,0) -> (13,7,0), had no out-going switches
Warning 568: Node: 35259 with RR_type: CHANX  at Location:CHANX:35259 L1x length:1 (13,7,0) -> (13,7,0), had no out-going switches
Warning 569: Node: 35261 with RR_type: CHANX  at Location:CHANX:35261 L1x length:1 (13,7,0) -> (13,7,0), had no out-going switches
Warning 570: Node: 35263 with RR_type: CHANX  at Location:CHANX:35263 L1x length:1 (13,7,0) -> (13,7,0), had no out-going switches
Warning 571: Node: 35265 with RR_type: CHANX  at Location:CHANX:35265 L1x length:1 (13,7,0) -> (13,7,0), had no out-going switches
Warning 572: Node: 35267 with RR_type: CHANX  at Location:CHANX:35267 L2x length:1 (13,7,0) -> (13,7,0), had no out-going switches
Warning 573: Node: 35269 with RR_type: CHANX  at Location:CHANX:35269 L2x length:1 (13,7,0) -> (13,7,0), had no out-going switches
Warning 574: Node: 35271 with RR_type: CHANX  at Location:CHANX:35271 L2x length:1 (13,7,0) -> (13,7,0), had no out-going switches
Warning 575: Node: 35273 with RR_type: CHANX  at Location:CHANX:35273 L4x length:1 (13,7,0) -> (13,7,0), had no out-going switches
Warning 576: Node: 35275 with RR_type: CHANX  at Location:CHANX:35275 L4x length:1 (13,7,0) -> (13,7,0), had no out-going switches
Warning 577: Node: 35277 with RR_type: CHANX  at Location:CHANX:35277 L4x length:1 (13,7,0) -> (13,7,0), had no out-going switches
Warning 578: Node: 35279 with RR_type: CHANX  at Location:CHANX:35279 L4x length:1 (13,7,0) -> (13,7,0), had no out-going switches
Warning 579: Node: 35281 with RR_type: CHANX  at Location:CHANX:35281 L4x length:1 (13,7,0) -> (13,7,0), had no out-going switches
Warning 580: Node: 35282 with RR_type: CHANX  at Location:CHANX:35282 L1x length:1 (0,8,0) -> (0,8,0), had no out-going switches
Warning 581: Node: 35284 with RR_type: CHANX  at Location:CHANX:35284 L1x length:1 (0,8,0) -> (0,8,0), had no out-going switches
Warning 582: Node: 35286 with RR_type: CHANX  at Location:CHANX:35286 L1x length:1 (0,8,0) -> (0,8,0), had no out-going switches
Warning 583: Node: 35288 with RR_type: CHANX  at Location:CHANX:35288 L1x length:1 (0,8,0) -> (0,8,0), had no out-going switches
Warning 584: Node: 35290 with RR_type: CHANX  at Location:CHANX:35290 L1x length:1 (0,8,0) -> (0,8,0), had no out-going switches
Warning 585: Node: 35292 with RR_type: CHANX  at Location:CHANX:35292 L1x length:1 (0,8,0) -> (0,8,0), had no out-going switches
Warning 586: Node: 35294 with RR_type: CHANX  at Location:CHANX:35294 L2x length:2 (0,8,0) -> (1,8,0), had no out-going switches
Warning 587: Node: 35296 with RR_type: CHANX  at Location:CHANX:35296 L2x length:1 (0,8,0) -> (0,8,0), had no out-going switches
Warning 588: Node: 35298 with RR_type: CHANX  at Location:CHANX:35298 L2x length:2 (0,8,0) -> (1,8,0), had no out-going switches
Warning 589: Node: 35300 with RR_type: CHANX  at Location:CHANX:35300 L2x length:1 (0,8,0) -> (0,8,0), had no out-going switches
Warning 590: Node: 35302 with RR_type: CHANX  at Location:CHANX:35302 L2x length:2 (0,8,0) -> (1,8,0), had no out-going switches
Warning 591: Node: 35304 with RR_type: CHANX  at Location:CHANX:35304 L2x length:1 (0,8,0) -> (0,8,0), had no out-going switches
Warning 592: Node: 35306 with RR_type: CHANX  at Location:CHANX:35306 L4x length:4 (0,8,0) -> (3,8,0), had no out-going switches
Warning 593: Node: 35308 with RR_type: CHANX  at Location:CHANX:35308 L4x length:3 (0,8,0) -> (2,8,0), had no out-going switches
Warning 594: Node: 35310 with RR_type: CHANX  at Location:CHANX:35310 L4x length:2 (0,8,0) -> (1,8,0), had no out-going switches
Warning 595: Node: 35312 with RR_type: CHANX  at Location:CHANX:35312 L4x length:1 (0,8,0) -> (0,8,0), had no out-going switches
Warning 596: Node: 35314 with RR_type: CHANX  at Location:CHANX:35314 L4x length:4 (0,8,0) -> (3,8,0), had no out-going switches
Warning 597: Node: 35316 with RR_type: CHANX  at Location:CHANX:35316 L4x length:3 (0,8,0) -> (2,8,0), had no out-going switches
Warning 598: Node: 35318 with RR_type: CHANX  at Location:CHANX:35318 L4x length:2 (0,8,0) -> (1,8,0), had no out-going switches
Warning 599: Node: 35320 with RR_type: CHANX  at Location:CHANX:35320 L4x length:1 (0,8,0) -> (0,8,0), had no out-going switches
Warning 600: Node: 35322 with RR_type: CHANX  at Location:CHANX:35322 L4x length:4 (0,8,0) -> (3,8,0), had no out-going switches
Warning 601: Node: 35324 with RR_type: CHANX  at Location:CHANX:35324 L4x length:3 (0,8,0) -> (2,8,0), had no out-going switches
Warning 602: Node: 35326 with RR_type: CHANX  at Location:CHANX:35326 L4x length:2 (0,8,0) -> (1,8,0), had no out-going switches
Warning 603: Node: 35328 with RR_type: CHANX  at Location:CHANX:35328 L4x length:1 (0,8,0) -> (0,8,0), had no out-going switches
Warning 604: Node: 35330 with RR_type: CHANX  at Location:CHANX:35330 L4x length:4 (0,8,0) -> (3,8,0), had no out-going switches
Warning 605: Node: 35332 with RR_type: CHANX  at Location:CHANX:35332 L4x length:3 (0,8,0) -> (2,8,0), had no out-going switches
Warning 606: Node: 35334 with RR_type: CHANX  at Location:CHANX:35334 L4x length:2 (0,8,0) -> (1,8,0), had no out-going switches
Warning 607: Node: 35336 with RR_type: CHANX  at Location:CHANX:35336 L4x length:1 (0,8,0) -> (0,8,0), had no out-going switches
Warning 608: Node: 35338 with RR_type: CHANX  at Location:CHANX:35338 L4x length:4 (0,8,0) -> (3,8,0), had no out-going switches
Warning 609: Node: 35340 with RR_type: CHANX  at Location:CHANX:35340 L4x length:3 (0,8,0) -> (2,8,0), had no out-going switches
Warning 610: Node: 35342 with RR_type: CHANX  at Location:CHANX:35342 L4x length:2 (0,8,0) -> (1,8,0), had no out-going switches
Warning 611: Node: 35344 with RR_type: CHANX  at Location:CHANX:35344 L4x length:1 (0,8,0) -> (0,8,0), had no out-going switches
Warning 612: Node: 35617 with RR_type: CHANX  at Location:CHANX:35617 L4x length:4 (13,8,0) -> (10,8,0), had no out-going switches
Warning 613: Node: 35619 with RR_type: CHANX  at Location:CHANX:35619 L4x length:4 (13,8,0) -> (10,8,0), had no out-going switches
Warning 614: Node: 35621 with RR_type: CHANX  at Location:CHANX:35621 L4x length:4 (13,8,0) -> (10,8,0), had no out-going switches
Warning 615: Node: 35623 with RR_type: CHANX  at Location:CHANX:35623 L4x length:4 (13,8,0) -> (10,8,0), had no out-going switches
Warning 616: Node: 35625 with RR_type: CHANX  at Location:CHANX:35625 L4x length:4 (13,8,0) -> (10,8,0), had no out-going switches
Warning 617: Node: 35645 with RR_type: CHANX  at Location:CHANX:35645 L4x length:3 (13,8,0) -> (11,8,0), had no out-going switches
Warning 618: Node: 35647 with RR_type: CHANX  at Location:CHANX:35647 L4x length:3 (13,8,0) -> (11,8,0), had no out-going switches
Warning 619: Node: 35649 with RR_type: CHANX  at Location:CHANX:35649 L4x length:3 (13,8,0) -> (11,8,0), had no out-going switches
Warning 620: Node: 35651 with RR_type: CHANX  at Location:CHANX:35651 L4x length:3 (13,8,0) -> (11,8,0), had no out-going switches
Warning 621: Node: 35653 with RR_type: CHANX  at Location:CHANX:35653 L4x length:3 (13,8,0) -> (11,8,0), had no out-going switches
Warning 622: Node: 35667 with RR_type: CHANX  at Location:CHANX:35667 L2x length:2 (13,8,0) -> (12,8,0), had no out-going switches
Warning 623: Node: 35669 with RR_type: CHANX  at Location:CHANX:35669 L2x length:2 (13,8,0) -> (12,8,0), had no out-going switches
Warning 624: Node: 35671 with RR_type: CHANX  at Location:CHANX:35671 L2x length:2 (13,8,0) -> (12,8,0), had no out-going switches
Warning 625: Node: 35673 with RR_type: CHANX  at Location:CHANX:35673 L4x length:2 (13,8,0) -> (12,8,0), had no out-going switches
Warning 626: Node: 35675 with RR_type: CHANX  at Location:CHANX:35675 L4x length:2 (13,8,0) -> (12,8,0), had no out-going switches
Warning 627: Node: 35677 with RR_type: CHANX  at Location:CHANX:35677 L4x length:2 (13,8,0) -> (12,8,0), had no out-going switches
Warning 628: Node: 35679 with RR_type: CHANX  at Location:CHANX:35679 L4x length:2 (13,8,0) -> (12,8,0), had no out-going switches
Warning 629: Node: 35681 with RR_type: CHANX  at Location:CHANX:35681 L4x length:2 (13,8,0) -> (12,8,0), had no out-going switches
Warning 630: Node: 35683 with RR_type: CHANX  at Location:CHANX:35683 L1x length:1 (13,8,0) -> (13,8,0), had no out-going switches
Warning 631: Node: 35685 with RR_type: CHANX  at Location:CHANX:35685 L1x length:1 (13,8,0) -> (13,8,0), had no out-going switches
Warning 632: Node: 35687 with RR_type: CHANX  at Location:CHANX:35687 L1x length:1 (13,8,0) -> (13,8,0), had no out-going switches
Warning 633: Node: 35689 with RR_type: CHANX  at Location:CHANX:35689 L1x length:1 (13,8,0) -> (13,8,0), had no out-going switches
Warning 634: Node: 35691 with RR_type: CHANX  at Location:CHANX:35691 L1x length:1 (13,8,0) -> (13,8,0), had no out-going switches
Warning 635: Node: 35693 with RR_type: CHANX  at Location:CHANX:35693 L1x length:1 (13,8,0) -> (13,8,0), had no out-going switches
Warning 636: Node: 35695 with RR_type: CHANX  at Location:CHANX:35695 L2x length:1 (13,8,0) -> (13,8,0), had no out-going switches
Warning 637: Node: 35697 with RR_type: CHANX  at Location:CHANX:35697 L2x length:1 (13,8,0) -> (13,8,0), had no out-going switches
Warning 638: Node: 35699 with RR_type: CHANX  at Location:CHANX:35699 L2x length:1 (13,8,0) -> (13,8,0), had no out-going switches
Warning 639: Node: 35701 with RR_type: CHANX  at Location:CHANX:35701 L4x length:1 (13,8,0) -> (13,8,0), had no out-going switches
Warning 640: Node: 35703 with RR_type: CHANX  at Location:CHANX:35703 L4x length:1 (13,8,0) -> (13,8,0), had no out-going switches
Warning 641: Node: 35705 with RR_type: CHANX  at Location:CHANX:35705 L4x length:1 (13,8,0) -> (13,8,0), had no out-going switches
Warning 642: Node: 35707 with RR_type: CHANX  at Location:CHANX:35707 L4x length:1 (13,8,0) -> (13,8,0), had no out-going switches
Warning 643: Node: 35709 with RR_type: CHANX  at Location:CHANX:35709 L4x length:1 (13,8,0) -> (13,8,0), had no out-going switches
Warning 644: Node: 35710 with RR_type: CHANX  at Location:CHANX:35710 L1x length:1 (0,9,0) -> (0,9,0), had no out-going switches
Warning 645: Node: 35712 with RR_type: CHANX  at Location:CHANX:35712 L1x length:1 (0,9,0) -> (0,9,0), had no out-going switches
Warning 646: Node: 35714 with RR_type: CHANX  at Location:CHANX:35714 L1x length:1 (0,9,0) -> (0,9,0), had no out-going switches
Warning 647: Node: 35716 with RR_type: CHANX  at Location:CHANX:35716 L1x length:1 (0,9,0) -> (0,9,0), had no out-going switches
Warning 648: Node: 35718 with RR_type: CHANX  at Location:CHANX:35718 L1x length:1 (0,9,0) -> (0,9,0), had no out-going switches
Warning 649: Node: 35720 with RR_type: CHANX  at Location:CHANX:35720 L1x length:1 (0,9,0) -> (0,9,0), had no out-going switches
Warning 650: Node: 35722 with RR_type: CHANX  at Location:CHANX:35722 L2x length:2 (0,9,0) -> (1,9,0), had no out-going switches
Warning 651: Node: 35724 with RR_type: CHANX  at Location:CHANX:35724 L2x length:1 (0,9,0) -> (0,9,0), had no out-going switches
Warning 652: Node: 35726 with RR_type: CHANX  at Location:CHANX:35726 L2x length:2 (0,9,0) -> (1,9,0), had no out-going switches
Warning 653: Node: 35728 with RR_type: CHANX  at Location:CHANX:35728 L2x length:1 (0,9,0) -> (0,9,0), had no out-going switches
Warning 654: Node: 35730 with RR_type: CHANX  at Location:CHANX:35730 L2x length:2 (0,9,0) -> (1,9,0), had no out-going switches
Warning 655: Node: 35732 with RR_type: CHANX  at Location:CHANX:35732 L2x length:1 (0,9,0) -> (0,9,0), had no out-going switches
Warning 656: Node: 35734 with RR_type: CHANX  at Location:CHANX:35734 L4x length:4 (0,9,0) -> (3,9,0), had no out-going switches
Warning 657: Node: 35736 with RR_type: CHANX  at Location:CHANX:35736 L4x length:3 (0,9,0) -> (2,9,0), had no out-going switches
Warning 658: Node: 35738 with RR_type: CHANX  at Location:CHANX:35738 L4x length:2 (0,9,0) -> (1,9,0), had no out-going switches
Warning 659: Node: 35740 with RR_type: CHANX  at Location:CHANX:35740 L4x length:1 (0,9,0) -> (0,9,0), had no out-going switches
Warning 660: Node: 35742 with RR_type: CHANX  at Location:CHANX:35742 L4x length:4 (0,9,0) -> (3,9,0), had no out-going switches
Warning 661: Node: 35744 with RR_type: CHANX  at Location:CHANX:35744 L4x length:3 (0,9,0) -> (2,9,0), had no out-going switches
Warning 662: Node: 35746 with RR_type: CHANX  at Location:CHANX:35746 L4x length:2 (0,9,0) -> (1,9,0), had no out-going switches
Warning 663: Node: 35748 with RR_type: CHANX  at Location:CHANX:35748 L4x length:1 (0,9,0) -> (0,9,0), had no out-going switches
Warning 664: Node: 35750 with RR_type: CHANX  at Location:CHANX:35750 L4x length:4 (0,9,0) -> (3,9,0), had no out-going switches
Warning 665: Node: 35752 with RR_type: CHANX  at Location:CHANX:35752 L4x length:3 (0,9,0) -> (2,9,0), had no out-going switches
Warning 666: Node: 35754 with RR_type: CHANX  at Location:CHANX:35754 L4x length:2 (0,9,0) -> (1,9,0), had no out-going switches
Warning 667: Node: 35756 with RR_type: CHANX  at Location:CHANX:35756 L4x length:1 (0,9,0) -> (0,9,0), had no out-going switches
Warning 668: Node: 35758 with RR_type: CHANX  at Location:CHANX:35758 L4x length:4 (0,9,0) -> (3,9,0), had no out-going switches
Warning 669: Node: 35760 with RR_type: CHANX  at Location:CHANX:35760 L4x length:3 (0,9,0) -> (2,9,0), had no out-going switches
Warning 670: Node: 35762 with RR_type: CHANX  at Location:CHANX:35762 L4x length:2 (0,9,0) -> (1,9,0), had no out-going switches
Warning 671: Node: 35764 with RR_type: CHANX  at Location:CHANX:35764 L4x length:1 (0,9,0) -> (0,9,0), had no out-going switches
Warning 672: Node: 35766 with RR_type: CHANX  at Location:CHANX:35766 L4x length:4 (0,9,0) -> (3,9,0), had no out-going switches
Warning 673: Node: 35768 with RR_type: CHANX  at Location:CHANX:35768 L4x length:3 (0,9,0) -> (2,9,0), had no out-going switches
Warning 674: Node: 35770 with RR_type: CHANX  at Location:CHANX:35770 L4x length:2 (0,9,0) -> (1,9,0), had no out-going switches
Warning 675: Node: 35772 with RR_type: CHANX  at Location:CHANX:35772 L4x length:1 (0,9,0) -> (0,9,0), had no out-going switches
Warning 676: Node: 36045 with RR_type: CHANX  at Location:CHANX:36045 L4x length:4 (13,9,0) -> (10,9,0), had no out-going switches
Warning 677: Node: 36047 with RR_type: CHANX  at Location:CHANX:36047 L4x length:4 (13,9,0) -> (10,9,0), had no out-going switches
Warning 678: Node: 36049 with RR_type: CHANX  at Location:CHANX:36049 L4x length:4 (13,9,0) -> (10,9,0), had no out-going switches
Warning 679: Node: 36051 with RR_type: CHANX  at Location:CHANX:36051 L4x length:4 (13,9,0) -> (10,9,0), had no out-going switches
Warning 680: Node: 36053 with RR_type: CHANX  at Location:CHANX:36053 L4x length:4 (13,9,0) -> (10,9,0), had no out-going switches
Warning 681: Node: 36073 with RR_type: CHANX  at Location:CHANX:36073 L4x length:3 (13,9,0) -> (11,9,0), had no out-going switches
Warning 682: Node: 36075 with RR_type: CHANX  at Location:CHANX:36075 L4x length:3 (13,9,0) -> (11,9,0), had no out-going switches
Warning 683: Node: 36077 with RR_type: CHANX  at Location:CHANX:36077 L4x length:3 (13,9,0) -> (11,9,0), had no out-going switches
Warning 684: Node: 36079 with RR_type: CHANX  at Location:CHANX:36079 L4x length:3 (13,9,0) -> (11,9,0), had no out-going switches
Warning 685: Node: 36081 with RR_type: CHANX  at Location:CHANX:36081 L4x length:3 (13,9,0) -> (11,9,0), had no out-going switches
Warning 686: Node: 36095 with RR_type: CHANX  at Location:CHANX:36095 L2x length:2 (13,9,0) -> (12,9,0), had no out-going switches
Warning 687: Node: 36097 with RR_type: CHANX  at Location:CHANX:36097 L2x length:2 (13,9,0) -> (12,9,0), had no out-going switches
Warning 688: Node: 36099 with RR_type: CHANX  at Location:CHANX:36099 L2x length:2 (13,9,0) -> (12,9,0), had no out-going switches
Warning 689: Node: 36101 with RR_type: CHANX  at Location:CHANX:36101 L4x length:2 (13,9,0) -> (12,9,0), had no out-going switches
Warning 690: Node: 36103 with RR_type: CHANX  at Location:CHANX:36103 L4x length:2 (13,9,0) -> (12,9,0), had no out-going switches
Warning 691: Node: 36105 with RR_type: CHANX  at Location:CHANX:36105 L4x length:2 (13,9,0) -> (12,9,0), had no out-going switches
Warning 692: Node: 36107 with RR_type: CHANX  at Location:CHANX:36107 L4x length:2 (13,9,0) -> (12,9,0), had no out-going switches
Warning 693: Node: 36109 with RR_type: CHANX  at Location:CHANX:36109 L4x length:2 (13,9,0) -> (12,9,0), had no out-going switches
Warning 694: Node: 36111 with RR_type: CHANX  at Location:CHANX:36111 L1x length:1 (13,9,0) -> (13,9,0), had no out-going switches
Warning 695: Node: 36113 with RR_type: CHANX  at Location:CHANX:36113 L1x length:1 (13,9,0) -> (13,9,0), had no out-going switches
Warning 696: Node: 36115 with RR_type: CHANX  at Location:CHANX:36115 L1x length:1 (13,9,0) -> (13,9,0), had no out-going switches
Warning 697: Node: 36117 with RR_type: CHANX  at Location:CHANX:36117 L1x length:1 (13,9,0) -> (13,9,0), had no out-going switches
Warning 698: Node: 36119 with RR_type: CHANX  at Location:CHANX:36119 L1x length:1 (13,9,0) -> (13,9,0), had no out-going switches
Warning 699: Node: 36121 with RR_type: CHANX  at Location:CHANX:36121 L1x length:1 (13,9,0) -> (13,9,0), had no out-going switches
Warning 700: Node: 36123 with RR_type: CHANX  at Location:CHANX:36123 L2x length:1 (13,9,0) -> (13,9,0), had no out-going switches
Warning 701: Node: 36125 with RR_type: CHANX  at Location:CHANX:36125 L2x length:1 (13,9,0) -> (13,9,0), had no out-going switches
Warning 702: Node: 36127 with RR_type: CHANX  at Location:CHANX:36127 L2x length:1 (13,9,0) -> (13,9,0), had no out-going switches
Warning 703: Node: 36129 with RR_type: CHANX  at Location:CHANX:36129 L4x length:1 (13,9,0) -> (13,9,0), had no out-going switches
Warning 704: Node: 36131 with RR_type: CHANX  at Location:CHANX:36131 L4x length:1 (13,9,0) -> (13,9,0), had no out-going switches
Warning 705: Node: 36133 with RR_type: CHANX  at Location:CHANX:36133 L4x length:1 (13,9,0) -> (13,9,0), had no out-going switches
Warning 706: Node: 36135 with RR_type: CHANX  at Location:CHANX:36135 L4x length:1 (13,9,0) -> (13,9,0), had no out-going switches
Warning 707: Node: 36137 with RR_type: CHANX  at Location:CHANX:36137 L4x length:1 (13,9,0) -> (13,9,0), had no out-going switches
Warning 708: Node: 36138 with RR_type: CHANX  at Location:CHANX:36138 L1x length:1 (0,10,0) -> (0,10,0), had no out-going switches
Warning 709: Node: 36140 with RR_type: CHANX  at Location:CHANX:36140 L1x length:1 (0,10,0) -> (0,10,0), had no out-going switches
Warning 710: Node: 36142 with RR_type: CHANX  at Location:CHANX:36142 L1x length:1 (0,10,0) -> (0,10,0), had no out-going switches
Warning 711: Node: 36144 with RR_type: CHANX  at Location:CHANX:36144 L1x length:1 (0,10,0) -> (0,10,0), had no out-going switches
Warning 712: Node: 36146 with RR_type: CHANX  at Location:CHANX:36146 L1x length:1 (0,10,0) -> (0,10,0), had no out-going switches
Warning 713: Node: 36148 with RR_type: CHANX  at Location:CHANX:36148 L1x length:1 (0,10,0) -> (0,10,0), had no out-going switches
Warning 714: Node: 36150 with RR_type: CHANX  at Location:CHANX:36150 L2x length:2 (0,10,0) -> (1,10,0), had no out-going switches
Warning 715: Node: 36152 with RR_type: CHANX  at Location:CHANX:36152 L2x length:1 (0,10,0) -> (0,10,0), had no out-going switches
Warning 716: Node: 36154 with RR_type: CHANX  at Location:CHANX:36154 L2x length:2 (0,10,0) -> (1,10,0), had no out-going switches
Warning 717: Node: 36156 with RR_type: CHANX  at Location:CHANX:36156 L2x length:1 (0,10,0) -> (0,10,0), had no out-going switches
Warning 718: Node: 36158 with RR_type: CHANX  at Location:CHANX:36158 L2x length:2 (0,10,0) -> (1,10,0), had no out-going switches
Warning 719: Node: 36160 with RR_type: CHANX  at Location:CHANX:36160 L2x length:1 (0,10,0) -> (0,10,0), had no out-going switches
Warning 720: Node: 36162 with RR_type: CHANX  at Location:CHANX:36162 L4x length:4 (0,10,0) -> (3,10,0), had no out-going switches
Warning 721: Node: 36164 with RR_type: CHANX  at Location:CHANX:36164 L4x length:3 (0,10,0) -> (2,10,0), had no out-going switches
Warning 722: Node: 36166 with RR_type: CHANX  at Location:CHANX:36166 L4x length:2 (0,10,0) -> (1,10,0), had no out-going switches
Warning 723: Node: 36168 with RR_type: CHANX  at Location:CHANX:36168 L4x length:1 (0,10,0) -> (0,10,0), had no out-going switches
Warning 724: Node: 36170 with RR_type: CHANX  at Location:CHANX:36170 L4x length:4 (0,10,0) -> (3,10,0), had no out-going switches
Warning 725: Node: 36172 with RR_type: CHANX  at Location:CHANX:36172 L4x length:3 (0,10,0) -> (2,10,0), had no out-going switches
Warning 726: Node: 36174 with RR_type: CHANX  at Location:CHANX:36174 L4x length:2 (0,10,0) -> (1,10,0), had no out-going switches
Warning 727: Node: 36176 with RR_type: CHANX  at Location:CHANX:36176 L4x length:1 (0,10,0) -> (0,10,0), had no out-going switches
Warning 728: Node: 36178 with RR_type: CHANX  at Location:CHANX:36178 L4x length:4 (0,10,0) -> (3,10,0), had no out-going switches
Warning 729: Node: 36180 with RR_type: CHANX  at Location:CHANX:36180 L4x length:3 (0,10,0) -> (2,10,0), had no out-going switches
Warning 730: Node: 36182 with RR_type: CHANX  at Location:CHANX:36182 L4x length:2 (0,10,0) -> (1,10,0), had no out-going switches
Warning 731: Node: 36184 with RR_type: CHANX  at Location:CHANX:36184 L4x length:1 (0,10,0) -> (0,10,0), had no out-going switches
Warning 732: Node: 36186 with RR_type: CHANX  at Location:CHANX:36186 L4x length:4 (0,10,0) -> (3,10,0), had no out-going switches
Warning 733: Node: 36188 with RR_type: CHANX  at Location:CHANX:36188 L4x length:3 (0,10,0) -> (2,10,0), had no out-going switches
Warning 734: Node: 36190 with RR_type: CHANX  at Location:CHANX:36190 L4x length:2 (0,10,0) -> (1,10,0), had no out-going switches
Warning 735: Node: 36192 with RR_type: CHANX  at Location:CHANX:36192 L4x length:1 (0,10,0) -> (0,10,0), had no out-going switches
Warning 736: Node: 36194 with RR_type: CHANX  at Location:CHANX:36194 L4x length:4 (0,10,0) -> (3,10,0), had no out-going switches
Warning 737: Node: 36196 with RR_type: CHANX  at Location:CHANX:36196 L4x length:3 (0,10,0) -> (2,10,0), had no out-going switches
Warning 738: Node: 36198 with RR_type: CHANX  at Location:CHANX:36198 L4x length:2 (0,10,0) -> (1,10,0), had no out-going switches
Warning 739: Node: 36200 with RR_type: CHANX  at Location:CHANX:36200 L4x length:1 (0,10,0) -> (0,10,0), had no out-going switches
Warning 740: Node: 36473 with RR_type: CHANX  at Location:CHANX:36473 L4x length:4 (13,10,0) -> (10,10,0), had no out-going switches
Warning 741: Node: 36475 with RR_type: CHANX  at Location:CHANX:36475 L4x length:4 (13,10,0) -> (10,10,0), had no out-going switches
Warning 742: Node: 36477 with RR_type: CHANX  at Location:CHANX:36477 L4x length:4 (13,10,0) -> (10,10,0), had no out-going switches
Warning 743: Node: 36479 with RR_type: CHANX  at Location:CHANX:36479 L4x length:4 (13,10,0) -> (10,10,0), had no out-going switches
Warning 744: Node: 36481 with RR_type: CHANX  at Location:CHANX:36481 L4x length:4 (13,10,0) -> (10,10,0), had no out-going switches
Warning 745: Node: 36501 with RR_type: CHANX  at Location:CHANX:36501 L4x length:3 (13,10,0) -> (11,10,0), had no out-going switches
Warning 746: Node: 36503 with RR_type: CHANX  at Location:CHANX:36503 L4x length:3 (13,10,0) -> (11,10,0), had no out-going switches
Warning 747: Node: 36505 with RR_type: CHANX  at Location:CHANX:36505 L4x length:3 (13,10,0) -> (11,10,0), had no out-going switches
Warning 748: Node: 36507 with RR_type: CHANX  at Location:CHANX:36507 L4x length:3 (13,10,0) -> (11,10,0), had no out-going switches
Warning 749: Node: 36509 with RR_type: CHANX  at Location:CHANX:36509 L4x length:3 (13,10,0) -> (11,10,0), had no out-going switches
Warning 750: Node: 36523 with RR_type: CHANX  at Location:CHANX:36523 L2x length:2 (13,10,0) -> (12,10,0), had no out-going switches
Warning 751: Node: 36525 with RR_type: CHANX  at Location:CHANX:36525 L2x length:2 (13,10,0) -> (12,10,0), had no out-going switches
Warning 752: Node: 36527 with RR_type: CHANX  at Location:CHANX:36527 L2x length:2 (13,10,0) -> (12,10,0), had no out-going switches
Warning 753: Node: 36529 with RR_type: CHANX  at Location:CHANX:36529 L4x length:2 (13,10,0) -> (12,10,0), had no out-going switches
Warning 754: Node: 36531 with RR_type: CHANX  at Location:CHANX:36531 L4x length:2 (13,10,0) -> (12,10,0), had no out-going switches
Warning 755: Node: 36533 with RR_type: CHANX  at Location:CHANX:36533 L4x length:2 (13,10,0) -> (12,10,0), had no out-going switches
Warning 756: Node: 36535 with RR_type: CHANX  at Location:CHANX:36535 L4x length:2 (13,10,0) -> (12,10,0), had no out-going switches
Warning 757: Node: 36537 with RR_type: CHANX  at Location:CHANX:36537 L4x length:2 (13,10,0) -> (12,10,0), had no out-going switches
Warning 758: Node: 36539 with RR_type: CHANX  at Location:CHANX:36539 L1x length:1 (13,10,0) -> (13,10,0), had no out-going switches
Warning 759: Node: 36541 with RR_type: CHANX  at Location:CHANX:36541 L1x length:1 (13,10,0) -> (13,10,0), had no out-going switches
Warning 760: Node: 36543 with RR_type: CHANX  at Location:CHANX:36543 L1x length:1 (13,10,0) -> (13,10,0), had no out-going switches
Warning 761: Node: 36545 with RR_type: CHANX  at Location:CHANX:36545 L1x length:1 (13,10,0) -> (13,10,0), had no out-going switches
Warning 762: Node: 36547 with RR_type: CHANX  at Location:CHANX:36547 L1x length:1 (13,10,0) -> (13,10,0), had no out-going switches
Warning 763: Node: 36549 with RR_type: CHANX  at Location:CHANX:36549 L1x length:1 (13,10,0) -> (13,10,0), had no out-going switches
Warning 764: Node: 36551 with RR_type: CHANX  at Location:CHANX:36551 L2x length:1 (13,10,0) -> (13,10,0), had no out-going switches
Warning 765: Node: 36553 with RR_type: CHANX  at Location:CHANX:36553 L2x length:1 (13,10,0) -> (13,10,0), had no out-going switches
Warning 766: Node: 36555 with RR_type: CHANX  at Location:CHANX:36555 L2x length:1 (13,10,0) -> (13,10,0), had no out-going switches
Warning 767: Node: 36557 with RR_type: CHANX  at Location:CHANX:36557 L4x length:1 (13,10,0) -> (13,10,0), had no out-going switches
Warning 768: Node: 36559 with RR_type: CHANX  at Location:CHANX:36559 L4x length:1 (13,10,0) -> (13,10,0), had no out-going switches
Warning 769: Node: 36561 with RR_type: CHANX  at Location:CHANX:36561 L4x length:1 (13,10,0) -> (13,10,0), had no out-going switches
Warning 770: Node: 36563 with RR_type: CHANX  at Location:CHANX:36563 L4x length:1 (13,10,0) -> (13,10,0), had no out-going switches
Warning 771: Node: 36565 with RR_type: CHANX  at Location:CHANX:36565 L4x length:1 (13,10,0) -> (13,10,0), had no out-going switches
Warning 772: Node: 36566 with RR_type: CHANX  at Location:CHANX:36566 L1x length:1 (0,11,0) -> (0,11,0), had no out-going switches
Warning 773: Node: 36568 with RR_type: CHANX  at Location:CHANX:36568 L1x length:1 (0,11,0) -> (0,11,0), had no out-going switches
Warning 774: Node: 36570 with RR_type: CHANX  at Location:CHANX:36570 L1x length:1 (0,11,0) -> (0,11,0), had no out-going switches
Warning 775: Node: 36572 with RR_type: CHANX  at Location:CHANX:36572 L1x length:1 (0,11,0) -> (0,11,0), had no out-going switches
Warning 776: Node: 36574 with RR_type: CHANX  at Location:CHANX:36574 L1x length:1 (0,11,0) -> (0,11,0), had no out-going switches
Warning 777: Node: 36576 with RR_type: CHANX  at Location:CHANX:36576 L1x length:1 (0,11,0) -> (0,11,0), had no out-going switches
Warning 778: Node: 36578 with RR_type: CHANX  at Location:CHANX:36578 L2x length:2 (0,11,0) -> (1,11,0), had no out-going switches
Warning 779: Node: 36580 with RR_type: CHANX  at Location:CHANX:36580 L2x length:1 (0,11,0) -> (0,11,0), had no out-going switches
Warning 780: Node: 36582 with RR_type: CHANX  at Location:CHANX:36582 L2x length:2 (0,11,0) -> (1,11,0), had no out-going switches
Warning 781: Node: 36584 with RR_type: CHANX  at Location:CHANX:36584 L2x length:1 (0,11,0) -> (0,11,0), had no out-going switches
Warning 782: Node: 36586 with RR_type: CHANX  at Location:CHANX:36586 L2x length:2 (0,11,0) -> (1,11,0), had no out-going switches
Warning 783: Node: 36588 with RR_type: CHANX  at Location:CHANX:36588 L2x length:1 (0,11,0) -> (0,11,0), had no out-going switches
Warning 784: Node: 36590 with RR_type: CHANX  at Location:CHANX:36590 L4x length:4 (0,11,0) -> (3,11,0), had no out-going switches
Warning 785: Node: 36592 with RR_type: CHANX  at Location:CHANX:36592 L4x length:3 (0,11,0) -> (2,11,0), had no out-going switches
Warning 786: Node: 36594 with RR_type: CHANX  at Location:CHANX:36594 L4x length:2 (0,11,0) -> (1,11,0), had no out-going switches
Warning 787: Node: 36596 with RR_type: CHANX  at Location:CHANX:36596 L4x length:1 (0,11,0) -> (0,11,0), had no out-going switches
Warning 788: Node: 36598 with RR_type: CHANX  at Location:CHANX:36598 L4x length:4 (0,11,0) -> (3,11,0), had no out-going switches
Warning 789: Node: 36600 with RR_type: CHANX  at Location:CHANX:36600 L4x length:3 (0,11,0) -> (2,11,0), had no out-going switches
Warning 790: Node: 36602 with RR_type: CHANX  at Location:CHANX:36602 L4x length:2 (0,11,0) -> (1,11,0), had no out-going switches
Warning 791: Node: 36604 with RR_type: CHANX  at Location:CHANX:36604 L4x length:1 (0,11,0) -> (0,11,0), had no out-going switches
Warning 792: Node: 36606 with RR_type: CHANX  at Location:CHANX:36606 L4x length:4 (0,11,0) -> (3,11,0), had no out-going switches
Warning 793: Node: 36608 with RR_type: CHANX  at Location:CHANX:36608 L4x length:3 (0,11,0) -> (2,11,0), had no out-going switches
Warning 794: Node: 36610 with RR_type: CHANX  at Location:CHANX:36610 L4x length:2 (0,11,0) -> (1,11,0), had no out-going switches
Warning 795: Node: 36612 with RR_type: CHANX  at Location:CHANX:36612 L4x length:1 (0,11,0) -> (0,11,0), had no out-going switches
Warning 796: Node: 36614 with RR_type: CHANX  at Location:CHANX:36614 L4x length:4 (0,11,0) -> (3,11,0), had no out-going switches
Warning 797: Node: 36616 with RR_type: CHANX  at Location:CHANX:36616 L4x length:3 (0,11,0) -> (2,11,0), had no out-going switches
Warning 798: Node: 36618 with RR_type: CHANX  at Location:CHANX:36618 L4x length:2 (0,11,0) -> (1,11,0), had no out-going switches
Warning 799: Node: 36620 with RR_type: CHANX  at Location:CHANX:36620 L4x length:1 (0,11,0) -> (0,11,0), had no out-going switches
Warning 800: Node: 36622 with RR_type: CHANX  at Location:CHANX:36622 L4x length:4 (0,11,0) -> (3,11,0), had no out-going switches
Warning 801: Node: 36624 with RR_type: CHANX  at Location:CHANX:36624 L4x length:3 (0,11,0) -> (2,11,0), had no out-going switches
Warning 802: Node: 36626 with RR_type: CHANX  at Location:CHANX:36626 L4x length:2 (0,11,0) -> (1,11,0), had no out-going switches
Warning 803: Node: 36628 with RR_type: CHANX  at Location:CHANX:36628 L4x length:1 (0,11,0) -> (0,11,0), had no out-going switches
Warning 804: Node: 36901 with RR_type: CHANX  at Location:CHANX:36901 L4x length:4 (13,11,0) -> (10,11,0), had no out-going switches
Warning 805: Node: 36903 with RR_type: CHANX  at Location:CHANX:36903 L4x length:4 (13,11,0) -> (10,11,0), had no out-going switches
Warning 806: Node: 36905 with RR_type: CHANX  at Location:CHANX:36905 L4x length:4 (13,11,0) -> (10,11,0), had no out-going switches
Warning 807: Node: 36907 with RR_type: CHANX  at Location:CHANX:36907 L4x length:4 (13,11,0) -> (10,11,0), had no out-going switches
Warning 808: Node: 36909 with RR_type: CHANX  at Location:CHANX:36909 L4x length:4 (13,11,0) -> (10,11,0), had no out-going switches
Warning 809: Node: 36929 with RR_type: CHANX  at Location:CHANX:36929 L4x length:3 (13,11,0) -> (11,11,0), had no out-going switches
Warning 810: Node: 36931 with RR_type: CHANX  at Location:CHANX:36931 L4x length:3 (13,11,0) -> (11,11,0), had no out-going switches
Warning 811: Node: 36933 with RR_type: CHANX  at Location:CHANX:36933 L4x length:3 (13,11,0) -> (11,11,0), had no out-going switches
Warning 812: Node: 36935 with RR_type: CHANX  at Location:CHANX:36935 L4x length:3 (13,11,0) -> (11,11,0), had no out-going switches
Warning 813: Node: 36937 with RR_type: CHANX  at Location:CHANX:36937 L4x length:3 (13,11,0) -> (11,11,0), had no out-going switches
Warning 814: Node: 36951 with RR_type: CHANX  at Location:CHANX:36951 L2x length:2 (13,11,0) -> (12,11,0), had no out-going switches
Warning 815: Node: 36953 with RR_type: CHANX  at Location:CHANX:36953 L2x length:2 (13,11,0) -> (12,11,0), had no out-going switches
Warning 816: Node: 36955 with RR_type: CHANX  at Location:CHANX:36955 L2x length:2 (13,11,0) -> (12,11,0), had no out-going switches
Warning 817: Node: 36957 with RR_type: CHANX  at Location:CHANX:36957 L4x length:2 (13,11,0) -> (12,11,0), had no out-going switches
Warning 818: Node: 36959 with RR_type: CHANX  at Location:CHANX:36959 L4x length:2 (13,11,0) -> (12,11,0), had no out-going switches
Warning 819: Node: 36961 with RR_type: CHANX  at Location:CHANX:36961 L4x length:2 (13,11,0) -> (12,11,0), had no out-going switches
Warning 820: Node: 36963 with RR_type: CHANX  at Location:CHANX:36963 L4x length:2 (13,11,0) -> (12,11,0), had no out-going switches
Warning 821: Node: 36965 with RR_type: CHANX  at Location:CHANX:36965 L4x length:2 (13,11,0) -> (12,11,0), had no out-going switches
Warning 822: Node: 36967 with RR_type: CHANX  at Location:CHANX:36967 L1x length:1 (13,11,0) -> (13,11,0), had no out-going switches
Warning 823: Node: 36969 with RR_type: CHANX  at Location:CHANX:36969 L1x length:1 (13,11,0) -> (13,11,0), had no out-going switches
Warning 824: Node: 36971 with RR_type: CHANX  at Location:CHANX:36971 L1x length:1 (13,11,0) -> (13,11,0), had no out-going switches
Warning 825: Node: 36973 with RR_type: CHANX  at Location:CHANX:36973 L1x length:1 (13,11,0) -> (13,11,0), had no out-going switches
Warning 826: Node: 36975 with RR_type: CHANX  at Location:CHANX:36975 L1x length:1 (13,11,0) -> (13,11,0), had no out-going switches
Warning 827: Node: 36977 with RR_type: CHANX  at Location:CHANX:36977 L1x length:1 (13,11,0) -> (13,11,0), had no out-going switches
Warning 828: Node: 36979 with RR_type: CHANX  at Location:CHANX:36979 L2x length:1 (13,11,0) -> (13,11,0), had no out-going switches
Warning 829: Node: 36981 with RR_type: CHANX  at Location:CHANX:36981 L2x length:1 (13,11,0) -> (13,11,0), had no out-going switches
Warning 830: Node: 36983 with RR_type: CHANX  at Location:CHANX:36983 L2x length:1 (13,11,0) -> (13,11,0), had no out-going switches
Warning 831: Node: 36985 with RR_type: CHANX  at Location:CHANX:36985 L4x length:1 (13,11,0) -> (13,11,0), had no out-going switches
Warning 832: Node: 36987 with RR_type: CHANX  at Location:CHANX:36987 L4x length:1 (13,11,0) -> (13,11,0), had no out-going switches
Warning 833: Node: 36989 with RR_type: CHANX  at Location:CHANX:36989 L4x length:1 (13,11,0) -> (13,11,0), had no out-going switches
Warning 834: Node: 36991 with RR_type: CHANX  at Location:CHANX:36991 L4x length:1 (13,11,0) -> (13,11,0), had no out-going switches
Warning 835: Node: 36993 with RR_type: CHANX  at Location:CHANX:36993 L4x length:1 (13,11,0) -> (13,11,0), had no out-going switches
Warning 836: Node: 37738 with RR_type: CHANY  at Location:CHANY:37738 L1y length:1 (1,0,0) -> (1,0,0), had no out-going switches
Warning 837: Node: 37740 with RR_type: CHANY  at Location:CHANY:37740 L1y length:1 (1,0,0) -> (1,0,0), had no out-going switches
Warning 838: Node: 37742 with RR_type: CHANY  at Location:CHANY:37742 L1y length:1 (1,0,0) -> (1,0,0), had no out-going switches
Warning 839: Node: 37744 with RR_type: CHANY  at Location:CHANY:37744 L1y length:1 (1,0,0) -> (1,0,0), had no out-going switches
Warning 840: Node: 37746 with RR_type: CHANY  at Location:CHANY:37746 L1y length:1 (1,0,0) -> (1,0,0), had no out-going switches
Warning 841: Node: 37748 with RR_type: CHANY  at Location:CHANY:37748 L1y length:1 (1,0,0) -> (1,0,0), had no out-going switches
Warning 842: Node: 37750 with RR_type: CHANY  at Location:CHANY:37750 L2y length:2 (1,0,0) -> (1,1,0), had no out-going switches
Warning 843: Node: 37752 with RR_type: CHANY  at Location:CHANY:37752 L2y length:1 (1,0,0) -> (1,0,0), had no out-going switches
Warning 844: Node: 37754 with RR_type: CHANY  at Location:CHANY:37754 L2y length:2 (1,0,0) -> (1,1,0), had no out-going switches
Warning 845: Node: 37756 with RR_type: CHANY  at Location:CHANY:37756 L2y length:1 (1,0,0) -> (1,0,0), had no out-going switches
Warning 846: Node: 37758 with RR_type: CHANY  at Location:CHANY:37758 L2y length:2 (1,0,0) -> (1,1,0), had no out-going switches
Warning 847: Node: 37760 with RR_type: CHANY  at Location:CHANY:37760 L2y length:1 (1,0,0) -> (1,0,0), had no out-going switches
Warning 848: Node: 37762 with RR_type: CHANY  at Location:CHANY:37762 L4y length:4 (1,0,0) -> (1,3,0), had no out-going switches
Warning 849: Node: 37764 with RR_type: CHANY  at Location:CHANY:37764 L4y length:3 (1,0,0) -> (1,2,0), had no out-going switches
Warning 850: Node: 37766 with RR_type: CHANY  at Location:CHANY:37766 L4y length:2 (1,0,0) -> (1,1,0), had no out-going switches
Warning 851: Node: 37768 with RR_type: CHANY  at Location:CHANY:37768 L4y length:1 (1,0,0) -> (1,0,0), had no out-going switches
Warning 852: Node: 37770 with RR_type: CHANY  at Location:CHANY:37770 L4y length:4 (1,0,0) -> (1,3,0), had no out-going switches
Warning 853: Node: 37772 with RR_type: CHANY  at Location:CHANY:37772 L4y length:3 (1,0,0) -> (1,2,0), had no out-going switches
Warning 854: Node: 37774 with RR_type: CHANY  at Location:CHANY:37774 L4y length:2 (1,0,0) -> (1,1,0), had no out-going switches
Warning 855: Node: 37776 with RR_type: CHANY  at Location:CHANY:37776 L4y length:1 (1,0,0) -> (1,0,0), had no out-going switches
Warning 856: Node: 37778 with RR_type: CHANY  at Location:CHANY:37778 L4y length:4 (1,0,0) -> (1,3,0), had no out-going switches
Warning 857: Node: 37780 with RR_type: CHANY  at Location:CHANY:37780 L4y length:3 (1,0,0) -> (1,2,0), had no out-going switches
Warning 858: Node: 37782 with RR_type: CHANY  at Location:CHANY:37782 L4y length:2 (1,0,0) -> (1,1,0), had no out-going switches
Warning 859: Node: 37784 with RR_type: CHANY  at Location:CHANY:37784 L4y length:1 (1,0,0) -> (1,0,0), had no out-going switches
Warning 860: Node: 37786 with RR_type: CHANY  at Location:CHANY:37786 L4y length:4 (1,0,0) -> (1,3,0), had no out-going switches
Warning 861: Node: 37788 with RR_type: CHANY  at Location:CHANY:37788 L4y length:3 (1,0,0) -> (1,2,0), had no out-going switches
Warning 862: Node: 37790 with RR_type: CHANY  at Location:CHANY:37790 L4y length:2 (1,0,0) -> (1,1,0), had no out-going switches
Warning 863: Node: 37792 with RR_type: CHANY  at Location:CHANY:37792 L4y length:1 (1,0,0) -> (1,0,0), had no out-going switches
Warning 864: Node: 37794 with RR_type: CHANY  at Location:CHANY:37794 L4y length:4 (1,0,0) -> (1,3,0), had no out-going switches
Warning 865: Node: 37796 with RR_type: CHANY  at Location:CHANY:37796 L4y length:3 (1,0,0) -> (1,2,0), had no out-going switches
Warning 866: Node: 37798 with RR_type: CHANY  at Location:CHANY:37798 L4y length:2 (1,0,0) -> (1,1,0), had no out-going switches
Warning 867: Node: 37800 with RR_type: CHANY  at Location:CHANY:37800 L4y length:1 (1,0,0) -> (1,0,0), had no out-going switches
Warning 868: Node: 38073 with RR_type: CHANY  at Location:CHANY:38073 L4y length:4 (1,13,0) -> (1,10,0), had no out-going switches
Warning 869: Node: 38075 with RR_type: CHANY  at Location:CHANY:38075 L4y length:4 (1,13,0) -> (1,10,0), had no out-going switches
Warning 870: Node: 38077 with RR_type: CHANY  at Location:CHANY:38077 L4y length:4 (1,13,0) -> (1,10,0), had no out-going switches
Warning 871: Node: 38079 with RR_type: CHANY  at Location:CHANY:38079 L4y length:4 (1,13,0) -> (1,10,0), had no out-going switches
Warning 872: Node: 38081 with RR_type: CHANY  at Location:CHANY:38081 L4y length:4 (1,13,0) -> (1,10,0), had no out-going switches
Warning 873: Node: 38101 with RR_type: CHANY  at Location:CHANY:38101 L4y length:3 (1,13,0) -> (1,11,0), had no out-going switches
Warning 874: Node: 38103 with RR_type: CHANY  at Location:CHANY:38103 L4y length:3 (1,13,0) -> (1,11,0), had no out-going switches
Warning 875: Node: 38105 with RR_type: CHANY  at Location:CHANY:38105 L4y length:3 (1,13,0) -> (1,11,0), had no out-going switches
Warning 876: Node: 38107 with RR_type: CHANY  at Location:CHANY:38107 L4y length:3 (1,13,0) -> (1,11,0), had no out-going switches
Warning 877: Node: 38109 with RR_type: CHANY  at Location:CHANY:38109 L4y length:3 (1,13,0) -> (1,11,0), had no out-going switches
Warning 878: Node: 38123 with RR_type: CHANY  at Location:CHANY:38123 L2y length:2 (1,13,0) -> (1,12,0), had no out-going switches
Warning 879: Node: 38125 with RR_type: CHANY  at Location:CHANY:38125 L2y length:2 (1,13,0) -> (1,12,0), had no out-going switches
Warning 880: Node: 38127 with RR_type: CHANY  at Location:CHANY:38127 L2y length:2 (1,13,0) -> (1,12,0), had no out-going switches
Warning 881: Node: 38129 with RR_type: CHANY  at Location:CHANY:38129 L4y length:2 (1,13,0) -> (1,12,0), had no out-going switches
Warning 882: Node: 38131 with RR_type: CHANY  at Location:CHANY:38131 L4y length:2 (1,13,0) -> (1,12,0), had no out-going switches
Warning 883: Node: 38133 with RR_type: CHANY  at Location:CHANY:38133 L4y length:2 (1,13,0) -> (1,12,0), had no out-going switches
Warning 884: Node: 38135 with RR_type: CHANY  at Location:CHANY:38135 L4y length:2 (1,13,0) -> (1,12,0), had no out-going switches
Warning 885: Node: 38137 with RR_type: CHANY  at Location:CHANY:38137 L4y length:2 (1,13,0) -> (1,12,0), had no out-going switches
Warning 886: Node: 38139 with RR_type: CHANY  at Location:CHANY:38139 L1y length:1 (1,13,0) -> (1,13,0), had no out-going switches
Warning 887: Node: 38141 with RR_type: CHANY  at Location:CHANY:38141 L1y length:1 (1,13,0) -> (1,13,0), had no out-going switches
Warning 888: Node: 38143 with RR_type: CHANY  at Location:CHANY:38143 L1y length:1 (1,13,0) -> (1,13,0), had no out-going switches
Warning 889: Node: 38145 with RR_type: CHANY  at Location:CHANY:38145 L1y length:1 (1,13,0) -> (1,13,0), had no out-going switches
Warning 890: Node: 38147 with RR_type: CHANY  at Location:CHANY:38147 L1y length:1 (1,13,0) -> (1,13,0), had no out-going switches
Warning 891: Node: 38149 with RR_type: CHANY  at Location:CHANY:38149 L1y length:1 (1,13,0) -> (1,13,0), had no out-going switches
Warning 892: Node: 38151 with RR_type: CHANY  at Location:CHANY:38151 L2y length:1 (1,13,0) -> (1,13,0), had no out-going switches
Warning 893: Node: 38153 with RR_type: CHANY  at Location:CHANY:38153 L2y length:1 (1,13,0) -> (1,13,0), had no out-going switches
Warning 894: Node: 38155 with RR_type: CHANY  at Location:CHANY:38155 L2y length:1 (1,13,0) -> (1,13,0), had no out-going switches
Warning 895: Node: 38157 with RR_type: CHANY  at Location:CHANY:38157 L4y length:1 (1,13,0) -> (1,13,0), had no out-going switches
Warning 896: Node: 38159 with RR_type: CHANY  at Location:CHANY:38159 L4y length:1 (1,13,0) -> (1,13,0), had no out-going switches
Warning 897: Node: 38161 with RR_type: CHANY  at Location:CHANY:38161 L4y length:1 (1,13,0) -> (1,13,0), had no out-going switches
Warning 898: Node: 38163 with RR_type: CHANY  at Location:CHANY:38163 L4y length:1 (1,13,0) -> (1,13,0), had no out-going switches
Warning 899: Node: 38165 with RR_type: CHANY  at Location:CHANY:38165 L4y length:1 (1,13,0) -> (1,13,0), had no out-going switches
Warning 900: Node: 38166 with RR_type: CHANY  at Location:CHANY:38166 L1y length:1 (2,0,0) -> (2,0,0), had no out-going switches
Warning 901: Node: 38168 with RR_type: CHANY  at Location:CHANY:38168 L1y length:1 (2,0,0) -> (2,0,0), had no out-going switches
Warning 902: Node: 38170 with RR_type: CHANY  at Location:CHANY:38170 L1y length:1 (2,0,0) -> (2,0,0), had no out-going switches
Warning 903: Node: 38172 with RR_type: CHANY  at Location:CHANY:38172 L1y length:1 (2,0,0) -> (2,0,0), had no out-going switches
Warning 904: Node: 38174 with RR_type: CHANY  at Location:CHANY:38174 L1y length:1 (2,0,0) -> (2,0,0), had no out-going switches
Warning 905: Node: 38176 with RR_type: CHANY  at Location:CHANY:38176 L1y length:1 (2,0,0) -> (2,0,0), had no out-going switches
Warning 906: Node: 38178 with RR_type: CHANY  at Location:CHANY:38178 L2y length:2 (2,0,0) -> (2,1,0), had no out-going switches
Warning 907: Node: 38180 with RR_type: CHANY  at Location:CHANY:38180 L2y length:1 (2,0,0) -> (2,0,0), had no out-going switches
Warning 908: Node: 38182 with RR_type: CHANY  at Location:CHANY:38182 L2y length:2 (2,0,0) -> (2,1,0), had no out-going switches
Warning 909: Node: 38184 with RR_type: CHANY  at Location:CHANY:38184 L2y length:1 (2,0,0) -> (2,0,0), had no out-going switches
Warning 910: Node: 38186 with RR_type: CHANY  at Location:CHANY:38186 L2y length:2 (2,0,0) -> (2,1,0), had no out-going switches
Warning 911: Node: 38188 with RR_type: CHANY  at Location:CHANY:38188 L2y length:1 (2,0,0) -> (2,0,0), had no out-going switches
Warning 912: Node: 38190 with RR_type: CHANY  at Location:CHANY:38190 L4y length:4 (2,0,0) -> (2,3,0), had no out-going switches
Warning 913: Node: 38192 with RR_type: CHANY  at Location:CHANY:38192 L4y length:3 (2,0,0) -> (2,2,0), had no out-going switches
Warning 914: Node: 38194 with RR_type: CHANY  at Location:CHANY:38194 L4y length:2 (2,0,0) -> (2,1,0), had no out-going switches
Warning 915: Node: 38196 with RR_type: CHANY  at Location:CHANY:38196 L4y length:1 (2,0,0) -> (2,0,0), had no out-going switches
Warning 916: Node: 38198 with RR_type: CHANY  at Location:CHANY:38198 L4y length:4 (2,0,0) -> (2,3,0), had no out-going switches
Warning 917: Node: 38200 with RR_type: CHANY  at Location:CHANY:38200 L4y length:3 (2,0,0) -> (2,2,0), had no out-going switches
Warning 918: Node: 38202 with RR_type: CHANY  at Location:CHANY:38202 L4y length:2 (2,0,0) -> (2,1,0), had no out-going switches
Warning 919: Node: 38204 with RR_type: CHANY  at Location:CHANY:38204 L4y length:1 (2,0,0) -> (2,0,0), had no out-going switches
Warning 920: Node: 38206 with RR_type: CHANY  at Location:CHANY:38206 L4y length:4 (2,0,0) -> (2,3,0), had no out-going switches
Warning 921: Node: 38208 with RR_type: CHANY  at Location:CHANY:38208 L4y length:3 (2,0,0) -> (2,2,0), had no out-going switches
Warning 922: Node: 38210 with RR_type: CHANY  at Location:CHANY:38210 L4y length:2 (2,0,0) -> (2,1,0), had no out-going switches
Warning 923: Node: 38212 with RR_type: CHANY  at Location:CHANY:38212 L4y length:1 (2,0,0) -> (2,0,0), had no out-going switches
Warning 924: Node: 38214 with RR_type: CHANY  at Location:CHANY:38214 L4y length:4 (2,0,0) -> (2,3,0), had no out-going switches
Warning 925: Node: 38216 with RR_type: CHANY  at Location:CHANY:38216 L4y length:3 (2,0,0) -> (2,2,0), had no out-going switches
Warning 926: Node: 38218 with RR_type: CHANY  at Location:CHANY:38218 L4y length:2 (2,0,0) -> (2,1,0), had no out-going switches
Warning 927: Node: 38220 with RR_type: CHANY  at Location:CHANY:38220 L4y length:1 (2,0,0) -> (2,0,0), had no out-going switches
Warning 928: Node: 38222 with RR_type: CHANY  at Location:CHANY:38222 L4y length:4 (2,0,0) -> (2,3,0), had no out-going switches
Warning 929: Node: 38224 with RR_type: CHANY  at Location:CHANY:38224 L4y length:3 (2,0,0) -> (2,2,0), had no out-going switches
Warning 930: Node: 38226 with RR_type: CHANY  at Location:CHANY:38226 L4y length:2 (2,0,0) -> (2,1,0), had no out-going switches
Warning 931: Node: 38228 with RR_type: CHANY  at Location:CHANY:38228 L4y length:1 (2,0,0) -> (2,0,0), had no out-going switches
Warning 932: Node: 38501 with RR_type: CHANY  at Location:CHANY:38501 L4y length:4 (2,13,0) -> (2,10,0), had no out-going switches
Warning 933: Node: 38503 with RR_type: CHANY  at Location:CHANY:38503 L4y length:4 (2,13,0) -> (2,10,0), had no out-going switches
Warning 934: Node: 38505 with RR_type: CHANY  at Location:CHANY:38505 L4y length:4 (2,13,0) -> (2,10,0), had no out-going switches
Warning 935: Node: 38507 with RR_type: CHANY  at Location:CHANY:38507 L4y length:4 (2,13,0) -> (2,10,0), had no out-going switches
Warning 936: Node: 38509 with RR_type: CHANY  at Location:CHANY:38509 L4y length:4 (2,13,0) -> (2,10,0), had no out-going switches
Warning 937: Node: 38529 with RR_type: CHANY  at Location:CHANY:38529 L4y length:3 (2,13,0) -> (2,11,0), had no out-going switches
Warning 938: Node: 38531 with RR_type: CHANY  at Location:CHANY:38531 L4y length:3 (2,13,0) -> (2,11,0), had no out-going switches
Warning 939: Node: 38533 with RR_type: CHANY  at Location:CHANY:38533 L4y length:3 (2,13,0) -> (2,11,0), had no out-going switches
Warning 940: Node: 38535 with RR_type: CHANY  at Location:CHANY:38535 L4y length:3 (2,13,0) -> (2,11,0), had no out-going switches
Warning 941: Node: 38537 with RR_type: CHANY  at Location:CHANY:38537 L4y length:3 (2,13,0) -> (2,11,0), had no out-going switches
Warning 942: Node: 38551 with RR_type: CHANY  at Location:CHANY:38551 L2y length:2 (2,13,0) -> (2,12,0), had no out-going switches
Warning 943: Node: 38553 with RR_type: CHANY  at Location:CHANY:38553 L2y length:2 (2,13,0) -> (2,12,0), had no out-going switches
Warning 944: Node: 38555 with RR_type: CHANY  at Location:CHANY:38555 L2y length:2 (2,13,0) -> (2,12,0), had no out-going switches
Warning 945: Node: 38557 with RR_type: CHANY  at Location:CHANY:38557 L4y length:2 (2,13,0) -> (2,12,0), had no out-going switches
Warning 946: Node: 38559 with RR_type: CHANY  at Location:CHANY:38559 L4y length:2 (2,13,0) -> (2,12,0), had no out-going switches
Warning 947: Node: 38561 with RR_type: CHANY  at Location:CHANY:38561 L4y length:2 (2,13,0) -> (2,12,0), had no out-going switches
Warning 948: Node: 38563 with RR_type: CHANY  at Location:CHANY:38563 L4y length:2 (2,13,0) -> (2,12,0), had no out-going switches
Warning 949: Node: 38565 with RR_type: CHANY  at Location:CHANY:38565 L4y length:2 (2,13,0) -> (2,12,0), had no out-going switches
Warning 950: Node: 38567 with RR_type: CHANY  at Location:CHANY:38567 L1y length:1 (2,13,0) -> (2,13,0), had no out-going switches
Warning 951: Node: 38569 with RR_type: CHANY  at Location:CHANY:38569 L1y length:1 (2,13,0) -> (2,13,0), had no out-going switches
Warning 952: Node: 38571 with RR_type: CHANY  at Location:CHANY:38571 L1y length:1 (2,13,0) -> (2,13,0), had no out-going switches
Warning 953: Node: 38573 with RR_type: CHANY  at Location:CHANY:38573 L1y length:1 (2,13,0) -> (2,13,0), had no out-going switches
Warning 954: Node: 38575 with RR_type: CHANY  at Location:CHANY:38575 L1y length:1 (2,13,0) -> (2,13,0), had no out-going switches
Warning 955: Node: 38577 with RR_type: CHANY  at Location:CHANY:38577 L1y length:1 (2,13,0) -> (2,13,0), had no out-going switches
Warning 956: Node: 38579 with RR_type: CHANY  at Location:CHANY:38579 L2y length:1 (2,13,0) -> (2,13,0), had no out-going switches
Warning 957: Node: 38581 with RR_type: CHANY  at Location:CHANY:38581 L2y length:1 (2,13,0) -> (2,13,0), had no out-going switches
Warning 958: Node: 38583 with RR_type: CHANY  at Location:CHANY:38583 L2y length:1 (2,13,0) -> (2,13,0), had no out-going switches
Warning 959: Node: 38585 with RR_type: CHANY  at Location:CHANY:38585 L4y length:1 (2,13,0) -> (2,13,0), had no out-going switches
Warning 960: Node: 38587 with RR_type: CHANY  at Location:CHANY:38587 L4y length:1 (2,13,0) -> (2,13,0), had no out-going switches
Warning 961: Node: 38589 with RR_type: CHANY  at Location:CHANY:38589 L4y length:1 (2,13,0) -> (2,13,0), had no out-going switches
Warning 962: Node: 38591 with RR_type: CHANY  at Location:CHANY:38591 L4y length:1 (2,13,0) -> (2,13,0), had no out-going switches
Warning 963: Node: 38593 with RR_type: CHANY  at Location:CHANY:38593 L4y length:1 (2,13,0) -> (2,13,0), had no out-going switches
Warning 964: Node: 38594 with RR_type: CHANY  at Location:CHANY:38594 L1y length:1 (3,0,0) -> (3,0,0), had no out-going switches
Warning 965: Node: 38596 with RR_type: CHANY  at Location:CHANY:38596 L1y length:1 (3,0,0) -> (3,0,0), had no out-going switches
Warning 966: Node: 38598 with RR_type: CHANY  at Location:CHANY:38598 L1y length:1 (3,0,0) -> (3,0,0), had no out-going switches
Warning 967: Node: 38600 with RR_type: CHANY  at Location:CHANY:38600 L1y length:1 (3,0,0) -> (3,0,0), had no out-going switches
Warning 968: Node: 38602 with RR_type: CHANY  at Location:CHANY:38602 L1y length:1 (3,0,0) -> (3,0,0), had no out-going switches
Warning 969: Node: 38604 with RR_type: CHANY  at Location:CHANY:38604 L1y length:1 (3,0,0) -> (3,0,0), had no out-going switches
Warning 970: Node: 38606 with RR_type: CHANY  at Location:CHANY:38606 L2y length:2 (3,0,0) -> (3,1,0), had no out-going switches
Warning 971: Node: 38608 with RR_type: CHANY  at Location:CHANY:38608 L2y length:1 (3,0,0) -> (3,0,0), had no out-going switches
Warning 972: Node: 38610 with RR_type: CHANY  at Location:CHANY:38610 L2y length:2 (3,0,0) -> (3,1,0), had no out-going switches
Warning 973: Node: 38612 with RR_type: CHANY  at Location:CHANY:38612 L2y length:1 (3,0,0) -> (3,0,0), had no out-going switches
Warning 974: Node: 38614 with RR_type: CHANY  at Location:CHANY:38614 L2y length:2 (3,0,0) -> (3,1,0), had no out-going switches
Warning 975: Node: 38616 with RR_type: CHANY  at Location:CHANY:38616 L2y length:1 (3,0,0) -> (3,0,0), had no out-going switches
Warning 976: Node: 38618 with RR_type: CHANY  at Location:CHANY:38618 L4y length:4 (3,0,0) -> (3,3,0), had no out-going switches
Warning 977: Node: 38620 with RR_type: CHANY  at Location:CHANY:38620 L4y length:3 (3,0,0) -> (3,2,0), had no out-going switches
Warning 978: Node: 38622 with RR_type: CHANY  at Location:CHANY:38622 L4y length:2 (3,0,0) -> (3,1,0), had no out-going switches
Warning 979: Node: 38624 with RR_type: CHANY  at Location:CHANY:38624 L4y length:1 (3,0,0) -> (3,0,0), had no out-going switches
Warning 980: Node: 38626 with RR_type: CHANY  at Location:CHANY:38626 L4y length:4 (3,0,0) -> (3,3,0), had no out-going switches
Warning 981: Node: 38628 with RR_type: CHANY  at Location:CHANY:38628 L4y length:3 (3,0,0) -> (3,2,0), had no out-going switches
Warning 982: Node: 38630 with RR_type: CHANY  at Location:CHANY:38630 L4y length:2 (3,0,0) -> (3,1,0), had no out-going switches
Warning 983: Node: 38632 with RR_type: CHANY  at Location:CHANY:38632 L4y length:1 (3,0,0) -> (3,0,0), had no out-going switches
Warning 984: Node: 38634 with RR_type: CHANY  at Location:CHANY:38634 L4y length:4 (3,0,0) -> (3,3,0), had no out-going switches
Warning 985: Node: 38636 with RR_type: CHANY  at Location:CHANY:38636 L4y length:3 (3,0,0) -> (3,2,0), had no out-going switches
Warning 986: Node: 38638 with RR_type: CHANY  at Location:CHANY:38638 L4y length:2 (3,0,0) -> (3,1,0), had no out-going switches
Warning 987: Node: 38640 with RR_type: CHANY  at Location:CHANY:38640 L4y length:1 (3,0,0) -> (3,0,0), had no out-going switches
Warning 988: Node: 38642 with RR_type: CHANY  at Location:CHANY:38642 L4y length:4 (3,0,0) -> (3,3,0), had no out-going switches
Warning 989: Node: 38644 with RR_type: CHANY  at Location:CHANY:38644 L4y length:3 (3,0,0) -> (3,2,0), had no out-going switches
Warning 990: Node: 38646 with RR_type: CHANY  at Location:CHANY:38646 L4y length:2 (3,0,0) -> (3,1,0), had no out-going switches
Warning 991: Node: 38648 with RR_type: CHANY  at Location:CHANY:38648 L4y length:1 (3,0,0) -> (3,0,0), had no out-going switches
Warning 992: Node: 38650 with RR_type: CHANY  at Location:CHANY:38650 L4y length:4 (3,0,0) -> (3,3,0), had no out-going switches
Warning 993: Node: 38652 with RR_type: CHANY  at Location:CHANY:38652 L4y length:3 (3,0,0) -> (3,2,0), had no out-going switches
Warning 994: Node: 38654 with RR_type: CHANY  at Location:CHANY:38654 L4y length:2 (3,0,0) -> (3,1,0), had no out-going switches
Warning 995: Node: 38656 with RR_type: CHANY  at Location:CHANY:38656 L4y length:1 (3,0,0) -> (3,0,0), had no out-going switches
Warning 996: Node: 38929 with RR_type: CHANY  at Location:CHANY:38929 L4y length:4 (3,13,0) -> (3,10,0), had no out-going switches
Warning 997: Node: 38931 with RR_type: CHANY  at Location:CHANY:38931 L4y length:4 (3,13,0) -> (3,10,0), had no out-going switches
Warning 998: Node: 38933 with RR_type: CHANY  at Location:CHANY:38933 L4y length:4 (3,13,0) -> (3,10,0), had no out-going switches
Warning 999: Node: 38935 with RR_type: CHANY  at Location:CHANY:38935 L4y length:4 (3,13,0) -> (3,10,0), had no out-going switches
Warning 1000: Node: 38937 with RR_type: CHANY  at Location:CHANY:38937 L4y length:4 (3,13,0) -> (3,10,0), had no out-going switches
Warning 1001: Node: 38957 with RR_type: CHANY  at Location:CHANY:38957 L4y length:3 (3,13,0) -> (3,11,0), had no out-going switches
Warning 1002: Node: 38959 with RR_type: CHANY  at Location:CHANY:38959 L4y length:3 (3,13,0) -> (3,11,0), had no out-going switches
Warning 1003: Node: 38961 with RR_type: CHANY  at Location:CHANY:38961 L4y length:3 (3,13,0) -> (3,11,0), had no out-going switches
Warning 1004: Node: 38963 with RR_type: CHANY  at Location:CHANY:38963 L4y length:3 (3,13,0) -> (3,11,0), had no out-going switches
Warning 1005: Node: 38965 with RR_type: CHANY  at Location:CHANY:38965 L4y length:3 (3,13,0) -> (3,11,0), had no out-going switches
Warning 1006: Node: 38979 with RR_type: CHANY  at Location:CHANY:38979 L2y length:2 (3,13,0) -> (3,12,0), had no out-going switches
Warning 1007: Node: 38981 with RR_type: CHANY  at Location:CHANY:38981 L2y length:2 (3,13,0) -> (3,12,0), had no out-going switches
Warning 1008: Node: 38983 with RR_type: CHANY  at Location:CHANY:38983 L2y length:2 (3,13,0) -> (3,12,0), had no out-going switches
Warning 1009: Node: 38985 with RR_type: CHANY  at Location:CHANY:38985 L4y length:2 (3,13,0) -> (3,12,0), had no out-going switches
Warning 1010: Node: 38987 with RR_type: CHANY  at Location:CHANY:38987 L4y length:2 (3,13,0) -> (3,12,0), had no out-going switches
Warning 1011: Node: 38989 with RR_type: CHANY  at Location:CHANY:38989 L4y length:2 (3,13,0) -> (3,12,0), had no out-going switches
Warning 1012: Node: 38991 with RR_type: CHANY  at Location:CHANY:38991 L4y length:2 (3,13,0) -> (3,12,0), had no out-going switches
Warning 1013: Node: 38993 with RR_type: CHANY  at Location:CHANY:38993 L4y length:2 (3,13,0) -> (3,12,0), had no out-going switches
Warning 1014: Node: 38995 with RR_type: CHANY  at Location:CHANY:38995 L1y length:1 (3,13,0) -> (3,13,0), had no out-going switches
Warning 1015: Node: 38997 with RR_type: CHANY  at Location:CHANY:38997 L1y length:1 (3,13,0) -> (3,13,0), had no out-going switches
Warning 1016: Node: 38999 with RR_type: CHANY  at Location:CHANY:38999 L1y length:1 (3,13,0) -> (3,13,0), had no out-going switches
Warning 1017: Node: 39001 with RR_type: CHANY  at Location:CHANY:39001 L1y length:1 (3,13,0) -> (3,13,0), had no out-going switches
Warning 1018: Node: 39003 with RR_type: CHANY  at Location:CHANY:39003 L1y length:1 (3,13,0) -> (3,13,0), had no out-going switches
Warning 1019: Node: 39005 with RR_type: CHANY  at Location:CHANY:39005 L1y length:1 (3,13,0) -> (3,13,0), had no out-going switches
Warning 1020: Node: 39007 with RR_type: CHANY  at Location:CHANY:39007 L2y length:1 (3,13,0) -> (3,13,0), had no out-going switches
Warning 1021: Node: 39009 with RR_type: CHANY  at Location:CHANY:39009 L2y length:1 (3,13,0) -> (3,13,0), had no out-going switches
Warning 1022: Node: 39011 with RR_type: CHANY  at Location:CHANY:39011 L2y length:1 (3,13,0) -> (3,13,0), had no out-going switches
Warning 1023: Node: 39013 with RR_type: CHANY  at Location:CHANY:39013 L4y length:1 (3,13,0) -> (3,13,0), had no out-going switches
Warning 1024: Node: 39015 with RR_type: CHANY  at Location:CHANY:39015 L4y length:1 (3,13,0) -> (3,13,0), had no out-going switches
Warning 1025: Node: 39017 with RR_type: CHANY  at Location:CHANY:39017 L4y length:1 (3,13,0) -> (3,13,0), had no out-going switches
Warning 1026: Node: 39019 with RR_type: CHANY  at Location:CHANY:39019 L4y length:1 (3,13,0) -> (3,13,0), had no out-going switches
Warning 1027: Node: 39021 with RR_type: CHANY  at Location:CHANY:39021 L4y length:1 (3,13,0) -> (3,13,0), had no out-going switches
Warning 1028: Node: 39022 with RR_type: CHANY  at Location:CHANY:39022 L1y length:1 (4,0,0) -> (4,0,0), had no out-going switches
Warning 1029: Node: 39024 with RR_type: CHANY  at Location:CHANY:39024 L1y length:1 (4,0,0) -> (4,0,0), had no out-going switches
Warning 1030: Node: 39026 with RR_type: CHANY  at Location:CHANY:39026 L1y length:1 (4,0,0) -> (4,0,0), had no out-going switches
Warning 1031: Node: 39028 with RR_type: CHANY  at Location:CHANY:39028 L1y length:1 (4,0,0) -> (4,0,0), had no out-going switches
Warning 1032: Node: 39030 with RR_type: CHANY  at Location:CHANY:39030 L1y length:1 (4,0,0) -> (4,0,0), had no out-going switches
Warning 1033: Node: 39032 with RR_type: CHANY  at Location:CHANY:39032 L1y length:1 (4,0,0) -> (4,0,0), had no out-going switches
Warning 1034: Node: 39034 with RR_type: CHANY  at Location:CHANY:39034 L2y length:2 (4,0,0) -> (4,1,0), had no out-going switches
Warning 1035: Node: 39036 with RR_type: CHANY  at Location:CHANY:39036 L2y length:1 (4,0,0) -> (4,0,0), had no out-going switches
Warning 1036: Node: 39038 with RR_type: CHANY  at Location:CHANY:39038 L2y length:2 (4,0,0) -> (4,1,0), had no out-going switches
Warning 1037: Node: 39040 with RR_type: CHANY  at Location:CHANY:39040 L2y length:1 (4,0,0) -> (4,0,0), had no out-going switches
Warning 1038: Node: 39042 with RR_type: CHANY  at Location:CHANY:39042 L2y length:2 (4,0,0) -> (4,1,0), had no out-going switches
Warning 1039: Node: 39044 with RR_type: CHANY  at Location:CHANY:39044 L2y length:1 (4,0,0) -> (4,0,0), had no out-going switches
Warning 1040: Node: 39046 with RR_type: CHANY  at Location:CHANY:39046 L4y length:4 (4,0,0) -> (4,3,0), had no out-going switches
Warning 1041: Node: 39048 with RR_type: CHANY  at Location:CHANY:39048 L4y length:3 (4,0,0) -> (4,2,0), had no out-going switches
Warning 1042: Node: 39050 with RR_type: CHANY  at Location:CHANY:39050 L4y length:2 (4,0,0) -> (4,1,0), had no out-going switches
Warning 1043: Node: 39052 with RR_type: CHANY  at Location:CHANY:39052 L4y length:1 (4,0,0) -> (4,0,0), had no out-going switches
Warning 1044: Node: 39054 with RR_type: CHANY  at Location:CHANY:39054 L4y length:4 (4,0,0) -> (4,3,0), had no out-going switches
Warning 1045: Node: 39056 with RR_type: CHANY  at Location:CHANY:39056 L4y length:3 (4,0,0) -> (4,2,0), had no out-going switches
Warning 1046: Node: 39058 with RR_type: CHANY  at Location:CHANY:39058 L4y length:2 (4,0,0) -> (4,1,0), had no out-going switches
Warning 1047: Node: 39060 with RR_type: CHANY  at Location:CHANY:39060 L4y length:1 (4,0,0) -> (4,0,0), had no out-going switches
Warning 1048: Node: 39062 with RR_type: CHANY  at Location:CHANY:39062 L4y length:4 (4,0,0) -> (4,3,0), had no out-going switches
Warning 1049: Node: 39064 with RR_type: CHANY  at Location:CHANY:39064 L4y length:3 (4,0,0) -> (4,2,0), had no out-going switches
Warning 1050: Node: 39066 with RR_type: CHANY  at Location:CHANY:39066 L4y length:2 (4,0,0) -> (4,1,0), had no out-going switches
Warning 1051: Node: 39068 with RR_type: CHANY  at Location:CHANY:39068 L4y length:1 (4,0,0) -> (4,0,0), had no out-going switches
Warning 1052: Node: 39070 with RR_type: CHANY  at Location:CHANY:39070 L4y length:4 (4,0,0) -> (4,3,0), had no out-going switches
Warning 1053: Node: 39072 with RR_type: CHANY  at Location:CHANY:39072 L4y length:3 (4,0,0) -> (4,2,0), had no out-going switches
Warning 1054: Node: 39074 with RR_type: CHANY  at Location:CHANY:39074 L4y length:2 (4,0,0) -> (4,1,0), had no out-going switches
Warning 1055: Node: 39076 with RR_type: CHANY  at Location:CHANY:39076 L4y length:1 (4,0,0) -> (4,0,0), had no out-going switches
Warning 1056: Node: 39078 with RR_type: CHANY  at Location:CHANY:39078 L4y length:4 (4,0,0) -> (4,3,0), had no out-going switches
Warning 1057: Node: 39080 with RR_type: CHANY  at Location:CHANY:39080 L4y length:3 (4,0,0) -> (4,2,0), had no out-going switches
Warning 1058: Node: 39082 with RR_type: CHANY  at Location:CHANY:39082 L4y length:2 (4,0,0) -> (4,1,0), had no out-going switches
Warning 1059: Node: 39084 with RR_type: CHANY  at Location:CHANY:39084 L4y length:1 (4,0,0) -> (4,0,0), had no out-going switches
Warning 1060: Node: 39357 with RR_type: CHANY  at Location:CHANY:39357 L4y length:4 (4,13,0) -> (4,10,0), had no out-going switches
Warning 1061: Node: 39359 with RR_type: CHANY  at Location:CHANY:39359 L4y length:4 (4,13,0) -> (4,10,0), had no out-going switches
Warning 1062: Node: 39361 with RR_type: CHANY  at Location:CHANY:39361 L4y length:4 (4,13,0) -> (4,10,0), had no out-going switches
Warning 1063: Node: 39363 with RR_type: CHANY  at Location:CHANY:39363 L4y length:4 (4,13,0) -> (4,10,0), had no out-going switches
Warning 1064: Node: 39365 with RR_type: CHANY  at Location:CHANY:39365 L4y length:4 (4,13,0) -> (4,10,0), had no out-going switches
Warning 1065: Node: 39385 with RR_type: CHANY  at Location:CHANY:39385 L4y length:3 (4,13,0) -> (4,11,0), had no out-going switches
Warning 1066: Node: 39387 with RR_type: CHANY  at Location:CHANY:39387 L4y length:3 (4,13,0) -> (4,11,0), had no out-going switches
Warning 1067: Node: 39389 with RR_type: CHANY  at Location:CHANY:39389 L4y length:3 (4,13,0) -> (4,11,0), had no out-going switches
Warning 1068: Node: 39391 with RR_type: CHANY  at Location:CHANY:39391 L4y length:3 (4,13,0) -> (4,11,0), had no out-going switches
Warning 1069: Node: 39393 with RR_type: CHANY  at Location:CHANY:39393 L4y length:3 (4,13,0) -> (4,11,0), had no out-going switches
Warning 1070: Node: 39407 with RR_type: CHANY  at Location:CHANY:39407 L2y length:2 (4,13,0) -> (4,12,0), had no out-going switches
Warning 1071: Node: 39409 with RR_type: CHANY  at Location:CHANY:39409 L2y length:2 (4,13,0) -> (4,12,0), had no out-going switches
Warning 1072: Node: 39411 with RR_type: CHANY  at Location:CHANY:39411 L2y length:2 (4,13,0) -> (4,12,0), had no out-going switches
Warning 1073: Node: 39413 with RR_type: CHANY  at Location:CHANY:39413 L4y length:2 (4,13,0) -> (4,12,0), had no out-going switches
Warning 1074: Node: 39415 with RR_type: CHANY  at Location:CHANY:39415 L4y length:2 (4,13,0) -> (4,12,0), had no out-going switches
Warning 1075: Node: 39417 with RR_type: CHANY  at Location:CHANY:39417 L4y length:2 (4,13,0) -> (4,12,0), had no out-going switches
Warning 1076: Node: 39419 with RR_type: CHANY  at Location:CHANY:39419 L4y length:2 (4,13,0) -> (4,12,0), had no out-going switches
Warning 1077: Node: 39421 with RR_type: CHANY  at Location:CHANY:39421 L4y length:2 (4,13,0) -> (4,12,0), had no out-going switches
Warning 1078: Node: 39423 with RR_type: CHANY  at Location:CHANY:39423 L1y length:1 (4,13,0) -> (4,13,0), had no out-going switches
Warning 1079: Node: 39425 with RR_type: CHANY  at Location:CHANY:39425 L1y length:1 (4,13,0) -> (4,13,0), had no out-going switches
Warning 1080: Node: 39427 with RR_type: CHANY  at Location:CHANY:39427 L1y length:1 (4,13,0) -> (4,13,0), had no out-going switches
Warning 1081: Node: 39429 with RR_type: CHANY  at Location:CHANY:39429 L1y length:1 (4,13,0) -> (4,13,0), had no out-going switches
Warning 1082: Node: 39431 with RR_type: CHANY  at Location:CHANY:39431 L1y length:1 (4,13,0) -> (4,13,0), had no out-going switches
Warning 1083: Node: 39433 with RR_type: CHANY  at Location:CHANY:39433 L1y length:1 (4,13,0) -> (4,13,0), had no out-going switches
Warning 1084: Node: 39435 with RR_type: CHANY  at Location:CHANY:39435 L2y length:1 (4,13,0) -> (4,13,0), had no out-going switches
Warning 1085: Node: 39437 with RR_type: CHANY  at Location:CHANY:39437 L2y length:1 (4,13,0) -> (4,13,0), had no out-going switches
Warning 1086: Node: 39439 with RR_type: CHANY  at Location:CHANY:39439 L2y length:1 (4,13,0) -> (4,13,0), had no out-going switches
Warning 1087: Node: 39441 with RR_type: CHANY  at Location:CHANY:39441 L4y length:1 (4,13,0) -> (4,13,0), had no out-going switches
Warning 1088: Node: 39443 with RR_type: CHANY  at Location:CHANY:39443 L4y length:1 (4,13,0) -> (4,13,0), had no out-going switches
Warning 1089: Node: 39445 with RR_type: CHANY  at Location:CHANY:39445 L4y length:1 (4,13,0) -> (4,13,0), had no out-going switches
Warning 1090: Node: 39447 with RR_type: CHANY  at Location:CHANY:39447 L4y length:1 (4,13,0) -> (4,13,0), had no out-going switches
Warning 1091: Node: 39449 with RR_type: CHANY  at Location:CHANY:39449 L4y length:1 (4,13,0) -> (4,13,0), had no out-going switches
Warning 1092: Node: 39450 with RR_type: CHANY  at Location:CHANY:39450 L1y length:1 (5,0,0) -> (5,0,0), had no out-going switches
Warning 1093: Node: 39452 with RR_type: CHANY  at Location:CHANY:39452 L1y length:1 (5,0,0) -> (5,0,0), had no out-going switches
Warning 1094: Node: 39454 with RR_type: CHANY  at Location:CHANY:39454 L1y length:1 (5,0,0) -> (5,0,0), had no out-going switches
Warning 1095: Node: 39456 with RR_type: CHANY  at Location:CHANY:39456 L1y length:1 (5,0,0) -> (5,0,0), had no out-going switches
Warning 1096: Node: 39458 with RR_type: CHANY  at Location:CHANY:39458 L1y length:1 (5,0,0) -> (5,0,0), had no out-going switches
Warning 1097: Node: 39460 with RR_type: CHANY  at Location:CHANY:39460 L1y length:1 (5,0,0) -> (5,0,0), had no out-going switches
Warning 1098: Node: 39462 with RR_type: CHANY  at Location:CHANY:39462 L2y length:2 (5,0,0) -> (5,1,0), had no out-going switches
Warning 1099: Node: 39464 with RR_type: CHANY  at Location:CHANY:39464 L2y length:1 (5,0,0) -> (5,0,0), had no out-going switches
Warning 1100: Node: 39466 with RR_type: CHANY  at Location:CHANY:39466 L2y length:2 (5,0,0) -> (5,1,0), had no out-going switches
Warning 1101: Node: 39468 with RR_type: CHANY  at Location:CHANY:39468 L2y length:1 (5,0,0) -> (5,0,0), had no out-going switches
Warning 1102: Node: 39470 with RR_type: CHANY  at Location:CHANY:39470 L2y length:2 (5,0,0) -> (5,1,0), had no out-going switches
Warning 1103: Node: 39472 with RR_type: CHANY  at Location:CHANY:39472 L2y length:1 (5,0,0) -> (5,0,0), had no out-going switches
Warning 1104: Node: 39474 with RR_type: CHANY  at Location:CHANY:39474 L4y length:4 (5,0,0) -> (5,3,0), had no out-going switches
Warning 1105: Node: 39476 with RR_type: CHANY  at Location:CHANY:39476 L4y length:3 (5,0,0) -> (5,2,0), had no out-going switches
Warning 1106: Node: 39478 with RR_type: CHANY  at Location:CHANY:39478 L4y length:2 (5,0,0) -> (5,1,0), had no out-going switches
Warning 1107: Node: 39480 with RR_type: CHANY  at Location:CHANY:39480 L4y length:1 (5,0,0) -> (5,0,0), had no out-going switches
Warning 1108: Node: 39482 with RR_type: CHANY  at Location:CHANY:39482 L4y length:4 (5,0,0) -> (5,3,0), had no out-going switches
Warning 1109: Node: 39484 with RR_type: CHANY  at Location:CHANY:39484 L4y length:3 (5,0,0) -> (5,2,0), had no out-going switches
Warning 1110: Node: 39486 with RR_type: CHANY  at Location:CHANY:39486 L4y length:2 (5,0,0) -> (5,1,0), had no out-going switches
Warning 1111: Node: 39488 with RR_type: CHANY  at Location:CHANY:39488 L4y length:1 (5,0,0) -> (5,0,0), had no out-going switches
Warning 1112: Node: 39490 with RR_type: CHANY  at Location:CHANY:39490 L4y length:4 (5,0,0) -> (5,3,0), had no out-going switches
Warning 1113: Node: 39492 with RR_type: CHANY  at Location:CHANY:39492 L4y length:3 (5,0,0) -> (5,2,0), had no out-going switches
Warning 1114: Node: 39494 with RR_type: CHANY  at Location:CHANY:39494 L4y length:2 (5,0,0) -> (5,1,0), had no out-going switches
Warning 1115: Node: 39496 with RR_type: CHANY  at Location:CHANY:39496 L4y length:1 (5,0,0) -> (5,0,0), had no out-going switches
Warning 1116: Node: 39498 with RR_type: CHANY  at Location:CHANY:39498 L4y length:4 (5,0,0) -> (5,3,0), had no out-going switches
Warning 1117: Node: 39500 with RR_type: CHANY  at Location:CHANY:39500 L4y length:3 (5,0,0) -> (5,2,0), had no out-going switches
Warning 1118: Node: 39502 with RR_type: CHANY  at Location:CHANY:39502 L4y length:2 (5,0,0) -> (5,1,0), had no out-going switches
Warning 1119: Node: 39504 with RR_type: CHANY  at Location:CHANY:39504 L4y length:1 (5,0,0) -> (5,0,0), had no out-going switches
Warning 1120: Node: 39506 with RR_type: CHANY  at Location:CHANY:39506 L4y length:4 (5,0,0) -> (5,3,0), had no out-going switches
Warning 1121: Node: 39508 with RR_type: CHANY  at Location:CHANY:39508 L4y length:3 (5,0,0) -> (5,2,0), had no out-going switches
Warning 1122: Node: 39510 with RR_type: CHANY  at Location:CHANY:39510 L4y length:2 (5,0,0) -> (5,1,0), had no out-going switches
Warning 1123: Node: 39512 with RR_type: CHANY  at Location:CHANY:39512 L4y length:1 (5,0,0) -> (5,0,0), had no out-going switches
Warning 1124: Node: 39785 with RR_type: CHANY  at Location:CHANY:39785 L4y length:4 (5,13,0) -> (5,10,0), had no out-going switches
Warning 1125: Node: 39787 with RR_type: CHANY  at Location:CHANY:39787 L4y length:4 (5,13,0) -> (5,10,0), had no out-going switches
Warning 1126: Node: 39789 with RR_type: CHANY  at Location:CHANY:39789 L4y length:4 (5,13,0) -> (5,10,0), had no out-going switches
Warning 1127: Node: 39791 with RR_type: CHANY  at Location:CHANY:39791 L4y length:4 (5,13,0) -> (5,10,0), had no out-going switches
Warning 1128: Node: 39793 with RR_type: CHANY  at Location:CHANY:39793 L4y length:4 (5,13,0) -> (5,10,0), had no out-going switches
Warning 1129: Node: 39813 with RR_type: CHANY  at Location:CHANY:39813 L4y length:3 (5,13,0) -> (5,11,0), had no out-going switches
Warning 1130: Node: 39815 with RR_type: CHANY  at Location:CHANY:39815 L4y length:3 (5,13,0) -> (5,11,0), had no out-going switches
Warning 1131: Node: 39817 with RR_type: CHANY  at Location:CHANY:39817 L4y length:3 (5,13,0) -> (5,11,0), had no out-going switches
Warning 1132: Node: 39819 with RR_type: CHANY  at Location:CHANY:39819 L4y length:3 (5,13,0) -> (5,11,0), had no out-going switches
Warning 1133: Node: 39821 with RR_type: CHANY  at Location:CHANY:39821 L4y length:3 (5,13,0) -> (5,11,0), had no out-going switches
Warning 1134: Node: 39835 with RR_type: CHANY  at Location:CHANY:39835 L2y length:2 (5,13,0) -> (5,12,0), had no out-going switches
Warning 1135: Node: 39837 with RR_type: CHANY  at Location:CHANY:39837 L2y length:2 (5,13,0) -> (5,12,0), had no out-going switches
Warning 1136: Node: 39839 with RR_type: CHANY  at Location:CHANY:39839 L2y length:2 (5,13,0) -> (5,12,0), had no out-going switches
Warning 1137: Node: 39841 with RR_type: CHANY  at Location:CHANY:39841 L4y length:2 (5,13,0) -> (5,12,0), had no out-going switches
Warning 1138: Node: 39843 with RR_type: CHANY  at Location:CHANY:39843 L4y length:2 (5,13,0) -> (5,12,0), had no out-going switches
Warning 1139: Node: 39845 with RR_type: CHANY  at Location:CHANY:39845 L4y length:2 (5,13,0) -> (5,12,0), had no out-going switches
Warning 1140: Node: 39847 with RR_type: CHANY  at Location:CHANY:39847 L4y length:2 (5,13,0) -> (5,12,0), had no out-going switches
Warning 1141: Node: 39849 with RR_type: CHANY  at Location:CHANY:39849 L4y length:2 (5,13,0) -> (5,12,0), had no out-going switches
Warning 1142: Node: 39851 with RR_type: CHANY  at Location:CHANY:39851 L1y length:1 (5,13,0) -> (5,13,0), had no out-going switches
Warning 1143: Node: 39853 with RR_type: CHANY  at Location:CHANY:39853 L1y length:1 (5,13,0) -> (5,13,0), had no out-going switches
Warning 1144: Node: 39855 with RR_type: CHANY  at Location:CHANY:39855 L1y length:1 (5,13,0) -> (5,13,0), had no out-going switches
Warning 1145: Node: 39857 with RR_type: CHANY  at Location:CHANY:39857 L1y length:1 (5,13,0) -> (5,13,0), had no out-going switches
Warning 1146: Node: 39859 with RR_type: CHANY  at Location:CHANY:39859 L1y length:1 (5,13,0) -> (5,13,0), had no out-going switches
Warning 1147: Node: 39861 with RR_type: CHANY  at Location:CHANY:39861 L1y length:1 (5,13,0) -> (5,13,0), had no out-going switches
Warning 1148: Node: 39863 with RR_type: CHANY  at Location:CHANY:39863 L2y length:1 (5,13,0) -> (5,13,0), had no out-going switches
Warning 1149: Node: 39865 with RR_type: CHANY  at Location:CHANY:39865 L2y length:1 (5,13,0) -> (5,13,0), had no out-going switches
Warning 1150: Node: 39867 with RR_type: CHANY  at Location:CHANY:39867 L2y length:1 (5,13,0) -> (5,13,0), had no out-going switches
Warning 1151: Node: 39869 with RR_type: CHANY  at Location:CHANY:39869 L4y length:1 (5,13,0) -> (5,13,0), had no out-going switches
Warning 1152: Node: 39871 with RR_type: CHANY  at Location:CHANY:39871 L4y length:1 (5,13,0) -> (5,13,0), had no out-going switches
Warning 1153: Node: 39873 with RR_type: CHANY  at Location:CHANY:39873 L4y length:1 (5,13,0) -> (5,13,0), had no out-going switches
Warning 1154: Node: 39875 with RR_type: CHANY  at Location:CHANY:39875 L4y length:1 (5,13,0) -> (5,13,0), had no out-going switches
Warning 1155: Node: 39877 with RR_type: CHANY  at Location:CHANY:39877 L4y length:1 (5,13,0) -> (5,13,0), had no out-going switches
Warning 1156: Node: 39878 with RR_type: CHANY  at Location:CHANY:39878 L1y length:1 (6,0,0) -> (6,0,0), had no out-going switches
Warning 1157: Node: 39880 with RR_type: CHANY  at Location:CHANY:39880 L1y length:1 (6,0,0) -> (6,0,0), had no out-going switches
Warning 1158: Node: 39882 with RR_type: CHANY  at Location:CHANY:39882 L1y length:1 (6,0,0) -> (6,0,0), had no out-going switches
Warning 1159: Node: 39884 with RR_type: CHANY  at Location:CHANY:39884 L1y length:1 (6,0,0) -> (6,0,0), had no out-going switches
Warning 1160: Node: 39886 with RR_type: CHANY  at Location:CHANY:39886 L1y length:1 (6,0,0) -> (6,0,0), had no out-going switches
Warning 1161: Node: 39888 with RR_type: CHANY  at Location:CHANY:39888 L1y length:1 (6,0,0) -> (6,0,0), had no out-going switches
Warning 1162: Node: 39890 with RR_type: CHANY  at Location:CHANY:39890 L2y length:2 (6,0,0) -> (6,1,0), had no out-going switches
Warning 1163: Node: 39892 with RR_type: CHANY  at Location:CHANY:39892 L2y length:1 (6,0,0) -> (6,0,0), had no out-going switches
Warning 1164: Node: 39894 with RR_type: CHANY  at Location:CHANY:39894 L2y length:2 (6,0,0) -> (6,1,0), had no out-going switches
Warning 1165: Node: 39896 with RR_type: CHANY  at Location:CHANY:39896 L2y length:1 (6,0,0) -> (6,0,0), had no out-going switches
Warning 1166: Node: 39898 with RR_type: CHANY  at Location:CHANY:39898 L2y length:2 (6,0,0) -> (6,1,0), had no out-going switches
Warning 1167: Node: 39900 with RR_type: CHANY  at Location:CHANY:39900 L2y length:1 (6,0,0) -> (6,0,0), had no out-going switches
Warning 1168: Node: 39902 with RR_type: CHANY  at Location:CHANY:39902 L4y length:4 (6,0,0) -> (6,3,0), had no out-going switches
Warning 1169: Node: 39904 with RR_type: CHANY  at Location:CHANY:39904 L4y length:3 (6,0,0) -> (6,2,0), had no out-going switches
Warning 1170: Node: 39906 with RR_type: CHANY  at Location:CHANY:39906 L4y length:2 (6,0,0) -> (6,1,0), had no out-going switches
Warning 1171: Node: 39908 with RR_type: CHANY  at Location:CHANY:39908 L4y length:1 (6,0,0) -> (6,0,0), had no out-going switches
Warning 1172: Node: 39910 with RR_type: CHANY  at Location:CHANY:39910 L4y length:4 (6,0,0) -> (6,3,0), had no out-going switches
Warning 1173: Node: 39912 with RR_type: CHANY  at Location:CHANY:39912 L4y length:3 (6,0,0) -> (6,2,0), had no out-going switches
Warning 1174: Node: 39914 with RR_type: CHANY  at Location:CHANY:39914 L4y length:2 (6,0,0) -> (6,1,0), had no out-going switches
Warning 1175: Node: 39916 with RR_type: CHANY  at Location:CHANY:39916 L4y length:1 (6,0,0) -> (6,0,0), had no out-going switches
Warning 1176: Node: 39918 with RR_type: CHANY  at Location:CHANY:39918 L4y length:4 (6,0,0) -> (6,3,0), had no out-going switches
Warning 1177: Node: 39920 with RR_type: CHANY  at Location:CHANY:39920 L4y length:3 (6,0,0) -> (6,2,0), had no out-going switches
Warning 1178: Node: 39922 with RR_type: CHANY  at Location:CHANY:39922 L4y length:2 (6,0,0) -> (6,1,0), had no out-going switches
Warning 1179: Node: 39924 with RR_type: CHANY  at Location:CHANY:39924 L4y length:1 (6,0,0) -> (6,0,0), had no out-going switches
Warning 1180: Node: 39926 with RR_type: CHANY  at Location:CHANY:39926 L4y length:4 (6,0,0) -> (6,3,0), had no out-going switches
Warning 1181: Node: 39928 with RR_type: CHANY  at Location:CHANY:39928 L4y length:3 (6,0,0) -> (6,2,0), had no out-going switches
Warning 1182: Node: 39930 with RR_type: CHANY  at Location:CHANY:39930 L4y length:2 (6,0,0) -> (6,1,0), had no out-going switches
Warning 1183: Node: 39932 with RR_type: CHANY  at Location:CHANY:39932 L4y length:1 (6,0,0) -> (6,0,0), had no out-going switches
Warning 1184: Node: 39934 with RR_type: CHANY  at Location:CHANY:39934 L4y length:4 (6,0,0) -> (6,3,0), had no out-going switches
Warning 1185: Node: 39936 with RR_type: CHANY  at Location:CHANY:39936 L4y length:3 (6,0,0) -> (6,2,0), had no out-going switches
Warning 1186: Node: 39938 with RR_type: CHANY  at Location:CHANY:39938 L4y length:2 (6,0,0) -> (6,1,0), had no out-going switches
Warning 1187: Node: 39940 with RR_type: CHANY  at Location:CHANY:39940 L4y length:1 (6,0,0) -> (6,0,0), had no out-going switches
Warning 1188: Node: 40213 with RR_type: CHANY  at Location:CHANY:40213 L4y length:4 (6,13,0) -> (6,10,0), had no out-going switches
Warning 1189: Node: 40215 with RR_type: CHANY  at Location:CHANY:40215 L4y length:4 (6,13,0) -> (6,10,0), had no out-going switches
Warning 1190: Node: 40217 with RR_type: CHANY  at Location:CHANY:40217 L4y length:4 (6,13,0) -> (6,10,0), had no out-going switches
Warning 1191: Node: 40219 with RR_type: CHANY  at Location:CHANY:40219 L4y length:4 (6,13,0) -> (6,10,0), had no out-going switches
Warning 1192: Node: 40221 with RR_type: CHANY  at Location:CHANY:40221 L4y length:4 (6,13,0) -> (6,10,0), had no out-going switches
Warning 1193: Node: 40241 with RR_type: CHANY  at Location:CHANY:40241 L4y length:3 (6,13,0) -> (6,11,0), had no out-going switches
Warning 1194: Node: 40243 with RR_type: CHANY  at Location:CHANY:40243 L4y length:3 (6,13,0) -> (6,11,0), had no out-going switches
Warning 1195: Node: 40245 with RR_type: CHANY  at Location:CHANY:40245 L4y length:3 (6,13,0) -> (6,11,0), had no out-going switches
Warning 1196: Node: 40247 with RR_type: CHANY  at Location:CHANY:40247 L4y length:3 (6,13,0) -> (6,11,0), had no out-going switches
Warning 1197: Node: 40249 with RR_type: CHANY  at Location:CHANY:40249 L4y length:3 (6,13,0) -> (6,11,0), had no out-going switches
Warning 1198: Node: 40263 with RR_type: CHANY  at Location:CHANY:40263 L2y length:2 (6,13,0) -> (6,12,0), had no out-going switches
Warning 1199: Node: 40265 with RR_type: CHANY  at Location:CHANY:40265 L2y length:2 (6,13,0) -> (6,12,0), had no out-going switches
Warning 1200: Node: 40267 with RR_type: CHANY  at Location:CHANY:40267 L2y length:2 (6,13,0) -> (6,12,0), had no out-going switches
Warning 1201: Node: 40269 with RR_type: CHANY  at Location:CHANY:40269 L4y length:2 (6,13,0) -> (6,12,0), had no out-going switches
Warning 1202: Node: 40271 with RR_type: CHANY  at Location:CHANY:40271 L4y length:2 (6,13,0) -> (6,12,0), had no out-going switches
Warning 1203: Node: 40273 with RR_type: CHANY  at Location:CHANY:40273 L4y length:2 (6,13,0) -> (6,12,0), had no out-going switches
Warning 1204: Node: 40275 with RR_type: CHANY  at Location:CHANY:40275 L4y length:2 (6,13,0) -> (6,12,0), had no out-going switches
Warning 1205: Node: 40277 with RR_type: CHANY  at Location:CHANY:40277 L4y length:2 (6,13,0) -> (6,12,0), had no out-going switches
Warning 1206: Node: 40279 with RR_type: CHANY  at Location:CHANY:40279 L1y length:1 (6,13,0) -> (6,13,0), had no out-going switches
Warning 1207: Node: 40281 with RR_type: CHANY  at Location:CHANY:40281 L1y length:1 (6,13,0) -> (6,13,0), had no out-going switches
Warning 1208: Node: 40283 with RR_type: CHANY  at Location:CHANY:40283 L1y length:1 (6,13,0) -> (6,13,0), had no out-going switches
Warning 1209: Node: 40285 with RR_type: CHANY  at Location:CHANY:40285 L1y length:1 (6,13,0) -> (6,13,0), had no out-going switches
Warning 1210: Node: 40287 with RR_type: CHANY  at Location:CHANY:40287 L1y length:1 (6,13,0) -> (6,13,0), had no out-going switches
Warning 1211: Node: 40289 with RR_type: CHANY  at Location:CHANY:40289 L1y length:1 (6,13,0) -> (6,13,0), had no out-going switches
Warning 1212: Node: 40291 with RR_type: CHANY  at Location:CHANY:40291 L2y length:1 (6,13,0) -> (6,13,0), had no out-going switches
Warning 1213: Node: 40293 with RR_type: CHANY  at Location:CHANY:40293 L2y length:1 (6,13,0) -> (6,13,0), had no out-going switches
Warning 1214: Node: 40295 with RR_type: CHANY  at Location:CHANY:40295 L2y length:1 (6,13,0) -> (6,13,0), had no out-going switches
Warning 1215: Node: 40297 with RR_type: CHANY  at Location:CHANY:40297 L4y length:1 (6,13,0) -> (6,13,0), had no out-going switches
Warning 1216: Node: 40299 with RR_type: CHANY  at Location:CHANY:40299 L4y length:1 (6,13,0) -> (6,13,0), had no out-going switches
Warning 1217: Node: 40301 with RR_type: CHANY  at Location:CHANY:40301 L4y length:1 (6,13,0) -> (6,13,0), had no out-going switches
Warning 1218: Node: 40303 with RR_type: CHANY  at Location:CHANY:40303 L4y length:1 (6,13,0) -> (6,13,0), had no out-going switches
Warning 1219: Node: 40305 with RR_type: CHANY  at Location:CHANY:40305 L4y length:1 (6,13,0) -> (6,13,0), had no out-going switches
Warning 1220: Node: 40306 with RR_type: CHANY  at Location:CHANY:40306 L1y length:1 (7,0,0) -> (7,0,0), had no out-going switches
Warning 1221: Node: 40308 with RR_type: CHANY  at Location:CHANY:40308 L1y length:1 (7,0,0) -> (7,0,0), had no out-going switches
Warning 1222: Node: 40310 with RR_type: CHANY  at Location:CHANY:40310 L1y length:1 (7,0,0) -> (7,0,0), had no out-going switches
Warning 1223: Node: 40312 with RR_type: CHANY  at Location:CHANY:40312 L1y length:1 (7,0,0) -> (7,0,0), had no out-going switches
Warning 1224: Node: 40314 with RR_type: CHANY  at Location:CHANY:40314 L1y length:1 (7,0,0) -> (7,0,0), had no out-going switches
Warning 1225: Node: 40316 with RR_type: CHANY  at Location:CHANY:40316 L1y length:1 (7,0,0) -> (7,0,0), had no out-going switches
Warning 1226: Node: 40318 with RR_type: CHANY  at Location:CHANY:40318 L2y length:2 (7,0,0) -> (7,1,0), had no out-going switches
Warning 1227: Node: 40320 with RR_type: CHANY  at Location:CHANY:40320 L2y length:1 (7,0,0) -> (7,0,0), had no out-going switches
Warning 1228: Node: 40322 with RR_type: CHANY  at Location:CHANY:40322 L2y length:2 (7,0,0) -> (7,1,0), had no out-going switches
Warning 1229: Node: 40324 with RR_type: CHANY  at Location:CHANY:40324 L2y length:1 (7,0,0) -> (7,0,0), had no out-going switches
Warning 1230: Node: 40326 with RR_type: CHANY  at Location:CHANY:40326 L2y length:2 (7,0,0) -> (7,1,0), had no out-going switches
Warning 1231: Node: 40328 with RR_type: CHANY  at Location:CHANY:40328 L2y length:1 (7,0,0) -> (7,0,0), had no out-going switches
Warning 1232: Node: 40330 with RR_type: CHANY  at Location:CHANY:40330 L4y length:4 (7,0,0) -> (7,3,0), had no out-going switches
Warning 1233: Node: 40332 with RR_type: CHANY  at Location:CHANY:40332 L4y length:3 (7,0,0) -> (7,2,0), had no out-going switches
Warning 1234: Node: 40334 with RR_type: CHANY  at Location:CHANY:40334 L4y length:2 (7,0,0) -> (7,1,0), had no out-going switches
Warning 1235: Node: 40336 with RR_type: CHANY  at Location:CHANY:40336 L4y length:1 (7,0,0) -> (7,0,0), had no out-going switches
Warning 1236: Node: 40338 with RR_type: CHANY  at Location:CHANY:40338 L4y length:4 (7,0,0) -> (7,3,0), had no out-going switches
Warning 1237: Node: 40340 with RR_type: CHANY  at Location:CHANY:40340 L4y length:3 (7,0,0) -> (7,2,0), had no out-going switches
Warning 1238: Node: 40342 with RR_type: CHANY  at Location:CHANY:40342 L4y length:2 (7,0,0) -> (7,1,0), had no out-going switches
Warning 1239: Node: 40344 with RR_type: CHANY  at Location:CHANY:40344 L4y length:1 (7,0,0) -> (7,0,0), had no out-going switches
Warning 1240: Node: 40346 with RR_type: CHANY  at Location:CHANY:40346 L4y length:4 (7,0,0) -> (7,3,0), had no out-going switches
Warning 1241: Node: 40348 with RR_type: CHANY  at Location:CHANY:40348 L4y length:3 (7,0,0) -> (7,2,0), had no out-going switches
Warning 1242: Node: 40350 with RR_type: CHANY  at Location:CHANY:40350 L4y length:2 (7,0,0) -> (7,1,0), had no out-going switches
Warning 1243: Node: 40352 with RR_type: CHANY  at Location:CHANY:40352 L4y length:1 (7,0,0) -> (7,0,0), had no out-going switches
Warning 1244: Node: 40354 with RR_type: CHANY  at Location:CHANY:40354 L4y length:4 (7,0,0) -> (7,3,0), had no out-going switches
Warning 1245: Node: 40356 with RR_type: CHANY  at Location:CHANY:40356 L4y length:3 (7,0,0) -> (7,2,0), had no out-going switches
Warning 1246: Node: 40358 with RR_type: CHANY  at Location:CHANY:40358 L4y length:2 (7,0,0) -> (7,1,0), had no out-going switches
Warning 1247: Node: 40360 with RR_type: CHANY  at Location:CHANY:40360 L4y length:1 (7,0,0) -> (7,0,0), had no out-going switches
Warning 1248: Node: 40362 with RR_type: CHANY  at Location:CHANY:40362 L4y length:4 (7,0,0) -> (7,3,0), had no out-going switches
Warning 1249: Node: 40364 with RR_type: CHANY  at Location:CHANY:40364 L4y length:3 (7,0,0) -> (7,2,0), had no out-going switches
Warning 1250: Node: 40366 with RR_type: CHANY  at Location:CHANY:40366 L4y length:2 (7,0,0) -> (7,1,0), had no out-going switches
Warning 1251: Node: 40368 with RR_type: CHANY  at Location:CHANY:40368 L4y length:1 (7,0,0) -> (7,0,0), had no out-going switches
Warning 1252: Node: 40641 with RR_type: CHANY  at Location:CHANY:40641 L4y length:4 (7,13,0) -> (7,10,0), had no out-going switches
Warning 1253: Node: 40643 with RR_type: CHANY  at Location:CHANY:40643 L4y length:4 (7,13,0) -> (7,10,0), had no out-going switches
Warning 1254: Node: 40645 with RR_type: CHANY  at Location:CHANY:40645 L4y length:4 (7,13,0) -> (7,10,0), had no out-going switches
Warning 1255: Node: 40647 with RR_type: CHANY  at Location:CHANY:40647 L4y length:4 (7,13,0) -> (7,10,0), had no out-going switches
Warning 1256: Node: 40649 with RR_type: CHANY  at Location:CHANY:40649 L4y length:4 (7,13,0) -> (7,10,0), had no out-going switches
Warning 1257: Node: 40669 with RR_type: CHANY  at Location:CHANY:40669 L4y length:3 (7,13,0) -> (7,11,0), had no out-going switches
Warning 1258: Node: 40671 with RR_type: CHANY  at Location:CHANY:40671 L4y length:3 (7,13,0) -> (7,11,0), had no out-going switches
Warning 1259: Node: 40673 with RR_type: CHANY  at Location:CHANY:40673 L4y length:3 (7,13,0) -> (7,11,0), had no out-going switches
Warning 1260: Node: 40675 with RR_type: CHANY  at Location:CHANY:40675 L4y length:3 (7,13,0) -> (7,11,0), had no out-going switches
Warning 1261: Node: 40677 with RR_type: CHANY  at Location:CHANY:40677 L4y length:3 (7,13,0) -> (7,11,0), had no out-going switches
Warning 1262: Node: 40691 with RR_type: CHANY  at Location:CHANY:40691 L2y length:2 (7,13,0) -> (7,12,0), had no out-going switches
Warning 1263: Node: 40693 with RR_type: CHANY  at Location:CHANY:40693 L2y length:2 (7,13,0) -> (7,12,0), had no out-going switches
Warning 1264: Node: 40695 with RR_type: CHANY  at Location:CHANY:40695 L2y length:2 (7,13,0) -> (7,12,0), had no out-going switches
Warning 1265: Node: 40697 with RR_type: CHANY  at Location:CHANY:40697 L4y length:2 (7,13,0) -> (7,12,0), had no out-going switches
Warning 1266: Node: 40699 with RR_type: CHANY  at Location:CHANY:40699 L4y length:2 (7,13,0) -> (7,12,0), had no out-going switches
Warning 1267: Node: 40701 with RR_type: CHANY  at Location:CHANY:40701 L4y length:2 (7,13,0) -> (7,12,0), had no out-going switches
Warning 1268: Node: 40703 with RR_type: CHANY  at Location:CHANY:40703 L4y length:2 (7,13,0) -> (7,12,0), had no out-going switches
Warning 1269: Node: 40705 with RR_type: CHANY  at Location:CHANY:40705 L4y length:2 (7,13,0) -> (7,12,0), had no out-going switches
Warning 1270: Node: 40707 with RR_type: CHANY  at Location:CHANY:40707 L1y length:1 (7,13,0) -> (7,13,0), had no out-going switches
Warning 1271: Node: 40709 with RR_type: CHANY  at Location:CHANY:40709 L1y length:1 (7,13,0) -> (7,13,0), had no out-going switches
Warning 1272: Node: 40711 with RR_type: CHANY  at Location:CHANY:40711 L1y length:1 (7,13,0) -> (7,13,0), had no out-going switches
Warning 1273: Node: 40713 with RR_type: CHANY  at Location:CHANY:40713 L1y length:1 (7,13,0) -> (7,13,0), had no out-going switches
Warning 1274: Node: 40715 with RR_type: CHANY  at Location:CHANY:40715 L1y length:1 (7,13,0) -> (7,13,0), had no out-going switches
Warning 1275: Node: 40717 with RR_type: CHANY  at Location:CHANY:40717 L1y length:1 (7,13,0) -> (7,13,0), had no out-going switches
Warning 1276: Node: 40719 with RR_type: CHANY  at Location:CHANY:40719 L2y length:1 (7,13,0) -> (7,13,0), had no out-going switches
Warning 1277: Node: 40721 with RR_type: CHANY  at Location:CHANY:40721 L2y length:1 (7,13,0) -> (7,13,0), had no out-going switches
Warning 1278: Node: 40723 with RR_type: CHANY  at Location:CHANY:40723 L2y length:1 (7,13,0) -> (7,13,0), had no out-going switches
Warning 1279: Node: 40725 with RR_type: CHANY  at Location:CHANY:40725 L4y length:1 (7,13,0) -> (7,13,0), had no out-going switches
Warning 1280: Node: 40727 with RR_type: CHANY  at Location:CHANY:40727 L4y length:1 (7,13,0) -> (7,13,0), had no out-going switches
Warning 1281: Node: 40729 with RR_type: CHANY  at Location:CHANY:40729 L4y length:1 (7,13,0) -> (7,13,0), had no out-going switches
Warning 1282: Node: 40731 with RR_type: CHANY  at Location:CHANY:40731 L4y length:1 (7,13,0) -> (7,13,0), had no out-going switches
Warning 1283: Node: 40733 with RR_type: CHANY  at Location:CHANY:40733 L4y length:1 (7,13,0) -> (7,13,0), had no out-going switches
Warning 1284: Node: 40734 with RR_type: CHANY  at Location:CHANY:40734 L1y length:1 (8,0,0) -> (8,0,0), had no out-going switches
Warning 1285: Node: 40736 with RR_type: CHANY  at Location:CHANY:40736 L1y length:1 (8,0,0) -> (8,0,0), had no out-going switches
Warning 1286: Node: 40738 with RR_type: CHANY  at Location:CHANY:40738 L1y length:1 (8,0,0) -> (8,0,0), had no out-going switches
Warning 1287: Node: 40740 with RR_type: CHANY  at Location:CHANY:40740 L1y length:1 (8,0,0) -> (8,0,0), had no out-going switches
Warning 1288: Node: 40742 with RR_type: CHANY  at Location:CHANY:40742 L1y length:1 (8,0,0) -> (8,0,0), had no out-going switches
Warning 1289: Node: 40744 with RR_type: CHANY  at Location:CHANY:40744 L1y length:1 (8,0,0) -> (8,0,0), had no out-going switches
Warning 1290: Node: 40746 with RR_type: CHANY  at Location:CHANY:40746 L2y length:2 (8,0,0) -> (8,1,0), had no out-going switches
Warning 1291: Node: 40748 with RR_type: CHANY  at Location:CHANY:40748 L2y length:1 (8,0,0) -> (8,0,0), had no out-going switches
Warning 1292: Node: 40750 with RR_type: CHANY  at Location:CHANY:40750 L2y length:2 (8,0,0) -> (8,1,0), had no out-going switches
Warning 1293: Node: 40752 with RR_type: CHANY  at Location:CHANY:40752 L2y length:1 (8,0,0) -> (8,0,0), had no out-going switches
Warning 1294: Node: 40754 with RR_type: CHANY  at Location:CHANY:40754 L2y length:2 (8,0,0) -> (8,1,0), had no out-going switches
Warning 1295: Node: 40756 with RR_type: CHANY  at Location:CHANY:40756 L2y length:1 (8,0,0) -> (8,0,0), had no out-going switches
Warning 1296: Node: 40758 with RR_type: CHANY  at Location:CHANY:40758 L4y length:4 (8,0,0) -> (8,3,0), had no out-going switches
Warning 1297: Node: 40760 with RR_type: CHANY  at Location:CHANY:40760 L4y length:3 (8,0,0) -> (8,2,0), had no out-going switches
Warning 1298: Node: 40762 with RR_type: CHANY  at Location:CHANY:40762 L4y length:2 (8,0,0) -> (8,1,0), had no out-going switches
Warning 1299: Node: 40764 with RR_type: CHANY  at Location:CHANY:40764 L4y length:1 (8,0,0) -> (8,0,0), had no out-going switches
Warning 1300: Node: 40766 with RR_type: CHANY  at Location:CHANY:40766 L4y length:4 (8,0,0) -> (8,3,0), had no out-going switches
Warning 1301: Node: 40768 with RR_type: CHANY  at Location:CHANY:40768 L4y length:3 (8,0,0) -> (8,2,0), had no out-going switches
Warning 1302: Node: 40770 with RR_type: CHANY  at Location:CHANY:40770 L4y length:2 (8,0,0) -> (8,1,0), had no out-going switches
Warning 1303: Node: 40772 with RR_type: CHANY  at Location:CHANY:40772 L4y length:1 (8,0,0) -> (8,0,0), had no out-going switches
Warning 1304: Node: 40774 with RR_type: CHANY  at Location:CHANY:40774 L4y length:4 (8,0,0) -> (8,3,0), had no out-going switches
Warning 1305: Node: 40776 with RR_type: CHANY  at Location:CHANY:40776 L4y length:3 (8,0,0) -> (8,2,0), had no out-going switches
Warning 1306: Node: 40778 with RR_type: CHANY  at Location:CHANY:40778 L4y length:2 (8,0,0) -> (8,1,0), had no out-going switches
Warning 1307: Node: 40780 with RR_type: CHANY  at Location:CHANY:40780 L4y length:1 (8,0,0) -> (8,0,0), had no out-going switches
Warning 1308: Node: 40782 with RR_type: CHANY  at Location:CHANY:40782 L4y length:4 (8,0,0) -> (8,3,0), had no out-going switches
Warning 1309: Node: 40784 with RR_type: CHANY  at Location:CHANY:40784 L4y length:3 (8,0,0) -> (8,2,0), had no out-going switches
Warning 1310: Node: 40786 with RR_type: CHANY  at Location:CHANY:40786 L4y length:2 (8,0,0) -> (8,1,0), had no out-going switches
Warning 1311: Node: 40788 with RR_type: CHANY  at Location:CHANY:40788 L4y length:1 (8,0,0) -> (8,0,0), had no out-going switches
Warning 1312: Node: 40790 with RR_type: CHANY  at Location:CHANY:40790 L4y length:4 (8,0,0) -> (8,3,0), had no out-going switches
Warning 1313: Node: 40792 with RR_type: CHANY  at Location:CHANY:40792 L4y length:3 (8,0,0) -> (8,2,0), had no out-going switches
Warning 1314: Node: 40794 with RR_type: CHANY  at Location:CHANY:40794 L4y length:2 (8,0,0) -> (8,1,0), had no out-going switches
Warning 1315: Node: 40796 with RR_type: CHANY  at Location:CHANY:40796 L4y length:1 (8,0,0) -> (8,0,0), had no out-going switches
Warning 1316: Node: 41069 with RR_type: CHANY  at Location:CHANY:41069 L4y length:4 (8,13,0) -> (8,10,0), had no out-going switches
Warning 1317: Node: 41071 with RR_type: CHANY  at Location:CHANY:41071 L4y length:4 (8,13,0) -> (8,10,0), had no out-going switches
Warning 1318: Node: 41073 with RR_type: CHANY  at Location:CHANY:41073 L4y length:4 (8,13,0) -> (8,10,0), had no out-going switches
Warning 1319: Node: 41075 with RR_type: CHANY  at Location:CHANY:41075 L4y length:4 (8,13,0) -> (8,10,0), had no out-going switches
Warning 1320: Node: 41077 with RR_type: CHANY  at Location:CHANY:41077 L4y length:4 (8,13,0) -> (8,10,0), had no out-going switches
Warning 1321: Node: 41097 with RR_type: CHANY  at Location:CHANY:41097 L4y length:3 (8,13,0) -> (8,11,0), had no out-going switches
Warning 1322: Node: 41099 with RR_type: CHANY  at Location:CHANY:41099 L4y length:3 (8,13,0) -> (8,11,0), had no out-going switches
Warning 1323: Node: 41101 with RR_type: CHANY  at Location:CHANY:41101 L4y length:3 (8,13,0) -> (8,11,0), had no out-going switches
Warning 1324: Node: 41103 with RR_type: CHANY  at Location:CHANY:41103 L4y length:3 (8,13,0) -> (8,11,0), had no out-going switches
Warning 1325: Node: 41105 with RR_type: CHANY  at Location:CHANY:41105 L4y length:3 (8,13,0) -> (8,11,0), had no out-going switches
Warning 1326: Node: 41119 with RR_type: CHANY  at Location:CHANY:41119 L2y length:2 (8,13,0) -> (8,12,0), had no out-going switches
Warning 1327: Node: 41121 with RR_type: CHANY  at Location:CHANY:41121 L2y length:2 (8,13,0) -> (8,12,0), had no out-going switches
Warning 1328: Node: 41123 with RR_type: CHANY  at Location:CHANY:41123 L2y length:2 (8,13,0) -> (8,12,0), had no out-going switches
Warning 1329: Node: 41125 with RR_type: CHANY  at Location:CHANY:41125 L4y length:2 (8,13,0) -> (8,12,0), had no out-going switches
Warning 1330: Node: 41127 with RR_type: CHANY  at Location:CHANY:41127 L4y length:2 (8,13,0) -> (8,12,0), had no out-going switches
Warning 1331: Node: 41129 with RR_type: CHANY  at Location:CHANY:41129 L4y length:2 (8,13,0) -> (8,12,0), had no out-going switches
Warning 1332: Node: 41131 with RR_type: CHANY  at Location:CHANY:41131 L4y length:2 (8,13,0) -> (8,12,0), had no out-going switches
Warning 1333: Node: 41133 with RR_type: CHANY  at Location:CHANY:41133 L4y length:2 (8,13,0) -> (8,12,0), had no out-going switches
Warning 1334: Node: 41135 with RR_type: CHANY  at Location:CHANY:41135 L1y length:1 (8,13,0) -> (8,13,0), had no out-going switches
Warning 1335: Node: 41137 with RR_type: CHANY  at Location:CHANY:41137 L1y length:1 (8,13,0) -> (8,13,0), had no out-going switches
Warning 1336: Node: 41139 with RR_type: CHANY  at Location:CHANY:41139 L1y length:1 (8,13,0) -> (8,13,0), had no out-going switches
Warning 1337: Node: 41141 with RR_type: CHANY  at Location:CHANY:41141 L1y length:1 (8,13,0) -> (8,13,0), had no out-going switches
Warning 1338: Node: 41143 with RR_type: CHANY  at Location:CHANY:41143 L1y length:1 (8,13,0) -> (8,13,0), had no out-going switches
Warning 1339: Node: 41145 with RR_type: CHANY  at Location:CHANY:41145 L1y length:1 (8,13,0) -> (8,13,0), had no out-going switches
Warning 1340: Node: 41147 with RR_type: CHANY  at Location:CHANY:41147 L2y length:1 (8,13,0) -> (8,13,0), had no out-going switches
Warning 1341: Node: 41149 with RR_type: CHANY  at Location:CHANY:41149 L2y length:1 (8,13,0) -> (8,13,0), had no out-going switches
Warning 1342: Node: 41151 with RR_type: CHANY  at Location:CHANY:41151 L2y length:1 (8,13,0) -> (8,13,0), had no out-going switches
Warning 1343: Node: 41153 with RR_type: CHANY  at Location:CHANY:41153 L4y length:1 (8,13,0) -> (8,13,0), had no out-going switches
Warning 1344: Node: 41155 with RR_type: CHANY  at Location:CHANY:41155 L4y length:1 (8,13,0) -> (8,13,0), had no out-going switches
Warning 1345: Node: 41157 with RR_type: CHANY  at Location:CHANY:41157 L4y length:1 (8,13,0) -> (8,13,0), had no out-going switches
Warning 1346: Node: 41159 with RR_type: CHANY  at Location:CHANY:41159 L4y length:1 (8,13,0) -> (8,13,0), had no out-going switches
Warning 1347: Node: 41161 with RR_type: CHANY  at Location:CHANY:41161 L4y length:1 (8,13,0) -> (8,13,0), had no out-going switches
Warning 1348: Node: 41162 with RR_type: CHANY  at Location:CHANY:41162 L1y length:1 (9,0,0) -> (9,0,0), had no out-going switches
Warning 1349: Node: 41164 with RR_type: CHANY  at Location:CHANY:41164 L1y length:1 (9,0,0) -> (9,0,0), had no out-going switches
Warning 1350: Node: 41166 with RR_type: CHANY  at Location:CHANY:41166 L1y length:1 (9,0,0) -> (9,0,0), had no out-going switches
Warning 1351: Node: 41168 with RR_type: CHANY  at Location:CHANY:41168 L1y length:1 (9,0,0) -> (9,0,0), had no out-going switches
Warning 1352: Node: 41170 with RR_type: CHANY  at Location:CHANY:41170 L1y length:1 (9,0,0) -> (9,0,0), had no out-going switches
Warning 1353: Node: 41172 with RR_type: CHANY  at Location:CHANY:41172 L1y length:1 (9,0,0) -> (9,0,0), had no out-going switches
Warning 1354: Node: 41174 with RR_type: CHANY  at Location:CHANY:41174 L2y length:2 (9,0,0) -> (9,1,0), had no out-going switches
Warning 1355: Node: 41176 with RR_type: CHANY  at Location:CHANY:41176 L2y length:1 (9,0,0) -> (9,0,0), had no out-going switches
Warning 1356: Node: 41178 with RR_type: CHANY  at Location:CHANY:41178 L2y length:2 (9,0,0) -> (9,1,0), had no out-going switches
Warning 1357: Node: 41180 with RR_type: CHANY  at Location:CHANY:41180 L2y length:1 (9,0,0) -> (9,0,0), had no out-going switches
Warning 1358: Node: 41182 with RR_type: CHANY  at Location:CHANY:41182 L2y length:2 (9,0,0) -> (9,1,0), had no out-going switches
Warning 1359: Node: 41184 with RR_type: CHANY  at Location:CHANY:41184 L2y length:1 (9,0,0) -> (9,0,0), had no out-going switches
Warning 1360: Node: 41186 with RR_type: CHANY  at Location:CHANY:41186 L4y length:4 (9,0,0) -> (9,3,0), had no out-going switches
Warning 1361: Node: 41188 with RR_type: CHANY  at Location:CHANY:41188 L4y length:3 (9,0,0) -> (9,2,0), had no out-going switches
Warning 1362: Node: 41190 with RR_type: CHANY  at Location:CHANY:41190 L4y length:2 (9,0,0) -> (9,1,0), had no out-going switches
Warning 1363: Node: 41192 with RR_type: CHANY  at Location:CHANY:41192 L4y length:1 (9,0,0) -> (9,0,0), had no out-going switches
Warning 1364: Node: 41194 with RR_type: CHANY  at Location:CHANY:41194 L4y length:4 (9,0,0) -> (9,3,0), had no out-going switches
Warning 1365: Node: 41196 with RR_type: CHANY  at Location:CHANY:41196 L4y length:3 (9,0,0) -> (9,2,0), had no out-going switches
Warning 1366: Node: 41198 with RR_type: CHANY  at Location:CHANY:41198 L4y length:2 (9,0,0) -> (9,1,0), had no out-going switches
Warning 1367: Node: 41200 with RR_type: CHANY  at Location:CHANY:41200 L4y length:1 (9,0,0) -> (9,0,0), had no out-going switches
Warning 1368: Node: 41202 with RR_type: CHANY  at Location:CHANY:41202 L4y length:4 (9,0,0) -> (9,3,0), had no out-going switches
Warning 1369: Node: 41204 with RR_type: CHANY  at Location:CHANY:41204 L4y length:3 (9,0,0) -> (9,2,0), had no out-going switches
Warning 1370: Node: 41206 with RR_type: CHANY  at Location:CHANY:41206 L4y length:2 (9,0,0) -> (9,1,0), had no out-going switches
Warning 1371: Node: 41208 with RR_type: CHANY  at Location:CHANY:41208 L4y length:1 (9,0,0) -> (9,0,0), had no out-going switches
Warning 1372: Node: 41210 with RR_type: CHANY  at Location:CHANY:41210 L4y length:4 (9,0,0) -> (9,3,0), had no out-going switches
Warning 1373: Node: 41212 with RR_type: CHANY  at Location:CHANY:41212 L4y length:3 (9,0,0) -> (9,2,0), had no out-going switches
Warning 1374: Node: 41214 with RR_type: CHANY  at Location:CHANY:41214 L4y length:2 (9,0,0) -> (9,1,0), had no out-going switches
Warning 1375: Node: 41216 with RR_type: CHANY  at Location:CHANY:41216 L4y length:1 (9,0,0) -> (9,0,0), had no out-going switches
Warning 1376: Node: 41218 with RR_type: CHANY  at Location:CHANY:41218 L4y length:4 (9,0,0) -> (9,3,0), had no out-going switches
Warning 1377: Node: 41220 with RR_type: CHANY  at Location:CHANY:41220 L4y length:3 (9,0,0) -> (9,2,0), had no out-going switches
Warning 1378: Node: 41222 with RR_type: CHANY  at Location:CHANY:41222 L4y length:2 (9,0,0) -> (9,1,0), had no out-going switches
Warning 1379: Node: 41224 with RR_type: CHANY  at Location:CHANY:41224 L4y length:1 (9,0,0) -> (9,0,0), had no out-going switches
Warning 1380: Node: 41497 with RR_type: CHANY  at Location:CHANY:41497 L4y length:4 (9,13,0) -> (9,10,0), had no out-going switches
Warning 1381: Node: 41499 with RR_type: CHANY  at Location:CHANY:41499 L4y length:4 (9,13,0) -> (9,10,0), had no out-going switches
Warning 1382: Node: 41501 with RR_type: CHANY  at Location:CHANY:41501 L4y length:4 (9,13,0) -> (9,10,0), had no out-going switches
Warning 1383: Node: 41503 with RR_type: CHANY  at Location:CHANY:41503 L4y length:4 (9,13,0) -> (9,10,0), had no out-going switches
Warning 1384: Node: 41505 with RR_type: CHANY  at Location:CHANY:41505 L4y length:4 (9,13,0) -> (9,10,0), had no out-going switches
Warning 1385: Node: 41525 with RR_type: CHANY  at Location:CHANY:41525 L4y length:3 (9,13,0) -> (9,11,0), had no out-going switches
Warning 1386: Node: 41527 with RR_type: CHANY  at Location:CHANY:41527 L4y length:3 (9,13,0) -> (9,11,0), had no out-going switches
Warning 1387: Node: 41529 with RR_type: CHANY  at Location:CHANY:41529 L4y length:3 (9,13,0) -> (9,11,0), had no out-going switches
Warning 1388: Node: 41531 with RR_type: CHANY  at Location:CHANY:41531 L4y length:3 (9,13,0) -> (9,11,0), had no out-going switches
Warning 1389: Node: 41533 with RR_type: CHANY  at Location:CHANY:41533 L4y length:3 (9,13,0) -> (9,11,0), had no out-going switches
Warning 1390: Node: 41547 with RR_type: CHANY  at Location:CHANY:41547 L2y length:2 (9,13,0) -> (9,12,0), had no out-going switches
Warning 1391: Node: 41549 with RR_type: CHANY  at Location:CHANY:41549 L2y length:2 (9,13,0) -> (9,12,0), had no out-going switches
Warning 1392: Node: 41551 with RR_type: CHANY  at Location:CHANY:41551 L2y length:2 (9,13,0) -> (9,12,0), had no out-going switches
Warning 1393: Node: 41553 with RR_type: CHANY  at Location:CHANY:41553 L4y length:2 (9,13,0) -> (9,12,0), had no out-going switches
Warning 1394: Node: 41555 with RR_type: CHANY  at Location:CHANY:41555 L4y length:2 (9,13,0) -> (9,12,0), had no out-going switches
Warning 1395: Node: 41557 with RR_type: CHANY  at Location:CHANY:41557 L4y length:2 (9,13,0) -> (9,12,0), had no out-going switches
Warning 1396: Node: 41559 with RR_type: CHANY  at Location:CHANY:41559 L4y length:2 (9,13,0) -> (9,12,0), had no out-going switches
Warning 1397: Node: 41561 with RR_type: CHANY  at Location:CHANY:41561 L4y length:2 (9,13,0) -> (9,12,0), had no out-going switches
Warning 1398: Node: 41563 with RR_type: CHANY  at Location:CHANY:41563 L1y length:1 (9,13,0) -> (9,13,0), had no out-going switches
Warning 1399: Node: 41565 with RR_type: CHANY  at Location:CHANY:41565 L1y length:1 (9,13,0) -> (9,13,0), had no out-going switches
Warning 1400: Node: 41567 with RR_type: CHANY  at Location:CHANY:41567 L1y length:1 (9,13,0) -> (9,13,0), had no out-going switches
Warning 1401: Node: 41569 with RR_type: CHANY  at Location:CHANY:41569 L1y length:1 (9,13,0) -> (9,13,0), had no out-going switches
Warning 1402: Node: 41571 with RR_type: CHANY  at Location:CHANY:41571 L1y length:1 (9,13,0) -> (9,13,0), had no out-going switches
Warning 1403: Node: 41573 with RR_type: CHANY  at Location:CHANY:41573 L1y length:1 (9,13,0) -> (9,13,0), had no out-going switches
Warning 1404: Node: 41575 with RR_type: CHANY  at Location:CHANY:41575 L2y length:1 (9,13,0) -> (9,13,0), had no out-going switches
Warning 1405: Node: 41577 with RR_type: CHANY  at Location:CHANY:41577 L2y length:1 (9,13,0) -> (9,13,0), had no out-going switches
Warning 1406: Node: 41579 with RR_type: CHANY  at Location:CHANY:41579 L2y length:1 (9,13,0) -> (9,13,0), had no out-going switches
Warning 1407: Node: 41581 with RR_type: CHANY  at Location:CHANY:41581 L4y length:1 (9,13,0) -> (9,13,0), had no out-going switches
Warning 1408: Node: 41583 with RR_type: CHANY  at Location:CHANY:41583 L4y length:1 (9,13,0) -> (9,13,0), had no out-going switches
Warning 1409: Node: 41585 with RR_type: CHANY  at Location:CHANY:41585 L4y length:1 (9,13,0) -> (9,13,0), had no out-going switches
Warning 1410: Node: 41587 with RR_type: CHANY  at Location:CHANY:41587 L4y length:1 (9,13,0) -> (9,13,0), had no out-going switches
Warning 1411: Node: 41589 with RR_type: CHANY  at Location:CHANY:41589 L4y length:1 (9,13,0) -> (9,13,0), had no out-going switches
Warning 1412: Node: 41590 with RR_type: CHANY  at Location:CHANY:41590 L1y length:1 (10,0,0) -> (10,0,0), had no out-going switches
Warning 1413: Node: 41592 with RR_type: CHANY  at Location:CHANY:41592 L1y length:1 (10,0,0) -> (10,0,0), had no out-going switches
Warning 1414: Node: 41594 with RR_type: CHANY  at Location:CHANY:41594 L1y length:1 (10,0,0) -> (10,0,0), had no out-going switches
Warning 1415: Node: 41596 with RR_type: CHANY  at Location:CHANY:41596 L1y length:1 (10,0,0) -> (10,0,0), had no out-going switches
Warning 1416: Node: 41598 with RR_type: CHANY  at Location:CHANY:41598 L1y length:1 (10,0,0) -> (10,0,0), had no out-going switches
Warning 1417: Node: 41600 with RR_type: CHANY  at Location:CHANY:41600 L1y length:1 (10,0,0) -> (10,0,0), had no out-going switches
Warning 1418: Node: 41602 with RR_type: CHANY  at Location:CHANY:41602 L2y length:2 (10,0,0) -> (10,1,0), had no out-going switches
Warning 1419: Node: 41604 with RR_type: CHANY  at Location:CHANY:41604 L2y length:1 (10,0,0) -> (10,0,0), had no out-going switches
Warning 1420: Node: 41606 with RR_type: CHANY  at Location:CHANY:41606 L2y length:2 (10,0,0) -> (10,1,0), had no out-going switches
Warning 1421: Node: 41608 with RR_type: CHANY  at Location:CHANY:41608 L2y length:1 (10,0,0) -> (10,0,0), had no out-going switches
Warning 1422: Node: 41610 with RR_type: CHANY  at Location:CHANY:41610 L2y length:2 (10,0,0) -> (10,1,0), had no out-going switches
Warning 1423: Node: 41612 with RR_type: CHANY  at Location:CHANY:41612 L2y length:1 (10,0,0) -> (10,0,0), had no out-going switches
Warning 1424: Node: 41614 with RR_type: CHANY  at Location:CHANY:41614 L4y length:4 (10,0,0) -> (10,3,0), had no out-going switches
Warning 1425: Node: 41616 with RR_type: CHANY  at Location:CHANY:41616 L4y length:3 (10,0,0) -> (10,2,0), had no out-going switches
Warning 1426: Node: 41618 with RR_type: CHANY  at Location:CHANY:41618 L4y length:2 (10,0,0) -> (10,1,0), had no out-going switches
Warning 1427: Node: 41620 with RR_type: CHANY  at Location:CHANY:41620 L4y length:1 (10,0,0) -> (10,0,0), had no out-going switches
Warning 1428: Node: 41622 with RR_type: CHANY  at Location:CHANY:41622 L4y length:4 (10,0,0) -> (10,3,0), had no out-going switches
Warning 1429: Node: 41624 with RR_type: CHANY  at Location:CHANY:41624 L4y length:3 (10,0,0) -> (10,2,0), had no out-going switches
Warning 1430: Node: 41626 with RR_type: CHANY  at Location:CHANY:41626 L4y length:2 (10,0,0) -> (10,1,0), had no out-going switches
Warning 1431: Node: 41628 with RR_type: CHANY  at Location:CHANY:41628 L4y length:1 (10,0,0) -> (10,0,0), had no out-going switches
Warning 1432: Node: 41630 with RR_type: CHANY  at Location:CHANY:41630 L4y length:4 (10,0,0) -> (10,3,0), had no out-going switches
Warning 1433: Node: 41632 with RR_type: CHANY  at Location:CHANY:41632 L4y length:3 (10,0,0) -> (10,2,0), had no out-going switches
Warning 1434: Node: 41634 with RR_type: CHANY  at Location:CHANY:41634 L4y length:2 (10,0,0) -> (10,1,0), had no out-going switches
Warning 1435: Node: 41636 with RR_type: CHANY  at Location:CHANY:41636 L4y length:1 (10,0,0) -> (10,0,0), had no out-going switches
Warning 1436: Node: 41638 with RR_type: CHANY  at Location:CHANY:41638 L4y length:4 (10,0,0) -> (10,3,0), had no out-going switches
Warning 1437: Node: 41640 with RR_type: CHANY  at Location:CHANY:41640 L4y length:3 (10,0,0) -> (10,2,0), had no out-going switches
Warning 1438: Node: 41642 with RR_type: CHANY  at Location:CHANY:41642 L4y length:2 (10,0,0) -> (10,1,0), had no out-going switches
Warning 1439: Node: 41644 with RR_type: CHANY  at Location:CHANY:41644 L4y length:1 (10,0,0) -> (10,0,0), had no out-going switches
Warning 1440: Node: 41646 with RR_type: CHANY  at Location:CHANY:41646 L4y length:4 (10,0,0) -> (10,3,0), had no out-going switches
Warning 1441: Node: 41648 with RR_type: CHANY  at Location:CHANY:41648 L4y length:3 (10,0,0) -> (10,2,0), had no out-going switches
Warning 1442: Node: 41650 with RR_type: CHANY  at Location:CHANY:41650 L4y length:2 (10,0,0) -> (10,1,0), had no out-going switches
Warning 1443: Node: 41652 with RR_type: CHANY  at Location:CHANY:41652 L4y length:1 (10,0,0) -> (10,0,0), had no out-going switches
Warning 1444: Node: 41925 with RR_type: CHANY  at Location:CHANY:41925 L4y length:4 (10,13,0) -> (10,10,0), had no out-going switches
Warning 1445: Node: 41927 with RR_type: CHANY  at Location:CHANY:41927 L4y length:4 (10,13,0) -> (10,10,0), had no out-going switches
Warning 1446: Node: 41929 with RR_type: CHANY  at Location:CHANY:41929 L4y length:4 (10,13,0) -> (10,10,0), had no out-going switches
Warning 1447: Node: 41931 with RR_type: CHANY  at Location:CHANY:41931 L4y length:4 (10,13,0) -> (10,10,0), had no out-going switches
Warning 1448: Node: 41933 with RR_type: CHANY  at Location:CHANY:41933 L4y length:4 (10,13,0) -> (10,10,0), had no out-going switches
Warning 1449: Node: 41953 with RR_type: CHANY  at Location:CHANY:41953 L4y length:3 (10,13,0) -> (10,11,0), had no out-going switches
Warning 1450: Node: 41955 with RR_type: CHANY  at Location:CHANY:41955 L4y length:3 (10,13,0) -> (10,11,0), had no out-going switches
Warning 1451: Node: 41957 with RR_type: CHANY  at Location:CHANY:41957 L4y length:3 (10,13,0) -> (10,11,0), had no out-going switches
Warning 1452: Node: 41959 with RR_type: CHANY  at Location:CHANY:41959 L4y length:3 (10,13,0) -> (10,11,0), had no out-going switches
Warning 1453: Node: 41961 with RR_type: CHANY  at Location:CHANY:41961 L4y length:3 (10,13,0) -> (10,11,0), had no out-going switches
Warning 1454: Node: 41975 with RR_type: CHANY  at Location:CHANY:41975 L2y length:2 (10,13,0) -> (10,12,0), had no out-going switches
Warning 1455: Node: 41977 with RR_type: CHANY  at Location:CHANY:41977 L2y length:2 (10,13,0) -> (10,12,0), had no out-going switches
Warning 1456: Node: 41979 with RR_type: CHANY  at Location:CHANY:41979 L2y length:2 (10,13,0) -> (10,12,0), had no out-going switches
Warning 1457: Node: 41981 with RR_type: CHANY  at Location:CHANY:41981 L4y length:2 (10,13,0) -> (10,12,0), had no out-going switches
Warning 1458: Node: 41983 with RR_type: CHANY  at Location:CHANY:41983 L4y length:2 (10,13,0) -> (10,12,0), had no out-going switches
Warning 1459: Node: 41985 with RR_type: CHANY  at Location:CHANY:41985 L4y length:2 (10,13,0) -> (10,12,0), had no out-going switches
Warning 1460: Node: 41987 with RR_type: CHANY  at Location:CHANY:41987 L4y length:2 (10,13,0) -> (10,12,0), had no out-going switches
Warning 1461: Node: 41989 with RR_type: CHANY  at Location:CHANY:41989 L4y length:2 (10,13,0) -> (10,12,0), had no out-going switches
Warning 1462: Node: 41991 with RR_type: CHANY  at Location:CHANY:41991 L1y length:1 (10,13,0) -> (10,13,0), had no out-going switches
Warning 1463: Node: 41993 with RR_type: CHANY  at Location:CHANY:41993 L1y length:1 (10,13,0) -> (10,13,0), had no out-going switches
Warning 1464: Node: 41995 with RR_type: CHANY  at Location:CHANY:41995 L1y length:1 (10,13,0) -> (10,13,0), had no out-going switches
Warning 1465: Node: 41997 with RR_type: CHANY  at Location:CHANY:41997 L1y length:1 (10,13,0) -> (10,13,0), had no out-going switches
Warning 1466: Node: 41999 with RR_type: CHANY  at Location:CHANY:41999 L1y length:1 (10,13,0) -> (10,13,0), had no out-going switches
Warning 1467: Node: 42001 with RR_type: CHANY  at Location:CHANY:42001 L1y length:1 (10,13,0) -> (10,13,0), had no out-going switches
Warning 1468: Node: 42003 with RR_type: CHANY  at Location:CHANY:42003 L2y length:1 (10,13,0) -> (10,13,0), had no out-going switches
Warning 1469: Node: 42005 with RR_type: CHANY  at Location:CHANY:42005 L2y length:1 (10,13,0) -> (10,13,0), had no out-going switches
Warning 1470: Node: 42007 with RR_type: CHANY  at Location:CHANY:42007 L2y length:1 (10,13,0) -> (10,13,0), had no out-going switches
Warning 1471: Node: 42009 with RR_type: CHANY  at Location:CHANY:42009 L4y length:1 (10,13,0) -> (10,13,0), had no out-going switches
Warning 1472: Node: 42011 with RR_type: CHANY  at Location:CHANY:42011 L4y length:1 (10,13,0) -> (10,13,0), had no out-going switches
Warning 1473: Node: 42013 with RR_type: CHANY  at Location:CHANY:42013 L4y length:1 (10,13,0) -> (10,13,0), had no out-going switches
Warning 1474: Node: 42015 with RR_type: CHANY  at Location:CHANY:42015 L4y length:1 (10,13,0) -> (10,13,0), had no out-going switches
Warning 1475: Node: 42017 with RR_type: CHANY  at Location:CHANY:42017 L4y length:1 (10,13,0) -> (10,13,0), had no out-going switches
Warning 1476: Node: 42018 with RR_type: CHANY  at Location:CHANY:42018 L1y length:1 (11,0,0) -> (11,0,0), had no out-going switches
Warning 1477: Node: 42020 with RR_type: CHANY  at Location:CHANY:42020 L1y length:1 (11,0,0) -> (11,0,0), had no out-going switches
Warning 1478: Node: 42022 with RR_type: CHANY  at Location:CHANY:42022 L1y length:1 (11,0,0) -> (11,0,0), had no out-going switches
Warning 1479: Node: 42024 with RR_type: CHANY  at Location:CHANY:42024 L1y length:1 (11,0,0) -> (11,0,0), had no out-going switches
Warning 1480: Node: 42026 with RR_type: CHANY  at Location:CHANY:42026 L1y length:1 (11,0,0) -> (11,0,0), had no out-going switches
Warning 1481: Node: 42028 with RR_type: CHANY  at Location:CHANY:42028 L1y length:1 (11,0,0) -> (11,0,0), had no out-going switches
Warning 1482: Node: 42030 with RR_type: CHANY  at Location:CHANY:42030 L2y length:2 (11,0,0) -> (11,1,0), had no out-going switches
Warning 1483: Node: 42032 with RR_type: CHANY  at Location:CHANY:42032 L2y length:1 (11,0,0) -> (11,0,0), had no out-going switches
Warning 1484: Node: 42034 with RR_type: CHANY  at Location:CHANY:42034 L2y length:2 (11,0,0) -> (11,1,0), had no out-going switches
Warning 1485: Node: 42036 with RR_type: CHANY  at Location:CHANY:42036 L2y length:1 (11,0,0) -> (11,0,0), had no out-going switches
Warning 1486: Node: 42038 with RR_type: CHANY  at Location:CHANY:42038 L2y length:2 (11,0,0) -> (11,1,0), had no out-going switches
Warning 1487: Node: 42040 with RR_type: CHANY  at Location:CHANY:42040 L2y length:1 (11,0,0) -> (11,0,0), had no out-going switches
Warning 1488: Node: 42042 with RR_type: CHANY  at Location:CHANY:42042 L4y length:4 (11,0,0) -> (11,3,0), had no out-going switches
Warning 1489: Node: 42044 with RR_type: CHANY  at Location:CHANY:42044 L4y length:3 (11,0,0) -> (11,2,0), had no out-going switches
Warning 1490: Node: 42046 with RR_type: CHANY  at Location:CHANY:42046 L4y length:2 (11,0,0) -> (11,1,0), had no out-going switches
Warning 1491: Node: 42048 with RR_type: CHANY  at Location:CHANY:42048 L4y length:1 (11,0,0) -> (11,0,0), had no out-going switches
Warning 1492: Node: 42050 with RR_type: CHANY  at Location:CHANY:42050 L4y length:4 (11,0,0) -> (11,3,0), had no out-going switches
Warning 1493: Node: 42052 with RR_type: CHANY  at Location:CHANY:42052 L4y length:3 (11,0,0) -> (11,2,0), had no out-going switches
Warning 1494: Node: 42054 with RR_type: CHANY  at Location:CHANY:42054 L4y length:2 (11,0,0) -> (11,1,0), had no out-going switches
Warning 1495: Node: 42056 with RR_type: CHANY  at Location:CHANY:42056 L4y length:1 (11,0,0) -> (11,0,0), had no out-going switches
Warning 1496: Node: 42058 with RR_type: CHANY  at Location:CHANY:42058 L4y length:4 (11,0,0) -> (11,3,0), had no out-going switches
Warning 1497: Node: 42060 with RR_type: CHANY  at Location:CHANY:42060 L4y length:3 (11,0,0) -> (11,2,0), had no out-going switches
Warning 1498: Node: 42062 with RR_type: CHANY  at Location:CHANY:42062 L4y length:2 (11,0,0) -> (11,1,0), had no out-going switches
Warning 1499: Node: 42064 with RR_type: CHANY  at Location:CHANY:42064 L4y length:1 (11,0,0) -> (11,0,0), had no out-going switches
Warning 1500: Node: 42066 with RR_type: CHANY  at Location:CHANY:42066 L4y length:4 (11,0,0) -> (11,3,0), had no out-going switches
Warning 1501: Node: 42068 with RR_type: CHANY  at Location:CHANY:42068 L4y length:3 (11,0,0) -> (11,2,0), had no out-going switches
Warning 1502: Node: 42070 with RR_type: CHANY  at Location:CHANY:42070 L4y length:2 (11,0,0) -> (11,1,0), had no out-going switches
Warning 1503: Node: 42072 with RR_type: CHANY  at Location:CHANY:42072 L4y length:1 (11,0,0) -> (11,0,0), had no out-going switches
Warning 1504: Node: 42074 with RR_type: CHANY  at Location:CHANY:42074 L4y length:4 (11,0,0) -> (11,3,0), had no out-going switches
Warning 1505: Node: 42076 with RR_type: CHANY  at Location:CHANY:42076 L4y length:3 (11,0,0) -> (11,2,0), had no out-going switches
Warning 1506: Node: 42078 with RR_type: CHANY  at Location:CHANY:42078 L4y length:2 (11,0,0) -> (11,1,0), had no out-going switches
Warning 1507: Node: 42080 with RR_type: CHANY  at Location:CHANY:42080 L4y length:1 (11,0,0) -> (11,0,0), had no out-going switches
Warning 1508: Node: 42353 with RR_type: CHANY  at Location:CHANY:42353 L4y length:4 (11,13,0) -> (11,10,0), had no out-going switches
Warning 1509: Node: 42355 with RR_type: CHANY  at Location:CHANY:42355 L4y length:4 (11,13,0) -> (11,10,0), had no out-going switches
Warning 1510: Node: 42357 with RR_type: CHANY  at Location:CHANY:42357 L4y length:4 (11,13,0) -> (11,10,0), had no out-going switches
Warning 1511: Node: 42359 with RR_type: CHANY  at Location:CHANY:42359 L4y length:4 (11,13,0) -> (11,10,0), had no out-going switches
Warning 1512: Node: 42361 with RR_type: CHANY  at Location:CHANY:42361 L4y length:4 (11,13,0) -> (11,10,0), had no out-going switches
Warning 1513: Node: 42381 with RR_type: CHANY  at Location:CHANY:42381 L4y length:3 (11,13,0) -> (11,11,0), had no out-going switches
Warning 1514: Node: 42383 with RR_type: CHANY  at Location:CHANY:42383 L4y length:3 (11,13,0) -> (11,11,0), had no out-going switches
Warning 1515: Node: 42385 with RR_type: CHANY  at Location:CHANY:42385 L4y length:3 (11,13,0) -> (11,11,0), had no out-going switches
Warning 1516: Node: 42387 with RR_type: CHANY  at Location:CHANY:42387 L4y length:3 (11,13,0) -> (11,11,0), had no out-going switches
Warning 1517: Node: 42389 with RR_type: CHANY  at Location:CHANY:42389 L4y length:3 (11,13,0) -> (11,11,0), had no out-going switches
Warning 1518: Node: 42403 with RR_type: CHANY  at Location:CHANY:42403 L2y length:2 (11,13,0) -> (11,12,0), had no out-going switches
Warning 1519: Node: 42405 with RR_type: CHANY  at Location:CHANY:42405 L2y length:2 (11,13,0) -> (11,12,0), had no out-going switches
Warning 1520: Node: 42407 with RR_type: CHANY  at Location:CHANY:42407 L2y length:2 (11,13,0) -> (11,12,0), had no out-going switches
Warning 1521: Node: 42409 with RR_type: CHANY  at Location:CHANY:42409 L4y length:2 (11,13,0) -> (11,12,0), had no out-going switches
Warning 1522: Node: 42411 with RR_type: CHANY  at Location:CHANY:42411 L4y length:2 (11,13,0) -> (11,12,0), had no out-going switches
Warning 1523: Node: 42413 with RR_type: CHANY  at Location:CHANY:42413 L4y length:2 (11,13,0) -> (11,12,0), had no out-going switches
Warning 1524: Node: 42415 with RR_type: CHANY  at Location:CHANY:42415 L4y length:2 (11,13,0) -> (11,12,0), had no out-going switches
Warning 1525: Node: 42417 with RR_type: CHANY  at Location:CHANY:42417 L4y length:2 (11,13,0) -> (11,12,0), had no out-going switches
Warning 1526: Node: 42419 with RR_type: CHANY  at Location:CHANY:42419 L1y length:1 (11,13,0) -> (11,13,0), had no out-going switches
Warning 1527: Node: 42421 with RR_type: CHANY  at Location:CHANY:42421 L1y length:1 (11,13,0) -> (11,13,0), had no out-going switches
Warning 1528: Node: 42423 with RR_type: CHANY  at Location:CHANY:42423 L1y length:1 (11,13,0) -> (11,13,0), had no out-going switches
Warning 1529: Node: 42425 with RR_type: CHANY  at Location:CHANY:42425 L1y length:1 (11,13,0) -> (11,13,0), had no out-going switches
Warning 1530: Node: 42427 with RR_type: CHANY  at Location:CHANY:42427 L1y length:1 (11,13,0) -> (11,13,0), had no out-going switches
Warning 1531: Node: 42429 with RR_type: CHANY  at Location:CHANY:42429 L1y length:1 (11,13,0) -> (11,13,0), had no out-going switches
Warning 1532: Node: 42431 with RR_type: CHANY  at Location:CHANY:42431 L2y length:1 (11,13,0) -> (11,13,0), had no out-going switches
Warning 1533: Node: 42433 with RR_type: CHANY  at Location:CHANY:42433 L2y length:1 (11,13,0) -> (11,13,0), had no out-going switches
Warning 1534: Node: 42435 with RR_type: CHANY  at Location:CHANY:42435 L2y length:1 (11,13,0) -> (11,13,0), had no out-going switches
Warning 1535: Node: 42437 with RR_type: CHANY  at Location:CHANY:42437 L4y length:1 (11,13,0) -> (11,13,0), had no out-going switches
Warning 1536: Node: 42439 with RR_type: CHANY  at Location:CHANY:42439 L4y length:1 (11,13,0) -> (11,13,0), had no out-going switches
Warning 1537: Node: 42441 with RR_type: CHANY  at Location:CHANY:42441 L4y length:1 (11,13,0) -> (11,13,0), had no out-going switches
Warning 1538: Node: 42443 with RR_type: CHANY  at Location:CHANY:42443 L4y length:1 (11,13,0) -> (11,13,0), had no out-going switches
Warning 1539: Node: 42445 with RR_type: CHANY  at Location:CHANY:42445 L4y length:1 (11,13,0) -> (11,13,0), had no out-going switches
Warning 1540: Node: 42446 with RR_type: CHANY  at Location:CHANY:42446 L1y length:1 (12,0,0) -> (12,0,0), had no out-going switches
Warning 1541: Node: 42448 with RR_type: CHANY  at Location:CHANY:42448 L1y length:1 (12,0,0) -> (12,0,0), had no out-going switches
Warning 1542: Node: 42450 with RR_type: CHANY  at Location:CHANY:42450 L1y length:1 (12,0,0) -> (12,0,0), had no out-going switches
Warning 1543: Node: 42452 with RR_type: CHANY  at Location:CHANY:42452 L1y length:1 (12,0,0) -> (12,0,0), had no out-going switches
Warning 1544: Node: 42454 with RR_type: CHANY  at Location:CHANY:42454 L1y length:1 (12,0,0) -> (12,0,0), had no out-going switches
Warning 1545: Node: 42456 with RR_type: CHANY  at Location:CHANY:42456 L1y length:1 (12,0,0) -> (12,0,0), had no out-going switches
Warning 1546: Node: 42458 with RR_type: CHANY  at Location:CHANY:42458 L2y length:2 (12,0,0) -> (12,1,0), had no out-going switches
Warning 1547: Node: 42460 with RR_type: CHANY  at Location:CHANY:42460 L2y length:1 (12,0,0) -> (12,0,0), had no out-going switches
Warning 1548: Node: 42462 with RR_type: CHANY  at Location:CHANY:42462 L2y length:2 (12,0,0) -> (12,1,0), had no out-going switches
Warning 1549: Node: 42464 with RR_type: CHANY  at Location:CHANY:42464 L2y length:1 (12,0,0) -> (12,0,0), had no out-going switches
Warning 1550: Node: 42466 with RR_type: CHANY  at Location:CHANY:42466 L2y length:2 (12,0,0) -> (12,1,0), had no out-going switches
Warning 1551: Node: 42468 with RR_type: CHANY  at Location:CHANY:42468 L2y length:1 (12,0,0) -> (12,0,0), had no out-going switches
Warning 1552: Node: 42470 with RR_type: CHANY  at Location:CHANY:42470 L4y length:4 (12,0,0) -> (12,3,0), had no out-going switches
Warning 1553: Node: 42472 with RR_type: CHANY  at Location:CHANY:42472 L4y length:3 (12,0,0) -> (12,2,0), had no out-going switches
Warning 1554: Node: 42474 with RR_type: CHANY  at Location:CHANY:42474 L4y length:2 (12,0,0) -> (12,1,0), had no out-going switches
Warning 1555: Node: 42476 with RR_type: CHANY  at Location:CHANY:42476 L4y length:1 (12,0,0) -> (12,0,0), had no out-going switches
Warning 1556: Node: 42478 with RR_type: CHANY  at Location:CHANY:42478 L4y length:4 (12,0,0) -> (12,3,0), had no out-going switches
Warning 1557: Node: 42480 with RR_type: CHANY  at Location:CHANY:42480 L4y length:3 (12,0,0) -> (12,2,0), had no out-going switches
Warning 1558: Node: 42482 with RR_type: CHANY  at Location:CHANY:42482 L4y length:2 (12,0,0) -> (12,1,0), had no out-going switches
Warning 1559: Node: 42484 with RR_type: CHANY  at Location:CHANY:42484 L4y length:1 (12,0,0) -> (12,0,0), had no out-going switches
Warning 1560: Node: 42486 with RR_type: CHANY  at Location:CHANY:42486 L4y length:4 (12,0,0) -> (12,3,0), had no out-going switches
Warning 1561: Node: 42488 with RR_type: CHANY  at Location:CHANY:42488 L4y length:3 (12,0,0) -> (12,2,0), had no out-going switches
Warning 1562: Node: 42490 with RR_type: CHANY  at Location:CHANY:42490 L4y length:2 (12,0,0) -> (12,1,0), had no out-going switches
Warning 1563: Node: 42492 with RR_type: CHANY  at Location:CHANY:42492 L4y length:1 (12,0,0) -> (12,0,0), had no out-going switches
Warning 1564: Node: 42494 with RR_type: CHANY  at Location:CHANY:42494 L4y length:4 (12,0,0) -> (12,3,0), had no out-going switches
Warning 1565: Node: 42496 with RR_type: CHANY  at Location:CHANY:42496 L4y length:3 (12,0,0) -> (12,2,0), had no out-going switches
Warning 1566: Node: 42498 with RR_type: CHANY  at Location:CHANY:42498 L4y length:2 (12,0,0) -> (12,1,0), had no out-going switches
Warning 1567: Node: 42500 with RR_type: CHANY  at Location:CHANY:42500 L4y length:1 (12,0,0) -> (12,0,0), had no out-going switches
Warning 1568: Node: 42502 with RR_type: CHANY  at Location:CHANY:42502 L4y length:4 (12,0,0) -> (12,3,0), had no out-going switches
Warning 1569: Node: 42504 with RR_type: CHANY  at Location:CHANY:42504 L4y length:3 (12,0,0) -> (12,2,0), had no out-going switches
Warning 1570: Node: 42506 with RR_type: CHANY  at Location:CHANY:42506 L4y length:2 (12,0,0) -> (12,1,0), had no out-going switches
Warning 1571: Node: 42508 with RR_type: CHANY  at Location:CHANY:42508 L4y length:1 (12,0,0) -> (12,0,0), had no out-going switches
Warning 1572: Node: 42781 with RR_type: CHANY  at Location:CHANY:42781 L4y length:4 (12,13,0) -> (12,10,0), had no out-going switches
Warning 1573: Node: 42783 with RR_type: CHANY  at Location:CHANY:42783 L4y length:4 (12,13,0) -> (12,10,0), had no out-going switches
Warning 1574: Node: 42785 with RR_type: CHANY  at Location:CHANY:42785 L4y length:4 (12,13,0) -> (12,10,0), had no out-going switches
Warning 1575: Node: 42787 with RR_type: CHANY  at Location:CHANY:42787 L4y length:4 (12,13,0) -> (12,10,0), had no out-going switches
Warning 1576: Node: 42789 with RR_type: CHANY  at Location:CHANY:42789 L4y length:4 (12,13,0) -> (12,10,0), had no out-going switches
Warning 1577: Node: 42809 with RR_type: CHANY  at Location:CHANY:42809 L4y length:3 (12,13,0) -> (12,11,0), had no out-going switches
Warning 1578: Node: 42811 with RR_type: CHANY  at Location:CHANY:42811 L4y length:3 (12,13,0) -> (12,11,0), had no out-going switches
Warning 1579: Node: 42813 with RR_type: CHANY  at Location:CHANY:42813 L4y length:3 (12,13,0) -> (12,11,0), had no out-going switches
Warning 1580: Node: 42815 with RR_type: CHANY  at Location:CHANY:42815 L4y length:3 (12,13,0) -> (12,11,0), had no out-going switches
Warning 1581: Node: 42817 with RR_type: CHANY  at Location:CHANY:42817 L4y length:3 (12,13,0) -> (12,11,0), had no out-going switches
Warning 1582: Node: 42831 with RR_type: CHANY  at Location:CHANY:42831 L2y length:2 (12,13,0) -> (12,12,0), had no out-going switches
Warning 1583: Node: 42833 with RR_type: CHANY  at Location:CHANY:42833 L2y length:2 (12,13,0) -> (12,12,0), had no out-going switches
Warning 1584: Node: 42835 with RR_type: CHANY  at Location:CHANY:42835 L2y length:2 (12,13,0) -> (12,12,0), had no out-going switches
Warning 1585: Node: 42837 with RR_type: CHANY  at Location:CHANY:42837 L4y length:2 (12,13,0) -> (12,12,0), had no out-going switches
Warning 1586: Node: 42839 with RR_type: CHANY  at Location:CHANY:42839 L4y length:2 (12,13,0) -> (12,12,0), had no out-going switches
Warning 1587: Node: 42841 with RR_type: CHANY  at Location:CHANY:42841 L4y length:2 (12,13,0) -> (12,12,0), had no out-going switches
Warning 1588: Node: 42843 with RR_type: CHANY  at Location:CHANY:42843 L4y length:2 (12,13,0) -> (12,12,0), had no out-going switches
Warning 1589: Node: 42845 with RR_type: CHANY  at Location:CHANY:42845 L4y length:2 (12,13,0) -> (12,12,0), had no out-going switches
Warning 1590: Node: 42847 with RR_type: CHANY  at Location:CHANY:42847 L1y length:1 (12,13,0) -> (12,13,0), had no out-going switches
Warning 1591: Node: 42849 with RR_type: CHANY  at Location:CHANY:42849 L1y length:1 (12,13,0) -> (12,13,0), had no out-going switches
Warning 1592: Node: 42851 with RR_type: CHANY  at Location:CHANY:42851 L1y length:1 (12,13,0) -> (12,13,0), had no out-going switches
Warning 1593: Node: 42853 with RR_type: CHANY  at Location:CHANY:42853 L1y length:1 (12,13,0) -> (12,13,0), had no out-going switches
Warning 1594: Node: 42855 with RR_type: CHANY  at Location:CHANY:42855 L1y length:1 (12,13,0) -> (12,13,0), had no out-going switches
Warning 1595: Node: 42857 with RR_type: CHANY  at Location:CHANY:42857 L1y length:1 (12,13,0) -> (12,13,0), had no out-going switches
Warning 1596: Node: 42859 with RR_type: CHANY  at Location:CHANY:42859 L2y length:1 (12,13,0) -> (12,13,0), had no out-going switches
Warning 1597: Node: 42861 with RR_type: CHANY  at Location:CHANY:42861 L2y length:1 (12,13,0) -> (12,13,0), had no out-going switches
Warning 1598: Node: 42863 with RR_type: CHANY  at Location:CHANY:42863 L2y length:1 (12,13,0) -> (12,13,0), had no out-going switches
Warning 1599: Node: 42865 with RR_type: CHANY  at Location:CHANY:42865 L4y length:1 (12,13,0) -> (12,13,0), had no out-going switches
Warning 1600: Node: 42867 with RR_type: CHANY  at Location:CHANY:42867 L4y length:1 (12,13,0) -> (12,13,0), had no out-going switches
Warning 1601: Node: 42869 with RR_type: CHANY  at Location:CHANY:42869 L4y length:1 (12,13,0) -> (12,13,0), had no out-going switches
Warning 1602: Node: 42871 with RR_type: CHANY  at Location:CHANY:42871 L4y length:1 (12,13,0) -> (12,13,0), had no out-going switches
Warning 1603: Node: 42873 with RR_type: CHANY  at Location:CHANY:42873 L4y length:1 (12,13,0) -> (12,13,0), had no out-going switches
Warning 1604: in check_rr_graph: fringe node 31858 CHANX at (0,0) has no fanin.
	 This is possible on a fringe node based on low Fc_out, N, and certain lengths.
## Loading routing resource graph took 2.42 seconds (max_rss 70.7 MiB, delta_rss +0.0 MiB)
  RR Graph Nodes: 42874
  RR Graph Edges: 359010
# Create Device took 2.55 seconds (max_rss 70.7 MiB, delta_rss +0.0 MiB)

Resource usage...
	Netlist
		0	blocks of type: ckbuf
	Architecture
		576	blocks of type: clb
	Netlist
		1	blocks of type: clb
	Architecture
		576	blocks of type: clb
	Netlist
		3	blocks of type: io_pi
	Architecture
		176	blocks of type: io_leftL
		96	blocks of type: io_rightL
		504	blocks of type: io_topL
		204	blocks of type: io_bottomL
		17	blocks of type: io_leftL_ecb56
	Netlist
		0	blocks of type: io_pi_ecb56
	Architecture
		176	blocks of type: io_leftL
		96	blocks of type: io_rightL
		504	blocks of type: io_topL
		204	blocks of type: io_bottomL
		17	blocks of type: io_leftL_ecb56
	Netlist
		0	blocks of type: io_pi_pdc_ecb1
	Architecture
		176	blocks of type: io_leftL
		96	blocks of type: io_rightL
		504	blocks of type: io_topL
		204	blocks of type: io_bottomL
		17	blocks of type: io_leftL_ecb56
	Netlist
		2	blocks of type: io_po
	Architecture
		176	blocks of type: io_leftL
		96	blocks of type: io_rightL
		504	blocks of type: io_topL
		204	blocks of type: io_bottomL
		17	blocks of type: io_leftL_ecb56
	Netlist
		0	blocks of type: io_po_cko
	Architecture
		176	blocks of type: io_leftL
		96	blocks of type: io_rightL
		504	blocks of type: io_topL
		204	blocks of type: io_bottomL
		17	blocks of type: io_leftL_ecb56

Device Utilization: 0.00 (target 1.00)
	Physical Tile clb:
	Block Utilization: 0.00 Logical Block: ckbuf
	Block Utilization: 0.00 Logical Block: clb
	Physical Tile io_bottomL:
	Block Utilization: 0.00 Logical Block: io_po_cko
	Block Utilization: 0.01 Logical Block: io_po
	Block Utilization: 0.00 Logical Block: io_pi_ecb56
	Block Utilization: 0.01 Logical Block: io_pi
	Block Utilization: 0.00 Logical Block: io_pi_pdc_ecb1
	Physical Tile io_leftL:
	Block Utilization: 0.00 Logical Block: io_po_cko
	Block Utilization: 0.01 Logical Block: io_po
	Block Utilization: 0.00 Logical Block: io_pi_ecb56
	Block Utilization: 0.00 Logical Block: io_pi_pdc_ecb1
	Block Utilization: 0.02 Logical Block: io_pi
	Physical Tile io_leftL_ecb56:
	Block Utilization: 0.00 Logical Block: io_po_cko
	Block Utilization: 0.12 Logical Block: io_po
	Block Utilization: 0.00 Logical Block: io_pi_pdc_ecb1
	Block Utilization: 0.18 Logical Block: io_pi
	Block Utilization: 0.00 Logical Block: io_pi_ecb56
	Physical Tile io_rightL:
	Block Utilization: 0.00 Logical Block: io_po_cko
	Block Utilization: 0.02 Logical Block: io_po
	Block Utilization: 0.00 Logical Block: io_pi_pdc_ecb1
	Block Utilization: 0.00 Logical Block: io_pi_ecb56
	Block Utilization: 0.03 Logical Block: io_pi
	Physical Tile io_topL:
	Block Utilization: 0.00 Logical Block: io_po_cko
	Block Utilization: 0.00 Logical Block: io_po
	Block Utilization: 0.00 Logical Block: io_pi_pdc_ecb1
	Block Utilization: 0.00 Logical Block: io_pi_ecb56
	Block Utilization: 0.01 Logical Block: io_pi


# Loading router wire lookahead map
# Loading router wire lookahead map took 0.00 seconds (max_rss 70.7 MiB, delta_rss +0.0 MiB)
# Computing src/opin lookahead
Warning 1605: Found no more sample locations for SOURCE in clb
Warning 1606: Found no more sample locations for OPIN in clb
Warning 1607: Found no more sample locations for SOURCE in io_bottomL
Warning 1608: Found no more sample locations for OPIN in io_bottomL
Warning 1609: Found no more sample locations for SOURCE in io_leftL
Warning 1610: Found no more sample locations for OPIN in io_leftL
Warning 1611: Found no more sample locations for SOURCE in io_leftL_ecb56
Warning 1612: Found no more sample locations for OPIN in io_leftL_ecb56
Warning 1613: Found no more sample locations for SOURCE in io_rightL
Warning 1614: Found no more sample locations for OPIN in io_rightL
Warning 1615: Found no more sample locations for SOURCE in io_topL
Warning 1616: Found no more sample locations for OPIN in io_topL
# Computing src/opin lookahead took 0.53 seconds (max_rss 70.7 MiB, delta_rss +0.0 MiB)
# Compressed grid construction
# Compressed grid construction took 0.00 seconds (max_rss 70.7 MiB, delta_rss +0.0 MiB)

Bounding box mode is Cube

# Computing placement delta delay look-up
RR graph channel widths unchanged, skipping RR graph rebuild
Serial Connection Router is being destroyed. Time spent on path search: 0.000 seconds.
# Computing placement delta delay look-up took 0.01 seconds (max_rss 70.7 MiB, delta_rss +0.0 MiB)
# Placement
## Initial Placement
Reading fix_pins.place.user.

Successfully read constraints file fix_pins.place.user.

Initial placement iteration 0 has finished successfully
## Initial Placement took 0.00 seconds (max_rss 70.7 MiB, delta_rss +0.0 MiB)
Using simple RL 'Softmax agent' for choosing move and block types

Completed placement consistency check successfully.
Initial placement cost: 1 bb_cost: 0.624519 td_cost: 2.47604e-08
Initial placement BB estimate of wirelength: 39
Initial placement estimated Critical Path Delay (CPD): 16.982 ns
Initial placement estimated setup Total Negative Slack (sTNS): -34.2482 ns
Initial placement estimated setup Worst Negative Slack (sWNS): -16.982 ns

Initial placement estimated setup slack histogram:
[ -1.7e-08: -1.5e-08) 2 ( 66.7%) |*************************************************
[ -1.5e-08: -1.4e-08) 0 (  0.0%) |
[ -1.4e-08: -1.2e-08) 0 (  0.0%) |
[ -1.2e-08: -1.1e-08) 0 (  0.0%) |
[ -1.1e-08:   -9e-09) 0 (  0.0%) |
[   -9e-09: -7.4e-09) 0 (  0.0%) |
[ -7.4e-09: -5.7e-09) 0 (  0.0%) |
[ -5.7e-09: -4.1e-09) 0 (  0.0%) |
[ -4.1e-09: -2.5e-09) 0 (  0.0%) |
[ -2.5e-09: -9.3e-10) 1 ( 33.3%) |*************************
Placement contains 0 placement macros involving 0 blocks (average macro size -nan)

Moves per temperature: 5

---- ------ ------- ------- ---------- ---------- ------- ---------- -------- ------- ------- ------ -------- --------- ------
Tnum  Time     T    AvCost  Av BB Cost Av TD Cost   CPD      sTNS      sWNS   AcRate  StdDev  R lim  CritExp  TotMoves  Alpha 
     (sec)                                          (ns)     (ns)      (ns)                                                   
---- ------ ------- ------- ---------- ---------- ------- ---------- -------- ------- ------- ------ -------- --------- ------
   1    0.0 4.9e-01   1.321       0.67 1.9603e-08  13.175      -19.7  -13.175   0.600  0.2002   13.0     1.00          5  1.000
   2    0.0 4.7e-01   0.993       0.73 2.2823e-08  16.982      -31.1  -16.982   1.000  0.1854   13.0     1.00         10  0.950
   3    0.0 2.3e-01   0.816       0.51 1.2349e-08  13.161        -25  -13.161   0.400  0.0534   13.0     1.00         15  0.500
   4    0.0 2.2e-01   0.696       0.40 8.3488e-09  10.958      -21.3  -10.958   0.400  0.0000   12.5     1.30         20  0.950
   5    0.0 2.1e-01   1.036       0.41 9.6622e-09   7.151      -13.6   -7.151   0.800  0.0654   12.0     1.59         25  0.950
   6    0.0 1.9e-01   1.046       0.42 1.0179e-08   6.519      -13.6   -6.519   0.400  0.0496   13.0     1.00         30  0.900
   7    0.0 1.8e-01   0.801       0.34 8.392e-09    6.824      -13.6   -6.824   0.400  0.0938   12.5     1.30         35  0.950
   8    0.0 1.7e-01   1.091       0.34 8.2299e-09   5.559      -11.1   -5.559   0.400  0.1292   12.0     1.59         40  0.950
   9    0.0 1.6e-01   1.108       0.39 9.7958e-09   6.824      -13.6   -6.824   0.600  0.0374   11.5     1.87         45  0.950
  10    0.0 1.5e-01   1.250       0.51 1.3602e-08   8.103      -16.5   -8.103   0.800  0.2850   13.0     1.00         50  0.950
  11    0.0 1.4e-01   0.690       0.44 1.1801e-08  13.161      -25.7  -13.161   0.400  0.1354   13.0     1.00         55  0.900
  12    0.0 1.3e-01   0.968       0.46 1.3826e-08  10.952      -21.6  -10.952   0.400  0.0000   12.5     1.30         60  0.950
  13    0.0 1.3e-01   0.955       0.42 1.4015e-08  10.006      -20.6  -10.006   0.200  0.0000   12.0     1.59         65  0.950
  14    0.0 1.2e-01   1.002       0.44 1.2628e-08  10.006      -20.6  -10.006   0.600  0.1262    9.1     3.27         70  0.950
  15    0.0 1.1e-01   1.053       0.39 1.244e-08    9.061      -18.1   -9.061   0.200  0.0000   10.6     2.42         75  0.950
  16    0.0 1.1e-01   0.939       0.36 1.2037e-08   9.061      -18.1   -9.061   0.600  0.0300    8.0     3.90         80  0.950
  17    0.0 1.0e-01   0.971       0.33 1.2702e-08   8.422      -17.4   -8.422   0.200  0.0000    9.3     3.15         85  0.950
  18    0.0 9.7e-02   0.943       0.31 1.1666e-08   8.422      -17.4   -8.422   0.200  0.0000    7.1     4.46         90  0.950
  19    0.0 9.2e-02   1.147       0.37 1.3677e-08   7.783      -16.2   -7.783   0.600  0.0894    5.4     5.45         95  0.950
  20    0.0 8.8e-02   1.244       0.52 1.7895e-08   8.734      -18.1   -8.734   0.200  0.0000    6.2     4.94        100  0.950
  21    0.0 8.3e-02   1.000       0.51 1.5911e-08  12.081      -21.4  -12.081   0.600  0.0002    4.7     5.82        105  0.950
  22    0.0 7.9e-02   0.981       0.58 1.6813e-08  12.862      -25.9  -12.862   0.600  0.0350    5.5     5.37        110  0.950
  23    0.0 7.5e-02   0.865       0.56 9.4906e-09  11.591      -20.8  -11.591   0.600  0.0891    6.4     4.86        115  0.950
  24    0.0 7.1e-02   0.598       0.28 5.9762e-09   8.422      -14.3   -8.422   0.400  0.0236    7.4     4.27        120  0.950
  25    0.0 6.8e-02   1.061       0.29 7.6134e-09   4.927      -10.5   -4.927   0.400  0.0391    7.1     4.44        125  0.950
  26    0.0 6.4e-02   1.126       0.30 8.8605e-09   5.254      -11.1   -5.254   0.200  0.0000    6.8     4.60        130  0.950
  27    0.0 6.1e-02   1.000       0.30 7.4581e-09   6.519      -13.6   -6.519   0.000  0.0000    5.2     5.56        135  0.950
  28    0.0 5.8e-02   1.000       0.30 7.2046e-09   6.519      -13.6   -6.519   0.000  0.0000    2.9     6.89        140  0.950
  29    0.0 5.5e-02   1.000       0.30 7.083e-09    6.519      -13.6   -6.519   0.000  0.0000    1.6     7.64        145  0.950
  30    0.0 5.2e-02   0.871       0.28 5.7631e-09   6.519      -13.6   -6.519   0.400  0.0000    1.0     8.00        150  0.950
  31    0.0 5.0e-02   1.000       0.28 7.2999e-09   5.254      -11.1   -5.254   0.600  0.0000    1.0     8.00        155  0.950
  32    0.0 4.7e-02   0.901       0.25 6.6748e-09   5.254      -11.1   -5.254   0.200  0.0000    1.2     7.91        160  0.950
  33    0.0 4.5e-02   0.967       0.25 5.3933e-09   5.254      -11.1   -5.254   0.200  0.0000    1.0     8.00        165  0.950
  34    0.0 4.3e-02   0.958       0.25 4.4307e-09   5.254      -10.5   -5.254   0.200  0.0000    1.0     8.00        170  0.950
  35    0.0 4.1e-02   1.000       0.25 4.8364e-09   5.254      -10.5   -5.254   0.200  0.0000    1.0     8.00        175  0.950
  36    0.0 3.9e-02   0.936       0.23 4.5202e-09   5.254      -10.5   -5.254   0.400  0.0902    1.0     8.00        180  0.950
  37    0.0 3.7e-02   1.000       0.22 4.6319e-09   4.621      -9.85   -4.621   0.000  0.0000    1.0     8.00        185  0.950
Agent's 2nd state: 
  38    0.0 2.9e-02   1.000       0.22 4.6319e-09   4.621      -9.85   -4.621   0.000  0.0000    1.0     8.00        190  0.800
Checkpoint saved: bb_costs=0.216827, TD costs=4.63193e-09, CPD=  4.621 (ns) 
  39    0.0 2.3e-02   1.000       0.22 4.6319e-09   4.621      -9.85   -4.621   0.200  0.0000    1.0     8.00        195  0.800
  40    0.0 2.2e-02   1.000       0.22 4.6319e-09   4.621      -9.85   -4.621   0.000  0.0000    1.0     8.00        200  0.950
  41    0.0 1.8e-02   0.861       0.19 3.9995e-09   4.621      -9.85   -4.621   0.200  0.0000    1.0     8.00        205  0.800
Checkpoint saved: bb_costs=0.186058, TD costs=4.89379e-09, CPD=  3.989 (ns) 
  42    0.0 1.7e-02   1.000       0.19 4.8938e-09   3.989      -8.58   -3.989   0.000  0.0000    1.0     8.00        210  0.950
  43    0.0 1.4e-02   1.000       0.19 4.8938e-09   3.989      -8.58   -3.989   0.200  0.0000    1.0     8.00        215  0.800
  44    0.0 1.3e-02   1.000       0.19 4.8938e-09   3.989      -8.58   -3.989   0.200  0.0000    1.0     8.00        220  0.950
  45    0.0 1.2e-02   1.000       0.19 4.8938e-09   3.989      -8.58   -3.989   0.000  0.0000    1.0     8.00        225  0.950
  46    0.0 9.8e-03   1.000       0.19 4.8938e-09   3.989      -8.58   -3.989   0.200  0.0000    1.0     8.00        230  0.800
  47    0.0 9.3e-03   1.000       0.19 4.8938e-09   3.989      -8.58   -3.989   0.000  0.0000    1.0     8.00        235  0.950
  48    0.0 7.4e-03   1.000       0.19 4.8938e-09   3.989      -8.58   -3.989   0.000  0.0000    1.0     8.00        240  0.800
  49    0.0 5.9e-03   1.000       0.19 4.8938e-09   3.989      -8.58   -3.989   0.000  0.0000    1.0     8.00        245  0.800
  50    0.0 4.8e-03   1.000       0.19 4.8938e-09   3.989      -8.58   -3.989   0.200  0.0000    1.0     8.00        250  0.800
  51    0.0 4.5e-03   1.000       0.19 4.8938e-09   3.989      -8.58   -3.989   0.000  0.0000    1.0     8.00        255  0.950
  52    0.0 3.6e-03   1.000       0.19 4.8938e-09   3.989      -8.58   -3.989   0.000  0.0000    1.0     8.00        260  0.800
  53    0.0 2.9e-03   1.000       0.19 4.8938e-09   3.989      -8.58   -3.989   0.200  0.0000    1.0     8.00        265  0.800
  54    0.0 2.7e-03   1.000       0.19 4.8938e-09   3.989      -8.58   -3.989   0.000  0.0000    1.0     8.00        270  0.950
  55    0.0 2.2e-03   1.000       0.19 4.8938e-09   3.989      -8.58   -3.989   0.000  0.0000    1.0     8.00        275  0.800
  56    0.0 1.8e-03   1.000       0.19 4.8938e-09   3.989      -8.58   -3.989   0.200  0.0000    1.0     8.00        280  0.800
  57    0.0 1.7e-03   1.000       0.19 4.8938e-09   3.989      -8.58   -3.989   0.000  0.0000    1.0     8.00        285  0.950
  58    0.0 1.3e-03   1.000       0.19 4.8938e-09   3.989      -8.58   -3.989   0.000  0.0000    1.0     8.00        290  0.800
  59    0.0 0.0e+00   1.000       0.19 4.8938e-09   3.989      -8.58   -3.989   0.000  0.0000    1.0     8.00        295  0.800
## Placement Quench took 0.00 seconds (max_rss 70.7 MiB)
post-quench CPD = 3.989 (ns) 

Completed placement consistency check successfully.

Swaps called: 300

Aborted Move Reasons:
  No moves aborted

BB estimate of min-dist (placement) wire length: 9

Placement estimated critical path delay (least slack): 3.989 ns, Fmax: 250.689 MHz
Placement estimated setup Worst Negative Slack (sWNS): -3.989 ns
Placement estimated setup Total Negative Slack (sTNS): -8.5816 ns

Placement estimated setup slack histogram:
[   -4e-09: -3.7e-09) 1 ( 33.3%) |**************************************************
[ -3.7e-09: -3.4e-09) 1 ( 33.3%) |**************************************************
[ -3.4e-09: -3.1e-09) 0 (  0.0%) |
[ -3.1e-09: -2.8e-09) 0 (  0.0%) |
[ -2.8e-09: -2.5e-09) 0 (  0.0%) |
[ -2.5e-09: -2.2e-09) 0 (  0.0%) |
[ -2.2e-09: -1.8e-09) 0 (  0.0%) |
[ -1.8e-09: -1.5e-09) 0 (  0.0%) |
[ -1.5e-09: -1.2e-09) 0 (  0.0%) |
[ -1.2e-09: -9.3e-10) 1 ( 33.3%) |**************************************************

Placement estimated geomean non-virtual intra-domain period: 3.989 ns (250.689 MHz)
Placement estimated fanout-weighted geomean non-virtual intra-domain period: 3.989 ns (250.689 MHz)

Placement cost: 1, bb_cost: 0.186058, td_cost: 4.89379e-09, 

Placement resource usage:
  clb   implemented as clb    : 1
  io_pi implemented as io_topL: 3
  io_po implemented as io_topL: 2

Placement number of temperatures: 59
Placement total # of swap attempts: 300
	Swaps accepted:  83 (27.7 %)
	Swaps rejected: 184 (61.3 %)
	Swaps aborted:  33 (11.0 %)


Placement perturbation distribution by block and move type: 
------------------ ----------------- ---------------- ---------------- --------------- ------------ 
    Block Type         Move Type       (%) of Total      Accepted(%)     Rejected(%)    Aborted(%)
------------------ ----------------- ---------------- ---------------- --------------- ------------ 
clb                Uniform                2.00             16.67           83.33          0.00         
                   Median                 1.33             0.00            75.00          25.00        
                   Centroid               0.67             0.00            100.00         0.00         
                   W. Centroid            2.00             33.33           33.33          33.33        
                   W. Median              0.67             0.00            50.00          50.00        
                   Crit. Uniform          1.67             0.00            100.00         0.00         
                   Feasible Region        1.67             0.00            80.00          20.00        

io_pi              Uniform                5.33             31.25           68.75          0.00         
                   Median                 24.67            29.73           39.19          31.08        
                   Centroid               11.00            45.45           51.52          3.03         
                   W. Centroid            3.67             36.36           54.55          9.09         
                   W. Median              2.33             0.00            57.14          42.86        
                   Crit. Uniform          3.67             0.00            100.00         0.00         
                   Feasible Region        4.67             7.14            92.86          0.00         

io_po              Uniform                10.00            23.33           76.67          0.00         
                   Median                 8.33             40.00           60.00          0.00         
                   Centroid               12.67            36.84           63.16          0.00         
                   W. Centroid            3.00             22.22           77.78          0.00         
                   W. Median              0.67             0.00            100.00         0.00         


Placement Quench timing analysis took 0.000124115 seconds (9.7435e-05 STA, 2.668e-05 slack) (1 full updates: 1 setup, 0 hold, 0 combined).
Placement Total  timing analysis took 0.00818561 seconds (0.00638898 STA, 0.00179663 slack) (61 full updates: 61 setup, 0 hold, 0 combined).
update_td_costs: connections 0 nets 0 sum_nets 0 total 0
# Placement took 0.03 seconds (max_rss 70.7 MiB, delta_rss +0.0 MiB)

# Routing
RR graph channel widths unchanged, skipping RR graph rebuild
## Initializing router criticalities
Initial Net Connection Criticality Histogram:
[        0:      0.1) 1 ( 20.0%) |************
[      0.1:      0.2) 0 (  0.0%) |
[      0.2:      0.3) 0 (  0.0%) |
[      0.3:      0.4) 0 (  0.0%) |
[      0.4:      0.5) 0 (  0.0%) |
[      0.5:      0.6) 0 (  0.0%) |
[      0.6:      0.7) 0 (  0.0%) |
[      0.7:      0.8) 0 (  0.0%) |
[      0.8:      0.9) 0 (  0.0%) |
[      0.9:        1) 4 ( 80.0%) |*************************************************
## Initializing router criticalities took 0.00 seconds (max_rss 70.7 MiB, delta_rss +0.0 MiB)
---- ------ ------- ---- ------- ------- ------- ----------------- --------------- -------- ---------- ---------- ---------- ---------- --------
Iter   Time    pres  BBs    Heap  Re-Rtd  Re-Rtd Overused RR Nodes      Wirelength      CPD       sTNS       sWNS       hTNS       hWNS Est Succ
      (sec)     fac Updt    push    Nets   Conns                                       (ns)       (ns)       (ns)       (ns)       (ns)     Iter
---- ------ ------- ---- ------- ------- ------- ----------------- --------------- -------- ---------- ---------- ---------- ---------- --------
   1    0.0     0.0    0     635       3       4       0 ( 0.000%)      20 ( 0.1%)   11.179     -22.51    -11.179      0.000      0.000      N/A
Incr Slack updates 61 in 0.000280328 sec
Full Max Req/Worst Slack updates 18 in 0.000132419 sec
Incr Max Req/Worst Slack updates 43 in 0.000350582 sec
Incr Criticality updates 33 in 0.000375123 sec
Full Criticality updates 28 in 0.000324024 sec
Restoring best routing
Critical path: 11.1795 ns
Successfully routed after 1 routing iterations.
Final Net Connection Criticality Histogram:
[        0:      0.1) 1 ( 20.0%) |****************
[      0.1:      0.2) 0 (  0.0%) |
[      0.2:      0.3) 0 (  0.0%) |
[      0.3:      0.4) 0 (  0.0%) |
[      0.4:      0.5) 0 (  0.0%) |
[      0.5:      0.6) 0 (  0.0%) |
[      0.6:      0.7) 0 (  0.0%) |
[      0.7:      0.8) 0 (  0.0%) |
[      0.8:      0.9) 1 ( 20.0%) |****************
[      0.9:        1) 3 ( 60.0%) |*************************************************
Router Stats: total_nets_routed: 3 total_connections_routed: 4 total_heap_pushes: 635 total_heap_pops: 303 
Serial Connection Router is being destroyed. Time spent on path search: 0.001 seconds.
# Routing took 0.02 seconds (max_rss 70.7 MiB, delta_rss +0.0 MiB)

Checking to ensure routing is legal...
# Checking to ensure non-configurable edges are legal
# Checking to ensure non-configurable edges are legal took 0.03 seconds (max_rss 70.7 MiB, delta_rss +0.0 MiB)
Completed routing consistency check successfully.

Serial number (magic cookie) for the routing is: -47462
Circuit successfully routed with a channel width factor of 64.
Warning 1617: Cannot print switch usage stats: device_ctx.switch_fanin_remap is empty
Warning 1618: Synchronization between packing and routing results was not applied due to skip_sync_clustering_and_routing_results being set to true
Final Clustering Statistics: 
----------   --------   ------------------------------------   --------------------------
Block Type   # Blocks   Avg. # of input clocks and pins used   Avg. # of output pins used
----------   --------   ------------------------------------   --------------------------
     EMPTY          0                                      0                            0   
     ckbuf          0                                      0                            0   
       clb          1                                      2                            1   
     io_pi          3                                      0                            1   
io_pi_ecb56          0                                      0                            0   
io_pi_pdc_ecb1          0                                      0                            0   
     io_po          2                                    1.5                            0   
 io_po_cko          0                                      0                            0   
Absorbed logical nets 1 out of 5 nets, 4 nets not absorbed.


Average number of bends per net: 2.33333  Maximum # of bends: 5

Number of global nets: 1
Number of routed nets (nonglobal): 3
Wire length results (in units of 1 clb segments)...
	Total wirelength: 20, average net length: 6.66667
	Maximum net length: 14

Wire length results in terms of physical segments...
	Total wiring segments used: 13, average wire segments per net: 4.33333
	Maximum segments used by a net: 9
	Total local nets with reserved CLB opins: 0
Total number of nets absorbed: 0

Routing channel utilization histogram:
[        1:      inf)   0 (  0.0%) |
[      0.9:        1)   0 (  0.0%) |
[      0.8:      0.9)   0 (  0.0%) |
[      0.7:      0.8)   0 (  0.0%) |
[      0.5:      0.6)   0 (  0.0%) |
[      0.4:      0.5)   0 (  0.0%) |
[      0.3:      0.4)   0 (  0.0%) |
[      0.2:      0.3)   0 (  0.0%) |
[      0.1:      0.2)   0 (  0.0%) |
[        0:      0.1) 338 (100.0%) |***********************************************
Maximum routing channel utilization:     0.047 at (11,12)

X - Directed channels: layer   y   max occ   ave occ   ave cap
                        ----- ---- -------- -------- --------
                            0    0        0    0.000       69
                            0    1        0    0.000       69
                            0    2        0    0.000       69
                            0    3        0    0.000       69
                            0    4        0    0.000       69
                            0    5        0    0.000       69
                            0    6        0    0.000       69
                            0    7        0    0.000       69
                            0    8        0    0.000       69
                            0    9        0    0.000       69
                            0   10        0    0.000       69
                            0   11        1    0.333       69
                            0   12        3    0.667       64
Y - Directed channels: layer   x   max occ   ave occ   ave cap
                        ----- ---- -------- -------- --------
                            0    0        0    0.000       64
                            0    1        0    0.000       69
                            0    2        0    0.000       69
                            0    3        0    0.000       69
                            0    4        0    0.000       69
                            0    5        0    0.000       69
                            0    6        0    0.000       69
                            0    7        0    0.000       69
                            0    8        1    0.083       69
                            0    9        1    0.083       69
                            0   10        0    0.000       69
                            0   11        3    0.500       69
                            0   12        0    0.000       69

Total existing wires segments: CHANX     10752, CHANY     10752, ALL     21504
Total used wires segments:     CHANX        12, CHANY         8, ALL        20
Usage percentage:              CHANX      0.1%, CHANY      0.1%, ALL      0.1%

Logic area (in minimum width transistor areas, excludes I/Os and empty grid tiles)...
	Total logic block area (Warning, need to add pitch of routing to blocks with height > 3): 0
	Total used logic block area: 0

Routing area (in minimum width transistor areas)...
	Total routing area: 1.51449e+06, per logic tile: 7727.00

Total Number of Wiring Segments by Direction: direction length number
                                              --------- ------ -------
                                                      X      1   2160
                                                      Y      1   2160
                                                      X      2   1158
                                                      Y      2   1158
                                                      X      4   2190
                                                      Y      4   2190

X - Directed Wiring Segment usage by length: length utilization
                                             ------ -----------
                                             1    0.000463
                                             2     0.00259
                                             4    0.000913

Y - Directed Wiring Segment usage by length: length utilization
                                             ------ -----------
                                             1     0.00278
                                             2    0.000864
                                             4           0

Segment occupancy by length: Length Occupancy Capacity Utilization
                             ------ --------- -------- -----------
                             L1             7     4320     0.00162
                             L2             4     2316     0.00173
                             L4             2     4380    0.000457

Segment occupancy by type: name type utilization
                           ---- ---- -----------
                            L1x    0    0.000463
                            L2x    1     0.00259
                            L4x    2    0.000913
                            L1y    3     0.00278
                            L2y    4    0.000864
                            L4y    5           0

Probability distribution of 2-pin net lengths:

Length    p(Length)
     0    0.000000
     1    0.000000
     2    0.250000
     3    0.000000
     4    0.250000
     5    0.000000
     6    0.000000
     7    0.500000
     8    0.000000
     9    0.000000
    10    0.000000
    11    0.000000
    12    0.000000
    13    0.000000
    14    0.000000
    15    0.000000
    16    0.000000
    17    0.000000
    18    0.000000
    19    0.000000
    20    0.000000
    21    0.000000
    22    0.000000
    23    0.000000
    24    0.000000
    25    0.000000
    26    0.000000
    27    0.000000
    28    0.000000
    29    0.000000
    30    0.000000
    31    0.000000
    32    0.000000
    33    0.000000
    34    0.000000
    35    0.000000
    36    0.000000
    37    0.000000

Number of 2-pin nets: ;4;
Expected value of 2-pin net length (R): ;5;
Total wirelength: ;20;

Final hold Worst Negative Slack (hWNS): 0 ns
Final hold Total Negative Slack (hTNS): 0 ns

Final hold slack histogram:
[  9.3e-10:  1.8e-09) 1 ( 33.3%) |*************************
[  1.8e-09:  2.6e-09) 0 (  0.0%) |
[  2.6e-09:  3.5e-09) 0 (  0.0%) |
[  3.5e-09:  4.3e-09) 0 (  0.0%) |
[  4.3e-09:  5.2e-09) 0 (  0.0%) |
[  5.2e-09:  6.1e-09) 0 (  0.0%) |
[  6.1e-09:  6.9e-09) 0 (  0.0%) |
[  6.9e-09:  7.8e-09) 0 (  0.0%) |
[  7.8e-09:  8.6e-09) 0 (  0.0%) |
[  8.6e-09:  9.5e-09) 2 ( 66.7%) |*************************************************

Final critical path delay (least slack): 11.1795 ns, Fmax: 89.4494 MHz
Final setup Worst Negative Slack (sWNS): -11.1795 ns
Final setup Total Negative Slack (sTNS): -22.5083 ns

Final setup slack histogram:
[ -1.1e-08:   -1e-08) 2 ( 66.7%) |*************************************************
[   -1e-08: -9.1e-09) 0 (  0.0%) |
[ -9.1e-09: -8.1e-09) 0 (  0.0%) |
[ -8.1e-09: -7.1e-09) 0 (  0.0%) |
[ -7.1e-09: -6.1e-09) 0 (  0.0%) |
[ -6.1e-09:   -5e-09) 0 (  0.0%) |
[   -5e-09:   -4e-09) 0 (  0.0%) |
[   -4e-09:   -3e-09) 0 (  0.0%) |
[   -3e-09:   -2e-09) 0 (  0.0%) |
[   -2e-09: -9.3e-10) 1 ( 33.3%) |*************************

Final geomean non-virtual intra-domain period: 11.1795 ns (89.4494 MHz)
Final fanout-weighted geomean non-virtual intra-domain period: 11.1795 ns (89.4494 MHz)

Writing Implementation Netlist: and2_latch_post_synthesis.v
Writing Implementation Netlist: and2_latch_post_synthesis.blif
Writing Implementation SDF    : and2_latch_post_synthesis.sdf
Incr Slack updates 1 in 7.024e-06 sec
Full Max Req/Worst Slack updates 1 in 8.315e-06 sec
Incr Max Req/Worst Slack updates 0 in 0 sec
Incr Criticality updates 0 in 0 sec
Full Criticality updates 1 in 1.4958e-05 sec
Flow timing analysis took 0.0102373 seconds (0.00821821 STA, 0.00201906 slack) (65 full updates: 62 setup, 0 hold, 3 combined).
VPR succeeded
The entire flow of VPR took 3.93 seconds (max_rss 70.7 MiB)

Command line to execute: read_openfpga_arch -f /home/yhjiang/Downloads/for_xianglong/ID_0167/run/all/AAEE/../alkaid_exto_akL2K_s40/alkaid_ex_bitstream/iter0/openfpga_tasks/and2_latch/tt_25C_v0p9/openfpga_arch.xml

Confirm selected options when call command 'read_openfpga_arch':
--file, -f: /home/yhjiang/Downloads/for_xianglong/ID_0167/run/all/AAEE/../alkaid_exto_akL2K_s40/alkaid_ex_bitstream/iter0/openfpga_tasks/and2_latch/tt_25C_v0p9/openfpga_arch.xml
Reading XML architecture '/home/yhjiang/Downloads/for_xianglong/ID_0167/run/all/AAEE/../alkaid_exto_akL2K_s40/alkaid_ex_bitstream/iter0/openfpga_tasks/and2_latch/tt_25C_v0p9/openfpga_arch.xml'...
Read OpenFPGA architecture
Use the default configurable memory model 'EFPGA_CCFF' for circuit model 'pb_mux' port 'sram')
Use the default configurable memory model 'EFPGA_CCFF' for circuit model 'pb_mux_no_const_input' port 'sram')
Use the default configurable memory model 'EFPGA_CCFF' for circuit model 'pb_mux_highload' port 'sram')
Use the default configurable memory model 'EFPGA_CCFF' for circuit model 'cb_mux' port 'sram')
Use the default configurable memory model 'EFPGA_CCFF' for circuit model 'sb_mux' port 'sram')
Use the default configurable memory model 'EFPGA_CCFF' for circuit model 'clk_mux' port 'sram')
Use the default configurable memory model 'EFPGA_CCFF' for circuit model 'frac_lut5_arith' port 'sram')
Direct 'clb_O[0:0]_to_clb_I0[0:0]' will modelled as part of a connection block.
Direct 'clb_O[0:0]_to_clb_I1[0:0]' will modelled as part of a connection block.
Direct 'clb_O[0:0]_to_clb_I2[0:0]' will modelled as part of a connection block.
Direct 'clb_O[0:0]_to_clb_I3[0:0]' will modelled as part of a connection block.
Direct 'clb_O[0:0]_to_clb_I4[0:0]' will modelled as part of a connection block.
Direct 'clb_O[0:0]_to_clb_I5[0:0]' will modelled as part of a connection block.
Direct 'clb_O[0:0]_to_clb_I6[0:0]' will modelled as part of a connection block.
Direct 'clb_O[0:0]_to_clb_I7[0:0]' will modelled as part of a connection block.
Direct 'clb_O[0:0]_to_clb_I8[0:0]' will modelled as part of a connection block.
Direct 'clb_O[0:0]_to_clb_I9[0:0]' will modelled as part of a connection block.
Direct 'clb_O[0:0]_to_clb_I10[0:0]' will modelled as part of a connection block.
Direct 'clb_O[0:0]_to_clb_I11[0:0]' will modelled as part of a connection block.
Direct 'clb_O[1:1]_to_clb_I0[0:0]' will modelled as part of a connection block.
Direct 'clb_O[1:1]_to_clb_I0[1:1]' will modelled as part of a connection block.
Direct 'clb_O[1:1]_to_clb_I1[0:0]' will modelled as part of a connection block.
Direct 'clb_O[1:1]_to_clb_I1[1:1]' will modelled as part of a connection block.
Direct 'clb_O[1:1]_to_clb_I2[0:0]' will modelled as part of a connection block.
Direct 'clb_O[1:1]_to_clb_I2[1:1]' will modelled as part of a connection block.
Direct 'clb_O[1:1]_to_clb_I3[0:0]' will modelled as part of a connection block.
Direct 'clb_O[1:1]_to_clb_I3[1:1]' will modelled as part of a connection block.
Direct 'clb_O[1:1]_to_clb_I4[0:0]' will modelled as part of a connection block.
Direct 'clb_O[1:1]_to_clb_I4[1:1]' will modelled as part of a connection block.
Direct 'clb_O[1:1]_to_clb_I5[0:0]' will modelled as part of a connection block.
Direct 'clb_O[1:1]_to_clb_I5[1:1]' will modelled as part of a connection block.
Direct 'clb_O[1:1]_to_clb_I6[0:0]' will modelled as part of a connection block.
Direct 'clb_O[1:1]_to_clb_I6[1:1]' will modelled as part of a connection block.
Direct 'clb_O[1:1]_to_clb_I7[0:0]' will modelled as part of a connection block.
Direct 'clb_O[1:1]_to_clb_I7[1:1]' will modelled as part of a connection block.
Direct 'clb_O[1:1]_to_clb_I8[0:0]' will modelled as part of a connection block.
Direct 'clb_O[1:1]_to_clb_I8[1:1]' will modelled as part of a connection block.
Direct 'clb_O[1:1]_to_clb_I9[0:0]' will modelled as part of a connection block.
Direct 'clb_O[1:1]_to_clb_I9[1:1]' will modelled as part of a connection block.
Direct 'clb_O[1:1]_to_clb_I10[0:0]' will modelled as part of a connection block.
Direct 'clb_O[1:1]_to_clb_I10[1:1]' will modelled as part of a connection block.
Direct 'clb_O[1:1]_to_clb_I11[0:0]' will modelled as part of a connection block.
Direct 'clb_O[1:1]_to_clb_I11[1:1]' will modelled as part of a connection block.
Direct 'clb_O[2:2]_to_clb_I0[0:0]' will modelled as part of a connection block.
Direct 'clb_O[2:2]_to_clb_I0[1:1]' will modelled as part of a connection block.
Direct 'clb_O[2:2]_to_clb_I0[2:2]' will modelled as part of a connection block.
Direct 'clb_O[2:2]_to_clb_I1[0:0]' will modelled as part of a connection block.
Direct 'clb_O[2:2]_to_clb_I1[1:1]' will modelled as part of a connection block.
Direct 'clb_O[2:2]_to_clb_I1[2:2]' will modelled as part of a connection block.
Direct 'clb_O[2:2]_to_clb_I2[0:0]' will modelled as part of a connection block.
Direct 'clb_O[2:2]_to_clb_I2[1:1]' will modelled as part of a connection block.
Direct 'clb_O[2:2]_to_clb_I2[2:2]' will modelled as part of a connection block.
Direct 'clb_O[2:2]_to_clb_I3[0:0]' will modelled as part of a connection block.
Direct 'clb_O[2:2]_to_clb_I3[1:1]' will modelled as part of a connection block.
Direct 'clb_O[2:2]_to_clb_I3[2:2]' will modelled as part of a connection block.
Direct 'clb_O[2:2]_to_clb_I4[0:0]' will modelled as part of a connection block.
Direct 'clb_O[2:2]_to_clb_I4[1:1]' will modelled as part of a connection block.
Direct 'clb_O[2:2]_to_clb_I4[2:2]' will modelled as part of a connection block.
Direct 'clb_O[2:2]_to_clb_I5[0:0]' will modelled as part of a connection block.
Direct 'clb_O[2:2]_to_clb_I5[1:1]' will modelled as part of a connection block.
Direct 'clb_O[2:2]_to_clb_I5[2:2]' will modelled as part of a connection block.
Direct 'clb_O[2:2]_to_clb_I6[0:0]' will modelled as part of a connection block.
Direct 'clb_O[2:2]_to_clb_I6[1:1]' will modelled as part of a connection block.
Direct 'clb_O[2:2]_to_clb_I6[2:2]' will modelled as part of a connection block.
Direct 'clb_O[2:2]_to_clb_I7[0:0]' will modelled as part of a connection block.
Direct 'clb_O[2:2]_to_clb_I7[1:1]' will modelled as part of a connection block.
Direct 'clb_O[2:2]_to_clb_I7[2:2]' will modelled as part of a connection block.
Direct 'clb_O[2:2]_to_clb_I8[0:0]' will modelled as part of a connection block.
Direct 'clb_O[2:2]_to_clb_I8[1:1]' will modelled as part of a connection block.
Direct 'clb_O[2:2]_to_clb_I8[2:2]' will modelled as part of a connection block.
Direct 'clb_O[2:2]_to_clb_I9[0:0]' will modelled as part of a connection block.
Direct 'clb_O[2:2]_to_clb_I9[1:1]' will modelled as part of a connection block.
Direct 'clb_O[2:2]_to_clb_I9[2:2]' will modelled as part of a connection block.
Direct 'clb_O[2:2]_to_clb_I10[0:0]' will modelled as part of a connection block.
Direct 'clb_O[2:2]_to_clb_I10[1:1]' will modelled as part of a connection block.
Direct 'clb_O[2:2]_to_clb_I10[2:2]' will modelled as part of a connection block.
Direct 'clb_O[2:2]_to_clb_I11[0:0]' will modelled as part of a connection block.
Direct 'clb_O[2:2]_to_clb_I11[1:1]' will modelled as part of a connection block.
Direct 'clb_O[2:2]_to_clb_I11[2:2]' will modelled as part of a connection block.
Direct 'clb_O[3:3]_to_clb_I0[0:0]' will modelled as part of a connection block.
Direct 'clb_O[3:3]_to_clb_I0[1:1]' will modelled as part of a connection block.
Direct 'clb_O[3:3]_to_clb_I0[2:2]' will modelled as part of a connection block.
Direct 'clb_O[3:3]_to_clb_I0[3:3]' will modelled as part of a connection block.
Direct 'clb_O[3:3]_to_clb_I1[0:0]' will modelled as part of a connection block.
Direct 'clb_O[3:3]_to_clb_I1[1:1]' will modelled as part of a connection block.
Direct 'clb_O[3:3]_to_clb_I1[2:2]' will modelled as part of a connection block.
Direct 'clb_O[3:3]_to_clb_I1[3:3]' will modelled as part of a connection block.
Direct 'clb_O[3:3]_to_clb_I2[0:0]' will modelled as part of a connection block.
Direct 'clb_O[3:3]_to_clb_I2[1:1]' will modelled as part of a connection block.
Direct 'clb_O[3:3]_to_clb_I2[2:2]' will modelled as part of a connection block.
Direct 'clb_O[3:3]_to_clb_I2[3:3]' will modelled as part of a connection block.
Direct 'clb_O[3:3]_to_clb_I3[0:0]' will modelled as part of a connection block.
Direct 'clb_O[3:3]_to_clb_I3[1:1]' will modelled as part of a connection block.
Direct 'clb_O[3:3]_to_clb_I3[2:2]' will modelled as part of a connection block.
Direct 'clb_O[3:3]_to_clb_I3[3:3]' will modelled as part of a connection block.
Direct 'clb_O[3:3]_to_clb_I4[0:0]' will modelled as part of a connection block.
Direct 'clb_O[3:3]_to_clb_I4[1:1]' will modelled as part of a connection block.
Direct 'clb_O[3:3]_to_clb_I4[2:2]' will modelled as part of a connection block.
Direct 'clb_O[3:3]_to_clb_I4[3:3]' will modelled as part of a connection block.
Direct 'clb_O[3:3]_to_clb_I5[0:0]' will modelled as part of a connection block.
Direct 'clb_O[3:3]_to_clb_I5[1:1]' will modelled as part of a connection block.
Direct 'clb_O[3:3]_to_clb_I5[2:2]' will modelled as part of a connection block.
Direct 'clb_O[3:3]_to_clb_I5[3:3]' will modelled as part of a connection block.
Direct 'clb_O[3:3]_to_clb_I6[0:0]' will modelled as part of a connection block.
Direct 'clb_O[3:3]_to_clb_I6[1:1]' will modelled as part of a connection block.
Direct 'clb_O[3:3]_to_clb_I6[2:2]' will modelled as part of a connection block.
Direct 'clb_O[3:3]_to_clb_I6[3:3]' will modelled as part of a connection block.
Direct 'clb_O[3:3]_to_clb_I7[0:0]' will modelled as part of a connection block.
Direct 'clb_O[3:3]_to_clb_I7[1:1]' will modelled as part of a connection block.
Direct 'clb_O[3:3]_to_clb_I7[2:2]' will modelled as part of a connection block.
Direct 'clb_O[3:3]_to_clb_I7[3:3]' will modelled as part of a connection block.
Direct 'clb_O[3:3]_to_clb_I8[0:0]' will modelled as part of a connection block.
Direct 'clb_O[3:3]_to_clb_I8[1:1]' will modelled as part of a connection block.
Direct 'clb_O[3:3]_to_clb_I8[2:2]' will modelled as part of a connection block.
Direct 'clb_O[3:3]_to_clb_I8[3:3]' will modelled as part of a connection block.
Direct 'clb_O[3:3]_to_clb_I9[0:0]' will modelled as part of a connection block.
Direct 'clb_O[3:3]_to_clb_I9[1:1]' will modelled as part of a connection block.
Direct 'clb_O[3:3]_to_clb_I9[2:2]' will modelled as part of a connection block.
Direct 'clb_O[3:3]_to_clb_I9[3:3]' will modelled as part of a connection block.
Direct 'clb_O[3:3]_to_clb_I10[0:0]' will modelled as part of a connection block.
Direct 'clb_O[3:3]_to_clb_I10[1:1]' will modelled as part of a connection block.
Direct 'clb_O[3:3]_to_clb_I10[2:2]' will modelled as part of a connection block.
Direct 'clb_O[3:3]_to_clb_I10[3:3]' will modelled as part of a connection block.
Direct 'clb_O[3:3]_to_clb_I11[0:0]' will modelled as part of a connection block.
Direct 'clb_O[3:3]_to_clb_I11[1:1]' will modelled as part of a connection block.
Direct 'clb_O[3:3]_to_clb_I11[2:2]' will modelled as part of a connection block.
Direct 'clb_O[3:3]_to_clb_I11[3:3]' will modelled as part of a connection block.
Direct 'clb_O[4:4]_to_clb_I0[0:0]' will modelled as part of a connection block.
Direct 'clb_O[4:4]_to_clb_I0[1:1]' will modelled as part of a connection block.
Direct 'clb_O[4:4]_to_clb_I0[2:2]' will modelled as part of a connection block.
Direct 'clb_O[4:4]_to_clb_I0[3:3]' will modelled as part of a connection block.
Direct 'clb_O[4:4]_to_clb_Ix[0:0]' will modelled as part of a connection block.
Direct 'clb_O[4:4]_to_clb_I1[0:0]' will modelled as part of a connection block.
Direct 'clb_O[4:4]_to_clb_I1[1:1]' will modelled as part of a connection block.
Direct 'clb_O[4:4]_to_clb_I1[2:2]' will modelled as part of a connection block.
Direct 'clb_O[4:4]_to_clb_I1[3:3]' will modelled as part of a connection block.
Direct 'clb_O[4:4]_to_clb_Ix[1:1]' will modelled as part of a connection block.
Direct 'clb_O[4:4]_to_clb_I2[0:0]' will modelled as part of a connection block.
Direct 'clb_O[4:4]_to_clb_I2[1:1]' will modelled as part of a connection block.
Direct 'clb_O[4:4]_to_clb_I2[2:2]' will modelled as part of a connection block.
Direct 'clb_O[4:4]_to_clb_I2[3:3]' will modelled as part of a connection block.
Direct 'clb_O[4:4]_to_clb_Ix[2:2]' will modelled as part of a connection block.
Direct 'clb_O[4:4]_to_clb_I3[0:0]' will modelled as part of a connection block.
Direct 'clb_O[4:4]_to_clb_I3[1:1]' will modelled as part of a connection block.
Direct 'clb_O[4:4]_to_clb_I3[2:2]' will modelled as part of a connection block.
Direct 'clb_O[4:4]_to_clb_I3[3:3]' will modelled as part of a connection block.
Direct 'clb_O[4:4]_to_clb_Ix[3:3]' will modelled as part of a connection block.
Direct 'clb_O[4:4]_to_clb_I4[0:0]' will modelled as part of a connection block.
Direct 'clb_O[4:4]_to_clb_I4[1:1]' will modelled as part of a connection block.
Direct 'clb_O[4:4]_to_clb_I4[2:2]' will modelled as part of a connection block.
Direct 'clb_O[4:4]_to_clb_I4[3:3]' will modelled as part of a connection block.
Direct 'clb_O[4:4]_to_clb_Ix[4:4]' will modelled as part of a connection block.
Direct 'clb_O[4:4]_to_clb_I5[0:0]' will modelled as part of a connection block.
Direct 'clb_O[4:4]_to_clb_I5[1:1]' will modelled as part of a connection block.
Direct 'clb_O[4:4]_to_clb_I5[2:2]' will modelled as part of a connection block.
Direct 'clb_O[4:4]_to_clb_I5[3:3]' will modelled as part of a connection block.
Direct 'clb_O[4:4]_to_clb_Ix[5:5]' will modelled as part of a connection block.
Direct 'clb_O[4:4]_to_clb_I6[0:0]' will modelled as part of a connection block.
Direct 'clb_O[4:4]_to_clb_I6[1:1]' will modelled as part of a connection block.
Direct 'clb_O[4:4]_to_clb_I6[2:2]' will modelled as part of a connection block.
Direct 'clb_O[4:4]_to_clb_I6[3:3]' will modelled as part of a connection block.
Direct 'clb_O[4:4]_to_clb_Ix[6:6]' will modelled as part of a connection block.
Direct 'clb_O[4:4]_to_clb_I7[0:0]' will modelled as part of a connection block.
Direct 'clb_O[4:4]_to_clb_I7[1:1]' will modelled as part of a connection block.
Direct 'clb_O[4:4]_to_clb_I7[2:2]' will modelled as part of a connection block.
Direct 'clb_O[4:4]_to_clb_I7[3:3]' will modelled as part of a connection block.
Direct 'clb_O[4:4]_to_clb_Ix[7:7]' will modelled as part of a connection block.
Direct 'clb_O[4:4]_to_clb_I8[0:0]' will modelled as part of a connection block.
Direct 'clb_O[4:4]_to_clb_I8[1:1]' will modelled as part of a connection block.
Direct 'clb_O[4:4]_to_clb_I8[2:2]' will modelled as part of a connection block.
Direct 'clb_O[4:4]_to_clb_I8[3:3]' will modelled as part of a connection block.
Direct 'clb_O[4:4]_to_clb_Ix[8:8]' will modelled as part of a connection block.
Direct 'clb_O[4:4]_to_clb_I9[0:0]' will modelled as part of a connection block.
Direct 'clb_O[4:4]_to_clb_I9[1:1]' will modelled as part of a connection block.
Direct 'clb_O[4:4]_to_clb_I9[2:2]' will modelled as part of a connection block.
Direct 'clb_O[4:4]_to_clb_I9[3:3]' will modelled as part of a connection block.
Direct 'clb_O[4:4]_to_clb_Ix[9:9]' will modelled as part of a connection block.
Direct 'clb_O[4:4]_to_clb_I10[0:0]' will modelled as part of a connection block.
Direct 'clb_O[4:4]_to_clb_I10[1:1]' will modelled as part of a connection block.
Direct 'clb_O[4:4]_to_clb_I10[2:2]' will modelled as part of a connection block.
Direct 'clb_O[4:4]_to_clb_I10[3:3]' will modelled as part of a connection block.
Direct 'clb_O[4:4]_to_clb_Ix[10:10]' will modelled as part of a connection block.
Direct 'clb_O[4:4]_to_clb_I11[0:0]' will modelled as part of a connection block.
Direct 'clb_O[4:4]_to_clb_I11[1:1]' will modelled as part of a connection block.
Direct 'clb_O[4:4]_to_clb_I11[2:2]' will modelled as part of a connection block.
Direct 'clb_O[4:4]_to_clb_I11[3:3]' will modelled as part of a connection block.
Direct 'clb_O[4:4]_to_clb_Ix[11:11]' will modelled as part of a connection block.
Direct 'clb_O[5:5]_to_clb_I0[0:0]' will modelled as part of a connection block.
Direct 'clb_O[5:5]_to_clb_I0[1:1]' will modelled as part of a connection block.
Direct 'clb_O[5:5]_to_clb_I0[2:2]' will modelled as part of a connection block.
Direct 'clb_O[5:5]_to_clb_I0[3:3]' will modelled as part of a connection block.
Direct 'clb_O[5:5]_to_clb_Ix[0:0]' will modelled as part of a connection block.
Direct 'clb_O[5:5]_to_clb_I1[0:0]' will modelled as part of a connection block.
Direct 'clb_O[5:5]_to_clb_I1[1:1]' will modelled as part of a connection block.
Direct 'clb_O[5:5]_to_clb_I1[2:2]' will modelled as part of a connection block.
Direct 'clb_O[5:5]_to_clb_I1[3:3]' will modelled as part of a connection block.
Direct 'clb_O[5:5]_to_clb_Ix[1:1]' will modelled as part of a connection block.
Direct 'clb_O[5:5]_to_clb_I2[0:0]' will modelled as part of a connection block.
Direct 'clb_O[5:5]_to_clb_I2[1:1]' will modelled as part of a connection block.
Direct 'clb_O[5:5]_to_clb_I2[2:2]' will modelled as part of a connection block.
Direct 'clb_O[5:5]_to_clb_I2[3:3]' will modelled as part of a connection block.
Direct 'clb_O[5:5]_to_clb_Ix[2:2]' will modelled as part of a connection block.
Direct 'clb_O[5:5]_to_clb_I3[0:0]' will modelled as part of a connection block.
Direct 'clb_O[5:5]_to_clb_I3[1:1]' will modelled as part of a connection block.
Direct 'clb_O[5:5]_to_clb_I3[2:2]' will modelled as part of a connection block.
Direct 'clb_O[5:5]_to_clb_I3[3:3]' will modelled as part of a connection block.
Direct 'clb_O[5:5]_to_clb_Ix[3:3]' will modelled as part of a connection block.
Direct 'clb_O[5:5]_to_clb_I4[0:0]' will modelled as part of a connection block.
Direct 'clb_O[5:5]_to_clb_I4[1:1]' will modelled as part of a connection block.
Direct 'clb_O[5:5]_to_clb_I4[2:2]' will modelled as part of a connection block.
Direct 'clb_O[5:5]_to_clb_I4[3:3]' will modelled as part of a connection block.
Direct 'clb_O[5:5]_to_clb_Ix[4:4]' will modelled as part of a connection block.
Direct 'clb_O[5:5]_to_clb_I5[0:0]' will modelled as part of a connection block.
Direct 'clb_O[5:5]_to_clb_I5[1:1]' will modelled as part of a connection block.
Direct 'clb_O[5:5]_to_clb_I5[2:2]' will modelled as part of a connection block.
Direct 'clb_O[5:5]_to_clb_I5[3:3]' will modelled as part of a connection block.
Direct 'clb_O[5:5]_to_clb_Ix[5:5]' will modelled as part of a connection block.
Direct 'clb_O[5:5]_to_clb_I6[0:0]' will modelled as part of a connection block.
Direct 'clb_O[5:5]_to_clb_I6[1:1]' will modelled as part of a connection block.
Direct 'clb_O[5:5]_to_clb_I6[2:2]' will modelled as part of a connection block.
Direct 'clb_O[5:5]_to_clb_I6[3:3]' will modelled as part of a connection block.
Direct 'clb_O[5:5]_to_clb_Ix[6:6]' will modelled as part of a connection block.
Direct 'clb_O[5:5]_to_clb_I7[0:0]' will modelled as part of a connection block.
Direct 'clb_O[5:5]_to_clb_I7[1:1]' will modelled as part of a connection block.
Direct 'clb_O[5:5]_to_clb_I7[2:2]' will modelled as part of a connection block.
Direct 'clb_O[5:5]_to_clb_I7[3:3]' will modelled as part of a connection block.
Direct 'clb_O[5:5]_to_clb_Ix[7:7]' will modelled as part of a connection block.
Direct 'clb_O[5:5]_to_clb_I8[0:0]' will modelled as part of a connection block.
Direct 'clb_O[5:5]_to_clb_I8[1:1]' will modelled as part of a connection block.
Direct 'clb_O[5:5]_to_clb_I8[2:2]' will modelled as part of a connection block.
Direct 'clb_O[5:5]_to_clb_I8[3:3]' will modelled as part of a connection block.
Direct 'clb_O[5:5]_to_clb_Ix[8:8]' will modelled as part of a connection block.
Direct 'clb_O[5:5]_to_clb_I9[0:0]' will modelled as part of a connection block.
Direct 'clb_O[5:5]_to_clb_I9[1:1]' will modelled as part of a connection block.
Direct 'clb_O[5:5]_to_clb_I9[2:2]' will modelled as part of a connection block.
Direct 'clb_O[5:5]_to_clb_I9[3:3]' will modelled as part of a connection block.
Direct 'clb_O[5:5]_to_clb_Ix[9:9]' will modelled as part of a connection block.
Direct 'clb_O[5:5]_to_clb_I10[0:0]' will modelled as part of a connection block.
Direct 'clb_O[5:5]_to_clb_I10[1:1]' will modelled as part of a connection block.
Direct 'clb_O[5:5]_to_clb_I10[2:2]' will modelled as part of a connection block.
Direct 'clb_O[5:5]_to_clb_I10[3:3]' will modelled as part of a connection block.
Direct 'clb_O[5:5]_to_clb_Ix[10:10]' will modelled as part of a connection block.
Direct 'clb_O[5:5]_to_clb_I11[0:0]' will modelled as part of a connection block.
Direct 'clb_O[5:5]_to_clb_I11[1:1]' will modelled as part of a connection block.
Direct 'clb_O[5:5]_to_clb_I11[2:2]' will modelled as part of a connection block.
Direct 'clb_O[5:5]_to_clb_I11[3:3]' will modelled as part of a connection block.
Direct 'clb_O[5:5]_to_clb_Ix[11:11]' will modelled as part of a connection block.
Direct 'clb_O[6:6]_to_clb_I0[0:0]' will modelled as part of a connection block.
Direct 'clb_O[6:6]_to_clb_I0[1:1]' will modelled as part of a connection block.
Direct 'clb_O[6:6]_to_clb_I0[2:2]' will modelled as part of a connection block.
Direct 'clb_O[6:6]_to_clb_I0[3:3]' will modelled as part of a connection block.
Direct 'clb_O[6:6]_to_clb_Ix[0:0]' will modelled as part of a connection block.
Direct 'clb_O[6:6]_to_clb_I1[0:0]' will modelled as part of a connection block.
Direct 'clb_O[6:6]_to_clb_I1[1:1]' will modelled as part of a connection block.
Direct 'clb_O[6:6]_to_clb_I1[2:2]' will modelled as part of a connection block.
Direct 'clb_O[6:6]_to_clb_I1[3:3]' will modelled as part of a connection block.
Direct 'clb_O[6:6]_to_clb_Ix[1:1]' will modelled as part of a connection block.
Direct 'clb_O[6:6]_to_clb_I2[0:0]' will modelled as part of a connection block.
Direct 'clb_O[6:6]_to_clb_I2[1:1]' will modelled as part of a connection block.
Direct 'clb_O[6:6]_to_clb_I2[2:2]' will modelled as part of a connection block.
Direct 'clb_O[6:6]_to_clb_I2[3:3]' will modelled as part of a connection block.
Direct 'clb_O[6:6]_to_clb_Ix[2:2]' will modelled as part of a connection block.
Direct 'clb_O[6:6]_to_clb_I3[0:0]' will modelled as part of a connection block.
Direct 'clb_O[6:6]_to_clb_I3[1:1]' will modelled as part of a connection block.
Direct 'clb_O[6:6]_to_clb_I3[2:2]' will modelled as part of a connection block.
Direct 'clb_O[6:6]_to_clb_I3[3:3]' will modelled as part of a connection block.
Direct 'clb_O[6:6]_to_clb_Ix[3:3]' will modelled as part of a connection block.
Direct 'clb_O[6:6]_to_clb_I4[0:0]' will modelled as part of a connection block.
Direct 'clb_O[6:6]_to_clb_I4[1:1]' will modelled as part of a connection block.
Direct 'clb_O[6:6]_to_clb_I4[2:2]' will modelled as part of a connection block.
Direct 'clb_O[6:6]_to_clb_I4[3:3]' will modelled as part of a connection block.
Direct 'clb_O[6:6]_to_clb_Ix[4:4]' will modelled as part of a connection block.
Direct 'clb_O[6:6]_to_clb_I5[0:0]' will modelled as part of a connection block.
Direct 'clb_O[6:6]_to_clb_I5[1:1]' will modelled as part of a connection block.
Direct 'clb_O[6:6]_to_clb_I5[2:2]' will modelled as part of a connection block.
Direct 'clb_O[6:6]_to_clb_I5[3:3]' will modelled as part of a connection block.
Direct 'clb_O[6:6]_to_clb_Ix[5:5]' will modelled as part of a connection block.
Direct 'clb_O[6:6]_to_clb_I6[0:0]' will modelled as part of a connection block.
Direct 'clb_O[6:6]_to_clb_I6[1:1]' will modelled as part of a connection block.
Direct 'clb_O[6:6]_to_clb_I6[2:2]' will modelled as part of a connection block.
Direct 'clb_O[6:6]_to_clb_I6[3:3]' will modelled as part of a connection block.
Direct 'clb_O[6:6]_to_clb_Ix[6:6]' will modelled as part of a connection block.
Direct 'clb_O[6:6]_to_clb_I7[0:0]' will modelled as part of a connection block.
Direct 'clb_O[6:6]_to_clb_I7[1:1]' will modelled as part of a connection block.
Direct 'clb_O[6:6]_to_clb_I7[2:2]' will modelled as part of a connection block.
Direct 'clb_O[6:6]_to_clb_I7[3:3]' will modelled as part of a connection block.
Direct 'clb_O[6:6]_to_clb_Ix[7:7]' will modelled as part of a connection block.
Direct 'clb_O[6:6]_to_clb_I8[0:0]' will modelled as part of a connection block.
Direct 'clb_O[6:6]_to_clb_I8[1:1]' will modelled as part of a connection block.
Direct 'clb_O[6:6]_to_clb_I8[2:2]' will modelled as part of a connection block.
Direct 'clb_O[6:6]_to_clb_I8[3:3]' will modelled as part of a connection block.
Direct 'clb_O[6:6]_to_clb_Ix[8:8]' will modelled as part of a connection block.
Direct 'clb_O[6:6]_to_clb_I9[0:0]' will modelled as part of a connection block.
Direct 'clb_O[6:6]_to_clb_I9[1:1]' will modelled as part of a connection block.
Direct 'clb_O[6:6]_to_clb_I9[2:2]' will modelled as part of a connection block.
Direct 'clb_O[6:6]_to_clb_I9[3:3]' will modelled as part of a connection block.
Direct 'clb_O[6:6]_to_clb_Ix[9:9]' will modelled as part of a connection block.
Direct 'clb_O[6:6]_to_clb_I10[0:0]' will modelled as part of a connection block.
Direct 'clb_O[6:6]_to_clb_I10[1:1]' will modelled as part of a connection block.
Direct 'clb_O[6:6]_to_clb_I10[2:2]' will modelled as part of a connection block.
Direct 'clb_O[6:6]_to_clb_I10[3:3]' will modelled as part of a connection block.
Direct 'clb_O[6:6]_to_clb_Ix[10:10]' will modelled as part of a connection block.
Direct 'clb_O[6:6]_to_clb_I11[0:0]' will modelled as part of a connection block.
Direct 'clb_O[6:6]_to_clb_I11[1:1]' will modelled as part of a connection block.
Direct 'clb_O[6:6]_to_clb_I11[2:2]' will modelled as part of a connection block.
Direct 'clb_O[6:6]_to_clb_I11[3:3]' will modelled as part of a connection block.
Direct 'clb_O[6:6]_to_clb_Ix[11:11]' will modelled as part of a connection block.
Direct 'clb_O[7:7]_to_clb_I0[0:0]' will modelled as part of a connection block.
Direct 'clb_O[7:7]_to_clb_I0[1:1]' will modelled as part of a connection block.
Direct 'clb_O[7:7]_to_clb_I0[2:2]' will modelled as part of a connection block.
Direct 'clb_O[7:7]_to_clb_I0[3:3]' will modelled as part of a connection block.
Direct 'clb_O[7:7]_to_clb_Ix[0:0]' will modelled as part of a connection block.
Direct 'clb_O[7:7]_to_clb_I1[0:0]' will modelled as part of a connection block.
Direct 'clb_O[7:7]_to_clb_I1[1:1]' will modelled as part of a connection block.
Direct 'clb_O[7:7]_to_clb_I1[2:2]' will modelled as part of a connection block.
Direct 'clb_O[7:7]_to_clb_I1[3:3]' will modelled as part of a connection block.
Direct 'clb_O[7:7]_to_clb_Ix[1:1]' will modelled as part of a connection block.
Direct 'clb_O[7:7]_to_clb_I2[0:0]' will modelled as part of a connection block.
Direct 'clb_O[7:7]_to_clb_I2[1:1]' will modelled as part of a connection block.
Direct 'clb_O[7:7]_to_clb_I2[2:2]' will modelled as part of a connection block.
Direct 'clb_O[7:7]_to_clb_I2[3:3]' will modelled as part of a connection block.
Direct 'clb_O[7:7]_to_clb_Ix[2:2]' will modelled as part of a connection block.
Direct 'clb_O[7:7]_to_clb_I3[0:0]' will modelled as part of a connection block.
Direct 'clb_O[7:7]_to_clb_I3[1:1]' will modelled as part of a connection block.
Direct 'clb_O[7:7]_to_clb_I3[2:2]' will modelled as part of a connection block.
Direct 'clb_O[7:7]_to_clb_I3[3:3]' will modelled as part of a connection block.
Direct 'clb_O[7:7]_to_clb_Ix[3:3]' will modelled as part of a connection block.
Direct 'clb_O[7:7]_to_clb_I4[0:0]' will modelled as part of a connection block.
Direct 'clb_O[7:7]_to_clb_I4[1:1]' will modelled as part of a connection block.
Direct 'clb_O[7:7]_to_clb_I4[2:2]' will modelled as part of a connection block.
Direct 'clb_O[7:7]_to_clb_I4[3:3]' will modelled as part of a connection block.
Direct 'clb_O[7:7]_to_clb_Ix[4:4]' will modelled as part of a connection block.
Direct 'clb_O[7:7]_to_clb_I5[0:0]' will modelled as part of a connection block.
Direct 'clb_O[7:7]_to_clb_I5[1:1]' will modelled as part of a connection block.
Direct 'clb_O[7:7]_to_clb_I5[2:2]' will modelled as part of a connection block.
Direct 'clb_O[7:7]_to_clb_I5[3:3]' will modelled as part of a connection block.
Direct 'clb_O[7:7]_to_clb_Ix[5:5]' will modelled as part of a connection block.
Direct 'clb_O[7:7]_to_clb_I6[0:0]' will modelled as part of a connection block.
Direct 'clb_O[7:7]_to_clb_I6[1:1]' will modelled as part of a connection block.
Direct 'clb_O[7:7]_to_clb_I6[2:2]' will modelled as part of a connection block.
Direct 'clb_O[7:7]_to_clb_I6[3:3]' will modelled as part of a connection block.
Direct 'clb_O[7:7]_to_clb_Ix[6:6]' will modelled as part of a connection block.
Direct 'clb_O[7:7]_to_clb_I7[0:0]' will modelled as part of a connection block.
Direct 'clb_O[7:7]_to_clb_I7[1:1]' will modelled as part of a connection block.
Direct 'clb_O[7:7]_to_clb_I7[2:2]' will modelled as part of a connection block.
Direct 'clb_O[7:7]_to_clb_I7[3:3]' will modelled as part of a connection block.
Direct 'clb_O[7:7]_to_clb_Ix[7:7]' will modelled as part of a connection block.
Direct 'clb_O[7:7]_to_clb_I8[0:0]' will modelled as part of a connection block.
Direct 'clb_O[7:7]_to_clb_I8[1:1]' will modelled as part of a connection block.
Direct 'clb_O[7:7]_to_clb_I8[2:2]' will modelled as part of a connection block.
Direct 'clb_O[7:7]_to_clb_I8[3:3]' will modelled as part of a connection block.
Direct 'clb_O[7:7]_to_clb_Ix[8:8]' will modelled as part of a connection block.
Direct 'clb_O[7:7]_to_clb_I9[0:0]' will modelled as part of a connection block.
Direct 'clb_O[7:7]_to_clb_I9[1:1]' will modelled as part of a connection block.
Direct 'clb_O[7:7]_to_clb_I9[2:2]' will modelled as part of a connection block.
Direct 'clb_O[7:7]_to_clb_I9[3:3]' will modelled as part of a connection block.
Direct 'clb_O[7:7]_to_clb_Ix[9:9]' will modelled as part of a connection block.
Direct 'clb_O[7:7]_to_clb_I10[0:0]' will modelled as part of a connection block.
Direct 'clb_O[7:7]_to_clb_I10[1:1]' will modelled as part of a connection block.
Direct 'clb_O[7:7]_to_clb_I10[2:2]' will modelled as part of a connection block.
Direct 'clb_O[7:7]_to_clb_I10[3:3]' will modelled as part of a connection block.
Direct 'clb_O[7:7]_to_clb_Ix[10:10]' will modelled as part of a connection block.
Direct 'clb_O[7:7]_to_clb_I11[0:0]' will modelled as part of a connection block.
Direct 'clb_O[7:7]_to_clb_I11[1:1]' will modelled as part of a connection block.
Direct 'clb_O[7:7]_to_clb_I11[2:2]' will modelled as part of a connection block.
Direct 'clb_O[7:7]_to_clb_I11[3:3]' will modelled as part of a connection block.
Direct 'clb_O[7:7]_to_clb_Ix[11:11]' will modelled as part of a connection block.
Direct 'clb_O[8:8]_to_clb_I0[0:0]' will modelled as part of a connection block.
Direct 'clb_O[8:8]_to_clb_I0[1:1]' will modelled as part of a connection block.
Direct 'clb_O[8:8]_to_clb_I0[2:2]' will modelled as part of a connection block.
Direct 'clb_O[8:8]_to_clb_I0[3:3]' will modelled as part of a connection block.
Direct 'clb_O[8:8]_to_clb_Ix[0:0]' will modelled as part of a connection block.
Direct 'clb_O[8:8]_to_clb_I1[0:0]' will modelled as part of a connection block.
Direct 'clb_O[8:8]_to_clb_I1[1:1]' will modelled as part of a connection block.
Direct 'clb_O[8:8]_to_clb_I1[2:2]' will modelled as part of a connection block.
Direct 'clb_O[8:8]_to_clb_I1[3:3]' will modelled as part of a connection block.
Direct 'clb_O[8:8]_to_clb_Ix[1:1]' will modelled as part of a connection block.
Direct 'clb_O[8:8]_to_clb_I2[0:0]' will modelled as part of a connection block.
Direct 'clb_O[8:8]_to_clb_I2[1:1]' will modelled as part of a connection block.
Direct 'clb_O[8:8]_to_clb_I2[2:2]' will modelled as part of a connection block.
Direct 'clb_O[8:8]_to_clb_I2[3:3]' will modelled as part of a connection block.
Direct 'clb_O[8:8]_to_clb_Ix[2:2]' will modelled as part of a connection block.
Direct 'clb_O[8:8]_to_clb_I3[0:0]' will modelled as part of a connection block.
Direct 'clb_O[8:8]_to_clb_I3[1:1]' will modelled as part of a connection block.
Direct 'clb_O[8:8]_to_clb_I3[2:2]' will modelled as part of a connection block.
Direct 'clb_O[8:8]_to_clb_I3[3:3]' will modelled as part of a connection block.
Direct 'clb_O[8:8]_to_clb_Ix[3:3]' will modelled as part of a connection block.
Direct 'clb_O[8:8]_to_clb_I4[0:0]' will modelled as part of a connection block.
Direct 'clb_O[8:8]_to_clb_I4[1:1]' will modelled as part of a connection block.
Direct 'clb_O[8:8]_to_clb_I4[2:2]' will modelled as part of a connection block.
Direct 'clb_O[8:8]_to_clb_I4[3:3]' will modelled as part of a connection block.
Direct 'clb_O[8:8]_to_clb_Ix[4:4]' will modelled as part of a connection block.
Direct 'clb_O[8:8]_to_clb_I5[0:0]' will modelled as part of a connection block.
Direct 'clb_O[8:8]_to_clb_I5[1:1]' will modelled as part of a connection block.
Direct 'clb_O[8:8]_to_clb_I5[2:2]' will modelled as part of a connection block.
Direct 'clb_O[8:8]_to_clb_I5[3:3]' will modelled as part of a connection block.
Direct 'clb_O[8:8]_to_clb_Ix[5:5]' will modelled as part of a connection block.
Direct 'clb_O[8:8]_to_clb_I6[0:0]' will modelled as part of a connection block.
Direct 'clb_O[8:8]_to_clb_I6[1:1]' will modelled as part of a connection block.
Direct 'clb_O[8:8]_to_clb_I6[2:2]' will modelled as part of a connection block.
Direct 'clb_O[8:8]_to_clb_I6[3:3]' will modelled as part of a connection block.
Direct 'clb_O[8:8]_to_clb_Ix[6:6]' will modelled as part of a connection block.
Direct 'clb_O[8:8]_to_clb_I7[0:0]' will modelled as part of a connection block.
Direct 'clb_O[8:8]_to_clb_I7[1:1]' will modelled as part of a connection block.
Direct 'clb_O[8:8]_to_clb_I7[2:2]' will modelled as part of a connection block.
Direct 'clb_O[8:8]_to_clb_I7[3:3]' will modelled as part of a connection block.
Direct 'clb_O[8:8]_to_clb_Ix[7:7]' will modelled as part of a connection block.
Direct 'clb_O[8:8]_to_clb_I8[0:0]' will modelled as part of a connection block.
Direct 'clb_O[8:8]_to_clb_I8[1:1]' will modelled as part of a connection block.
Direct 'clb_O[8:8]_to_clb_I8[2:2]' will modelled as part of a connection block.
Direct 'clb_O[8:8]_to_clb_I8[3:3]' will modelled as part of a connection block.
Direct 'clb_O[8:8]_to_clb_Ix[8:8]' will modelled as part of a connection block.
Direct 'clb_O[8:8]_to_clb_I9[0:0]' will modelled as part of a connection block.
Direct 'clb_O[8:8]_to_clb_I9[1:1]' will modelled as part of a connection block.
Direct 'clb_O[8:8]_to_clb_I9[2:2]' will modelled as part of a connection block.
Direct 'clb_O[8:8]_to_clb_I9[3:3]' will modelled as part of a connection block.
Direct 'clb_O[8:8]_to_clb_Ix[9:9]' will modelled as part of a connection block.
Direct 'clb_O[8:8]_to_clb_I10[0:0]' will modelled as part of a connection block.
Direct 'clb_O[8:8]_to_clb_I10[1:1]' will modelled as part of a connection block.
Direct 'clb_O[8:8]_to_clb_I10[2:2]' will modelled as part of a connection block.
Direct 'clb_O[8:8]_to_clb_I10[3:3]' will modelled as part of a connection block.
Direct 'clb_O[8:8]_to_clb_Ix[10:10]' will modelled as part of a connection block.
Direct 'clb_O[8:8]_to_clb_I11[0:0]' will modelled as part of a connection block.
Direct 'clb_O[8:8]_to_clb_I11[1:1]' will modelled as part of a connection block.
Direct 'clb_O[8:8]_to_clb_I11[2:2]' will modelled as part of a connection block.
Direct 'clb_O[8:8]_to_clb_I11[3:3]' will modelled as part of a connection block.
Direct 'clb_O[8:8]_to_clb_Ix[11:11]' will modelled as part of a connection block.
Direct 'clb_O[9:9]_to_clb_I0[0:0]' will modelled as part of a connection block.
Direct 'clb_O[9:9]_to_clb_I0[1:1]' will modelled as part of a connection block.
Direct 'clb_O[9:9]_to_clb_I0[2:2]' will modelled as part of a connection block.
Direct 'clb_O[9:9]_to_clb_I0[3:3]' will modelled as part of a connection block.
Direct 'clb_O[9:9]_to_clb_Ix[0:0]' will modelled as part of a connection block.
Direct 'clb_O[9:9]_to_clb_I1[0:0]' will modelled as part of a connection block.
Direct 'clb_O[9:9]_to_clb_I1[1:1]' will modelled as part of a connection block.
Direct 'clb_O[9:9]_to_clb_I1[2:2]' will modelled as part of a connection block.
Direct 'clb_O[9:9]_to_clb_I1[3:3]' will modelled as part of a connection block.
Direct 'clb_O[9:9]_to_clb_Ix[1:1]' will modelled as part of a connection block.
Direct 'clb_O[9:9]_to_clb_I2[0:0]' will modelled as part of a connection block.
Direct 'clb_O[9:9]_to_clb_I2[1:1]' will modelled as part of a connection block.
Direct 'clb_O[9:9]_to_clb_I2[2:2]' will modelled as part of a connection block.
Direct 'clb_O[9:9]_to_clb_I2[3:3]' will modelled as part of a connection block.
Direct 'clb_O[9:9]_to_clb_Ix[2:2]' will modelled as part of a connection block.
Direct 'clb_O[9:9]_to_clb_I3[0:0]' will modelled as part of a connection block.
Direct 'clb_O[9:9]_to_clb_I3[1:1]' will modelled as part of a connection block.
Direct 'clb_O[9:9]_to_clb_I3[2:2]' will modelled as part of a connection block.
Direct 'clb_O[9:9]_to_clb_I3[3:3]' will modelled as part of a connection block.
Direct 'clb_O[9:9]_to_clb_Ix[3:3]' will modelled as part of a connection block.
Direct 'clb_O[9:9]_to_clb_I4[0:0]' will modelled as part of a connection block.
Direct 'clb_O[9:9]_to_clb_I4[1:1]' will modelled as part of a connection block.
Direct 'clb_O[9:9]_to_clb_I4[2:2]' will modelled as part of a connection block.
Direct 'clb_O[9:9]_to_clb_I4[3:3]' will modelled as part of a connection block.
Direct 'clb_O[9:9]_to_clb_Ix[4:4]' will modelled as part of a connection block.
Direct 'clb_O[9:9]_to_clb_I5[0:0]' will modelled as part of a connection block.
Direct 'clb_O[9:9]_to_clb_I5[1:1]' will modelled as part of a connection block.
Direct 'clb_O[9:9]_to_clb_I5[2:2]' will modelled as part of a connection block.
Direct 'clb_O[9:9]_to_clb_I5[3:3]' will modelled as part of a connection block.
Direct 'clb_O[9:9]_to_clb_Ix[5:5]' will modelled as part of a connection block.
Direct 'clb_O[9:9]_to_clb_I6[0:0]' will modelled as part of a connection block.
Direct 'clb_O[9:9]_to_clb_I6[1:1]' will modelled as part of a connection block.
Direct 'clb_O[9:9]_to_clb_I6[2:2]' will modelled as part of a connection block.
Direct 'clb_O[9:9]_to_clb_I6[3:3]' will modelled as part of a connection block.
Direct 'clb_O[9:9]_to_clb_Ix[6:6]' will modelled as part of a connection block.
Direct 'clb_O[9:9]_to_clb_I7[0:0]' will modelled as part of a connection block.
Direct 'clb_O[9:9]_to_clb_I7[1:1]' will modelled as part of a connection block.
Direct 'clb_O[9:9]_to_clb_I7[2:2]' will modelled as part of a connection block.
Direct 'clb_O[9:9]_to_clb_I7[3:3]' will modelled as part of a connection block.
Direct 'clb_O[9:9]_to_clb_Ix[7:7]' will modelled as part of a connection block.
Direct 'clb_O[9:9]_to_clb_I8[0:0]' will modelled as part of a connection block.
Direct 'clb_O[9:9]_to_clb_I8[1:1]' will modelled as part of a connection block.
Direct 'clb_O[9:9]_to_clb_I8[2:2]' will modelled as part of a connection block.
Direct 'clb_O[9:9]_to_clb_I8[3:3]' will modelled as part of a connection block.
Direct 'clb_O[9:9]_to_clb_Ix[8:8]' will modelled as part of a connection block.
Direct 'clb_O[9:9]_to_clb_I9[0:0]' will modelled as part of a connection block.
Direct 'clb_O[9:9]_to_clb_I9[1:1]' will modelled as part of a connection block.
Direct 'clb_O[9:9]_to_clb_I9[2:2]' will modelled as part of a connection block.
Direct 'clb_O[9:9]_to_clb_I9[3:3]' will modelled as part of a connection block.
Direct 'clb_O[9:9]_to_clb_Ix[9:9]' will modelled as part of a connection block.
Direct 'clb_O[9:9]_to_clb_I10[0:0]' will modelled as part of a connection block.
Direct 'clb_O[9:9]_to_clb_I10[1:1]' will modelled as part of a connection block.
Direct 'clb_O[9:9]_to_clb_I10[2:2]' will modelled as part of a connection block.
Direct 'clb_O[9:9]_to_clb_I10[3:3]' will modelled as part of a connection block.
Direct 'clb_O[9:9]_to_clb_Ix[10:10]' will modelled as part of a connection block.
Direct 'clb_O[9:9]_to_clb_I11[0:0]' will modelled as part of a connection block.
Direct 'clb_O[9:9]_to_clb_I11[1:1]' will modelled as part of a connection block.
Direct 'clb_O[9:9]_to_clb_I11[2:2]' will modelled as part of a connection block.
Direct 'clb_O[9:9]_to_clb_I11[3:3]' will modelled as part of a connection block.
Direct 'clb_O[9:9]_to_clb_Ix[11:11]' will modelled as part of a connection block.
Direct 'clb_O[10:10]_to_clb_I0[0:0]' will modelled as part of a connection block.
Direct 'clb_O[10:10]_to_clb_I0[1:1]' will modelled as part of a connection block.
Direct 'clb_O[10:10]_to_clb_I0[2:2]' will modelled as part of a connection block.
Direct 'clb_O[10:10]_to_clb_I0[3:3]' will modelled as part of a connection block.
Direct 'clb_O[10:10]_to_clb_Ix[0:0]' will modelled as part of a connection block.
Direct 'clb_O[10:10]_to_clb_I1[0:0]' will modelled as part of a connection block.
Direct 'clb_O[10:10]_to_clb_I1[1:1]' will modelled as part of a connection block.
Direct 'clb_O[10:10]_to_clb_I1[2:2]' will modelled as part of a connection block.
Direct 'clb_O[10:10]_to_clb_I1[3:3]' will modelled as part of a connection block.
Direct 'clb_O[10:10]_to_clb_Ix[1:1]' will modelled as part of a connection block.
Direct 'clb_O[10:10]_to_clb_I2[0:0]' will modelled as part of a connection block.
Direct 'clb_O[10:10]_to_clb_I2[1:1]' will modelled as part of a connection block.
Direct 'clb_O[10:10]_to_clb_I2[2:2]' will modelled as part of a connection block.
Direct 'clb_O[10:10]_to_clb_I2[3:3]' will modelled as part of a connection block.
Direct 'clb_O[10:10]_to_clb_Ix[2:2]' will modelled as part of a connection block.
Direct 'clb_O[10:10]_to_clb_I3[0:0]' will modelled as part of a connection block.
Direct 'clb_O[10:10]_to_clb_I3[1:1]' will modelled as part of a connection block.
Direct 'clb_O[10:10]_to_clb_I3[2:2]' will modelled as part of a connection block.
Direct 'clb_O[10:10]_to_clb_I3[3:3]' will modelled as part of a connection block.
Direct 'clb_O[10:10]_to_clb_Ix[3:3]' will modelled as part of a connection block.
Direct 'clb_O[10:10]_to_clb_I4[0:0]' will modelled as part of a connection block.
Direct 'clb_O[10:10]_to_clb_I4[1:1]' will modelled as part of a connection block.
Direct 'clb_O[10:10]_to_clb_I4[2:2]' will modelled as part of a connection block.
Direct 'clb_O[10:10]_to_clb_I4[3:3]' will modelled as part of a connection block.
Direct 'clb_O[10:10]_to_clb_Ix[4:4]' will modelled as part of a connection block.
Direct 'clb_O[10:10]_to_clb_I5[0:0]' will modelled as part of a connection block.
Direct 'clb_O[10:10]_to_clb_I5[1:1]' will modelled as part of a connection block.
Direct 'clb_O[10:10]_to_clb_I5[2:2]' will modelled as part of a connection block.
Direct 'clb_O[10:10]_to_clb_I5[3:3]' will modelled as part of a connection block.
Direct 'clb_O[10:10]_to_clb_Ix[5:5]' will modelled as part of a connection block.
Direct 'clb_O[10:10]_to_clb_I6[0:0]' will modelled as part of a connection block.
Direct 'clb_O[10:10]_to_clb_I6[1:1]' will modelled as part of a connection block.
Direct 'clb_O[10:10]_to_clb_I6[2:2]' will modelled as part of a connection block.
Direct 'clb_O[10:10]_to_clb_I6[3:3]' will modelled as part of a connection block.
Direct 'clb_O[10:10]_to_clb_Ix[6:6]' will modelled as part of a connection block.
Direct 'clb_O[10:10]_to_clb_I7[0:0]' will modelled as part of a connection block.
Direct 'clb_O[10:10]_to_clb_I7[1:1]' will modelled as part of a connection block.
Direct 'clb_O[10:10]_to_clb_I7[2:2]' will modelled as part of a connection block.
Direct 'clb_O[10:10]_to_clb_I7[3:3]' will modelled as part of a connection block.
Direct 'clb_O[10:10]_to_clb_Ix[7:7]' will modelled as part of a connection block.
Direct 'clb_O[10:10]_to_clb_I8[0:0]' will modelled as part of a connection block.
Direct 'clb_O[10:10]_to_clb_I8[1:1]' will modelled as part of a connection block.
Direct 'clb_O[10:10]_to_clb_I8[2:2]' will modelled as part of a connection block.
Direct 'clb_O[10:10]_to_clb_I8[3:3]' will modelled as part of a connection block.
Direct 'clb_O[10:10]_to_clb_Ix[8:8]' will modelled as part of a connection block.
Direct 'clb_O[10:10]_to_clb_I9[0:0]' will modelled as part of a connection block.
Direct 'clb_O[10:10]_to_clb_I9[1:1]' will modelled as part of a connection block.
Direct 'clb_O[10:10]_to_clb_I9[2:2]' will modelled as part of a connection block.
Direct 'clb_O[10:10]_to_clb_I9[3:3]' will modelled as part of a connection block.
Direct 'clb_O[10:10]_to_clb_Ix[9:9]' will modelled as part of a connection block.
Direct 'clb_O[10:10]_to_clb_I10[0:0]' will modelled as part of a connection block.
Direct 'clb_O[10:10]_to_clb_I10[1:1]' will modelled as part of a connection block.
Direct 'clb_O[10:10]_to_clb_I10[2:2]' will modelled as part of a connection block.
Direct 'clb_O[10:10]_to_clb_I10[3:3]' will modelled as part of a connection block.
Direct 'clb_O[10:10]_to_clb_Ix[10:10]' will modelled as part of a connection block.
Direct 'clb_O[10:10]_to_clb_I11[0:0]' will modelled as part of a connection block.
Direct 'clb_O[10:10]_to_clb_I11[1:1]' will modelled as part of a connection block.
Direct 'clb_O[10:10]_to_clb_I11[2:2]' will modelled as part of a connection block.
Direct 'clb_O[10:10]_to_clb_I11[3:3]' will modelled as part of a connection block.
Direct 'clb_O[10:10]_to_clb_Ix[11:11]' will modelled as part of a connection block.
Direct 'clb_O[11:11]_to_clb_I0[0:0]' will modelled as part of a connection block.
Direct 'clb_O[11:11]_to_clb_I0[1:1]' will modelled as part of a connection block.
Direct 'clb_O[11:11]_to_clb_I0[2:2]' will modelled as part of a connection block.
Direct 'clb_O[11:11]_to_clb_I0[3:3]' will modelled as part of a connection block.
Direct 'clb_O[11:11]_to_clb_Ix[0:0]' will modelled as part of a connection block.
Direct 'clb_O[11:11]_to_clb_I1[0:0]' will modelled as part of a connection block.
Direct 'clb_O[11:11]_to_clb_I1[1:1]' will modelled as part of a connection block.
Direct 'clb_O[11:11]_to_clb_I1[2:2]' will modelled as part of a connection block.
Direct 'clb_O[11:11]_to_clb_I1[3:3]' will modelled as part of a connection block.
Direct 'clb_O[11:11]_to_clb_Ix[1:1]' will modelled as part of a connection block.
Direct 'clb_O[11:11]_to_clb_I2[0:0]' will modelled as part of a connection block.
Direct 'clb_O[11:11]_to_clb_I2[1:1]' will modelled as part of a connection block.
Direct 'clb_O[11:11]_to_clb_I2[2:2]' will modelled as part of a connection block.
Direct 'clb_O[11:11]_to_clb_I2[3:3]' will modelled as part of a connection block.
Direct 'clb_O[11:11]_to_clb_Ix[2:2]' will modelled as part of a connection block.
Direct 'clb_O[11:11]_to_clb_I3[0:0]' will modelled as part of a connection block.
Direct 'clb_O[11:11]_to_clb_I3[1:1]' will modelled as part of a connection block.
Direct 'clb_O[11:11]_to_clb_I3[2:2]' will modelled as part of a connection block.
Direct 'clb_O[11:11]_to_clb_I3[3:3]' will modelled as part of a connection block.
Direct 'clb_O[11:11]_to_clb_Ix[3:3]' will modelled as part of a connection block.
Direct 'clb_O[11:11]_to_clb_I4[0:0]' will modelled as part of a connection block.
Direct 'clb_O[11:11]_to_clb_I4[1:1]' will modelled as part of a connection block.
Direct 'clb_O[11:11]_to_clb_I4[2:2]' will modelled as part of a connection block.
Direct 'clb_O[11:11]_to_clb_I4[3:3]' will modelled as part of a connection block.
Direct 'clb_O[11:11]_to_clb_Ix[4:4]' will modelled as part of a connection block.
Direct 'clb_O[11:11]_to_clb_I5[0:0]' will modelled as part of a connection block.
Direct 'clb_O[11:11]_to_clb_I5[1:1]' will modelled as part of a connection block.
Direct 'clb_O[11:11]_to_clb_I5[2:2]' will modelled as part of a connection block.
Direct 'clb_O[11:11]_to_clb_I5[3:3]' will modelled as part of a connection block.
Direct 'clb_O[11:11]_to_clb_Ix[5:5]' will modelled as part of a connection block.
Direct 'clb_O[11:11]_to_clb_I6[0:0]' will modelled as part of a connection block.
Direct 'clb_O[11:11]_to_clb_I6[1:1]' will modelled as part of a connection block.
Direct 'clb_O[11:11]_to_clb_I6[2:2]' will modelled as part of a connection block.
Direct 'clb_O[11:11]_to_clb_I6[3:3]' will modelled as part of a connection block.
Direct 'clb_O[11:11]_to_clb_Ix[6:6]' will modelled as part of a connection block.
Direct 'clb_O[11:11]_to_clb_I7[0:0]' will modelled as part of a connection block.
Direct 'clb_O[11:11]_to_clb_I7[1:1]' will modelled as part of a connection block.
Direct 'clb_O[11:11]_to_clb_I7[2:2]' will modelled as part of a connection block.
Direct 'clb_O[11:11]_to_clb_I7[3:3]' will modelled as part of a connection block.
Direct 'clb_O[11:11]_to_clb_Ix[7:7]' will modelled as part of a connection block.
Direct 'clb_O[11:11]_to_clb_I8[0:0]' will modelled as part of a connection block.
Direct 'clb_O[11:11]_to_clb_I8[1:1]' will modelled as part of a connection block.
Direct 'clb_O[11:11]_to_clb_I8[2:2]' will modelled as part of a connection block.
Direct 'clb_O[11:11]_to_clb_I8[3:3]' will modelled as part of a connection block.
Direct 'clb_O[11:11]_to_clb_Ix[8:8]' will modelled as part of a connection block.
Direct 'clb_O[11:11]_to_clb_I9[0:0]' will modelled as part of a connection block.
Direct 'clb_O[11:11]_to_clb_I9[1:1]' will modelled as part of a connection block.
Direct 'clb_O[11:11]_to_clb_I9[2:2]' will modelled as part of a connection block.
Direct 'clb_O[11:11]_to_clb_I9[3:3]' will modelled as part of a connection block.
Direct 'clb_O[11:11]_to_clb_Ix[9:9]' will modelled as part of a connection block.
Direct 'clb_O[11:11]_to_clb_I10[0:0]' will modelled as part of a connection block.
Direct 'clb_O[11:11]_to_clb_I10[1:1]' will modelled as part of a connection block.
Direct 'clb_O[11:11]_to_clb_I10[2:2]' will modelled as part of a connection block.
Direct 'clb_O[11:11]_to_clb_I10[3:3]' will modelled as part of a connection block.
Direct 'clb_O[11:11]_to_clb_Ix[10:10]' will modelled as part of a connection block.
Direct 'clb_O[11:11]_to_clb_I11[0:0]' will modelled as part of a connection block.
Direct 'clb_O[11:11]_to_clb_I11[1:1]' will modelled as part of a connection block.
Direct 'clb_O[11:11]_to_clb_I11[2:2]' will modelled as part of a connection block.
Direct 'clb_O[11:11]_to_clb_I11[3:3]' will modelled as part of a connection block.
Direct 'clb_O[11:11]_to_clb_Ix[11:11]' will modelled as part of a connection block.
Direct 'clb_O[12:12]_to_clb_I0[0:0]' will modelled as part of a connection block.
Direct 'clb_O[12:12]_to_clb_I0[1:1]' will modelled as part of a connection block.
Direct 'clb_O[12:12]_to_clb_I0[2:2]' will modelled as part of a connection block.
Direct 'clb_O[12:12]_to_clb_I0[3:3]' will modelled as part of a connection block.
Direct 'clb_O[12:12]_to_clb_Ix[0:0]' will modelled as part of a connection block.
Direct 'clb_O[12:12]_to_clb_I1[0:0]' will modelled as part of a connection block.
Direct 'clb_O[12:12]_to_clb_I1[1:1]' will modelled as part of a connection block.
Direct 'clb_O[12:12]_to_clb_I1[2:2]' will modelled as part of a connection block.
Direct 'clb_O[12:12]_to_clb_I1[3:3]' will modelled as part of a connection block.
Direct 'clb_O[12:12]_to_clb_Ix[1:1]' will modelled as part of a connection block.
Direct 'clb_O[12:12]_to_clb_I2[0:0]' will modelled as part of a connection block.
Direct 'clb_O[12:12]_to_clb_I2[1:1]' will modelled as part of a connection block.
Direct 'clb_O[12:12]_to_clb_I2[2:2]' will modelled as part of a connection block.
Direct 'clb_O[12:12]_to_clb_I2[3:3]' will modelled as part of a connection block.
Direct 'clb_O[12:12]_to_clb_Ix[2:2]' will modelled as part of a connection block.
Direct 'clb_O[12:12]_to_clb_I3[0:0]' will modelled as part of a connection block.
Direct 'clb_O[12:12]_to_clb_I3[1:1]' will modelled as part of a connection block.
Direct 'clb_O[12:12]_to_clb_I3[2:2]' will modelled as part of a connection block.
Direct 'clb_O[12:12]_to_clb_I3[3:3]' will modelled as part of a connection block.
Direct 'clb_O[12:12]_to_clb_Ix[3:3]' will modelled as part of a connection block.
Direct 'clb_O[12:12]_to_clb_I4[0:0]' will modelled as part of a connection block.
Direct 'clb_O[12:12]_to_clb_I4[1:1]' will modelled as part of a connection block.
Direct 'clb_O[12:12]_to_clb_I4[2:2]' will modelled as part of a connection block.
Direct 'clb_O[12:12]_to_clb_I4[3:3]' will modelled as part of a connection block.
Direct 'clb_O[12:12]_to_clb_Ix[4:4]' will modelled as part of a connection block.
Direct 'clb_O[12:12]_to_clb_I5[0:0]' will modelled as part of a connection block.
Direct 'clb_O[12:12]_to_clb_I5[1:1]' will modelled as part of a connection block.
Direct 'clb_O[12:12]_to_clb_I5[2:2]' will modelled as part of a connection block.
Direct 'clb_O[12:12]_to_clb_I5[3:3]' will modelled as part of a connection block.
Direct 'clb_O[12:12]_to_clb_Ix[5:5]' will modelled as part of a connection block.
Direct 'clb_O[12:12]_to_clb_I6[0:0]' will modelled as part of a connection block.
Direct 'clb_O[12:12]_to_clb_I6[1:1]' will modelled as part of a connection block.
Direct 'clb_O[12:12]_to_clb_I6[2:2]' will modelled as part of a connection block.
Direct 'clb_O[12:12]_to_clb_I6[3:3]' will modelled as part of a connection block.
Direct 'clb_O[12:12]_to_clb_Ix[6:6]' will modelled as part of a connection block.
Direct 'clb_O[12:12]_to_clb_I7[0:0]' will modelled as part of a connection block.
Direct 'clb_O[12:12]_to_clb_I7[1:1]' will modelled as part of a connection block.
Direct 'clb_O[12:12]_to_clb_I7[2:2]' will modelled as part of a connection block.
Direct 'clb_O[12:12]_to_clb_I7[3:3]' will modelled as part of a connection block.
Direct 'clb_O[12:12]_to_clb_Ix[7:7]' will modelled as part of a connection block.
Direct 'clb_O[12:12]_to_clb_I8[0:0]' will modelled as part of a connection block.
Direct 'clb_O[12:12]_to_clb_I8[1:1]' will modelled as part of a connection block.
Direct 'clb_O[12:12]_to_clb_I8[2:2]' will modelled as part of a connection block.
Direct 'clb_O[12:12]_to_clb_I8[3:3]' will modelled as part of a connection block.
Direct 'clb_O[12:12]_to_clb_Ix[8:8]' will modelled as part of a connection block.
Direct 'clb_O[12:12]_to_clb_I9[0:0]' will modelled as part of a connection block.
Direct 'clb_O[12:12]_to_clb_I9[1:1]' will modelled as part of a connection block.
Direct 'clb_O[12:12]_to_clb_I9[2:2]' will modelled as part of a connection block.
Direct 'clb_O[12:12]_to_clb_I9[3:3]' will modelled as part of a connection block.
Direct 'clb_O[12:12]_to_clb_Ix[9:9]' will modelled as part of a connection block.
Direct 'clb_O[12:12]_to_clb_I10[0:0]' will modelled as part of a connection block.
Direct 'clb_O[12:12]_to_clb_I10[1:1]' will modelled as part of a connection block.
Direct 'clb_O[12:12]_to_clb_I10[2:2]' will modelled as part of a connection block.
Direct 'clb_O[12:12]_to_clb_I10[3:3]' will modelled as part of a connection block.
Direct 'clb_O[12:12]_to_clb_Ix[10:10]' will modelled as part of a connection block.
Direct 'clb_O[12:12]_to_clb_I11[0:0]' will modelled as part of a connection block.
Direct 'clb_O[12:12]_to_clb_I11[1:1]' will modelled as part of a connection block.
Direct 'clb_O[12:12]_to_clb_I11[2:2]' will modelled as part of a connection block.
Direct 'clb_O[12:12]_to_clb_I11[3:3]' will modelled as part of a connection block.
Direct 'clb_O[12:12]_to_clb_Ix[11:11]' will modelled as part of a connection block.
Direct 'clb_O[13:13]_to_clb_I0[0:0]' will modelled as part of a connection block.
Direct 'clb_O[13:13]_to_clb_I0[1:1]' will modelled as part of a connection block.
Direct 'clb_O[13:13]_to_clb_I0[2:2]' will modelled as part of a connection block.
Direct 'clb_O[13:13]_to_clb_I0[3:3]' will modelled as part of a connection block.
Direct 'clb_O[13:13]_to_clb_Ix[0:0]' will modelled as part of a connection block.
Direct 'clb_O[13:13]_to_clb_I1[0:0]' will modelled as part of a connection block.
Direct 'clb_O[13:13]_to_clb_I1[1:1]' will modelled as part of a connection block.
Direct 'clb_O[13:13]_to_clb_I1[2:2]' will modelled as part of a connection block.
Direct 'clb_O[13:13]_to_clb_I1[3:3]' will modelled as part of a connection block.
Direct 'clb_O[13:13]_to_clb_Ix[1:1]' will modelled as part of a connection block.
Direct 'clb_O[13:13]_to_clb_I2[0:0]' will modelled as part of a connection block.
Direct 'clb_O[13:13]_to_clb_I2[1:1]' will modelled as part of a connection block.
Direct 'clb_O[13:13]_to_clb_I2[2:2]' will modelled as part of a connection block.
Direct 'clb_O[13:13]_to_clb_I2[3:3]' will modelled as part of a connection block.
Direct 'clb_O[13:13]_to_clb_Ix[2:2]' will modelled as part of a connection block.
Direct 'clb_O[13:13]_to_clb_I3[0:0]' will modelled as part of a connection block.
Direct 'clb_O[13:13]_to_clb_I3[1:1]' will modelled as part of a connection block.
Direct 'clb_O[13:13]_to_clb_I3[2:2]' will modelled as part of a connection block.
Direct 'clb_O[13:13]_to_clb_I3[3:3]' will modelled as part of a connection block.
Direct 'clb_O[13:13]_to_clb_Ix[3:3]' will modelled as part of a connection block.
Direct 'clb_O[13:13]_to_clb_I4[0:0]' will modelled as part of a connection block.
Direct 'clb_O[13:13]_to_clb_I4[1:1]' will modelled as part of a connection block.
Direct 'clb_O[13:13]_to_clb_I4[2:2]' will modelled as part of a connection block.
Direct 'clb_O[13:13]_to_clb_I4[3:3]' will modelled as part of a connection block.
Direct 'clb_O[13:13]_to_clb_Ix[4:4]' will modelled as part of a connection block.
Direct 'clb_O[13:13]_to_clb_I5[0:0]' will modelled as part of a connection block.
Direct 'clb_O[13:13]_to_clb_I5[1:1]' will modelled as part of a connection block.
Direct 'clb_O[13:13]_to_clb_I5[2:2]' will modelled as part of a connection block.
Direct 'clb_O[13:13]_to_clb_I5[3:3]' will modelled as part of a connection block.
Direct 'clb_O[13:13]_to_clb_Ix[5:5]' will modelled as part of a connection block.
Direct 'clb_O[13:13]_to_clb_I6[0:0]' will modelled as part of a connection block.
Direct 'clb_O[13:13]_to_clb_I6[1:1]' will modelled as part of a connection block.
Direct 'clb_O[13:13]_to_clb_I6[2:2]' will modelled as part of a connection block.
Direct 'clb_O[13:13]_to_clb_I6[3:3]' will modelled as part of a connection block.
Direct 'clb_O[13:13]_to_clb_Ix[6:6]' will modelled as part of a connection block.
Direct 'clb_O[13:13]_to_clb_I7[0:0]' will modelled as part of a connection block.
Direct 'clb_O[13:13]_to_clb_I7[1:1]' will modelled as part of a connection block.
Direct 'clb_O[13:13]_to_clb_I7[2:2]' will modelled as part of a connection block.
Direct 'clb_O[13:13]_to_clb_I7[3:3]' will modelled as part of a connection block.
Direct 'clb_O[13:13]_to_clb_Ix[7:7]' will modelled as part of a connection block.
Direct 'clb_O[13:13]_to_clb_I8[0:0]' will modelled as part of a connection block.
Direct 'clb_O[13:13]_to_clb_I8[1:1]' will modelled as part of a connection block.
Direct 'clb_O[13:13]_to_clb_I8[2:2]' will modelled as part of a connection block.
Direct 'clb_O[13:13]_to_clb_I8[3:3]' will modelled as part of a connection block.
Direct 'clb_O[13:13]_to_clb_Ix[8:8]' will modelled as part of a connection block.
Direct 'clb_O[13:13]_to_clb_I9[0:0]' will modelled as part of a connection block.
Direct 'clb_O[13:13]_to_clb_I9[1:1]' will modelled as part of a connection block.
Direct 'clb_O[13:13]_to_clb_I9[2:2]' will modelled as part of a connection block.
Direct 'clb_O[13:13]_to_clb_I9[3:3]' will modelled as part of a connection block.
Direct 'clb_O[13:13]_to_clb_Ix[9:9]' will modelled as part of a connection block.
Direct 'clb_O[13:13]_to_clb_I10[0:0]' will modelled as part of a connection block.
Direct 'clb_O[13:13]_to_clb_I10[1:1]' will modelled as part of a connection block.
Direct 'clb_O[13:13]_to_clb_I10[2:2]' will modelled as part of a connection block.
Direct 'clb_O[13:13]_to_clb_I10[3:3]' will modelled as part of a connection block.
Direct 'clb_O[13:13]_to_clb_Ix[10:10]' will modelled as part of a connection block.
Direct 'clb_O[13:13]_to_clb_I11[0:0]' will modelled as part of a connection block.
Direct 'clb_O[13:13]_to_clb_I11[1:1]' will modelled as part of a connection block.
Direct 'clb_O[13:13]_to_clb_I11[2:2]' will modelled as part of a connection block.
Direct 'clb_O[13:13]_to_clb_I11[3:3]' will modelled as part of a connection block.
Direct 'clb_O[13:13]_to_clb_Ix[11:11]' will modelled as part of a connection block.
Direct 'clb_O[14:14]_to_clb_I0[0:0]' will modelled as part of a connection block.
Direct 'clb_O[14:14]_to_clb_I0[1:1]' will modelled as part of a connection block.
Direct 'clb_O[14:14]_to_clb_I0[2:2]' will modelled as part of a connection block.
Direct 'clb_O[14:14]_to_clb_I0[3:3]' will modelled as part of a connection block.
Direct 'clb_O[14:14]_to_clb_Ix[0:0]' will modelled as part of a connection block.
Direct 'clb_O[14:14]_to_clb_I1[0:0]' will modelled as part of a connection block.
Direct 'clb_O[14:14]_to_clb_I1[1:1]' will modelled as part of a connection block.
Direct 'clb_O[14:14]_to_clb_I1[2:2]' will modelled as part of a connection block.
Direct 'clb_O[14:14]_to_clb_I1[3:3]' will modelled as part of a connection block.
Direct 'clb_O[14:14]_to_clb_Ix[1:1]' will modelled as part of a connection block.
Direct 'clb_O[14:14]_to_clb_I2[0:0]' will modelled as part of a connection block.
Direct 'clb_O[14:14]_to_clb_I2[1:1]' will modelled as part of a connection block.
Direct 'clb_O[14:14]_to_clb_I2[2:2]' will modelled as part of a connection block.
Direct 'clb_O[14:14]_to_clb_I2[3:3]' will modelled as part of a connection block.
Direct 'clb_O[14:14]_to_clb_Ix[2:2]' will modelled as part of a connection block.
Direct 'clb_O[14:14]_to_clb_I3[0:0]' will modelled as part of a connection block.
Direct 'clb_O[14:14]_to_clb_I3[1:1]' will modelled as part of a connection block.
Direct 'clb_O[14:14]_to_clb_I3[2:2]' will modelled as part of a connection block.
Direct 'clb_O[14:14]_to_clb_I3[3:3]' will modelled as part of a connection block.
Direct 'clb_O[14:14]_to_clb_Ix[3:3]' will modelled as part of a connection block.
Direct 'clb_O[14:14]_to_clb_I4[0:0]' will modelled as part of a connection block.
Direct 'clb_O[14:14]_to_clb_I4[1:1]' will modelled as part of a connection block.
Direct 'clb_O[14:14]_to_clb_I4[2:2]' will modelled as part of a connection block.
Direct 'clb_O[14:14]_to_clb_I4[3:3]' will modelled as part of a connection block.
Direct 'clb_O[14:14]_to_clb_Ix[4:4]' will modelled as part of a connection block.
Direct 'clb_O[14:14]_to_clb_I5[0:0]' will modelled as part of a connection block.
Direct 'clb_O[14:14]_to_clb_I5[1:1]' will modelled as part of a connection block.
Direct 'clb_O[14:14]_to_clb_I5[2:2]' will modelled as part of a connection block.
Direct 'clb_O[14:14]_to_clb_I5[3:3]' will modelled as part of a connection block.
Direct 'clb_O[14:14]_to_clb_Ix[5:5]' will modelled as part of a connection block.
Direct 'clb_O[14:14]_to_clb_I6[0:0]' will modelled as part of a connection block.
Direct 'clb_O[14:14]_to_clb_I6[1:1]' will modelled as part of a connection block.
Direct 'clb_O[14:14]_to_clb_I6[2:2]' will modelled as part of a connection block.
Direct 'clb_O[14:14]_to_clb_I6[3:3]' will modelled as part of a connection block.
Direct 'clb_O[14:14]_to_clb_Ix[6:6]' will modelled as part of a connection block.
Direct 'clb_O[14:14]_to_clb_I7[0:0]' will modelled as part of a connection block.
Direct 'clb_O[14:14]_to_clb_I7[1:1]' will modelled as part of a connection block.
Direct 'clb_O[14:14]_to_clb_I7[2:2]' will modelled as part of a connection block.
Direct 'clb_O[14:14]_to_clb_I7[3:3]' will modelled as part of a connection block.
Direct 'clb_O[14:14]_to_clb_Ix[7:7]' will modelled as part of a connection block.
Direct 'clb_O[14:14]_to_clb_I8[0:0]' will modelled as part of a connection block.
Direct 'clb_O[14:14]_to_clb_I8[1:1]' will modelled as part of a connection block.
Direct 'clb_O[14:14]_to_clb_I8[2:2]' will modelled as part of a connection block.
Direct 'clb_O[14:14]_to_clb_I8[3:3]' will modelled as part of a connection block.
Direct 'clb_O[14:14]_to_clb_Ix[8:8]' will modelled as part of a connection block.
Direct 'clb_O[14:14]_to_clb_I9[0:0]' will modelled as part of a connection block.
Direct 'clb_O[14:14]_to_clb_I9[1:1]' will modelled as part of a connection block.
Direct 'clb_O[14:14]_to_clb_I9[2:2]' will modelled as part of a connection block.
Direct 'clb_O[14:14]_to_clb_I9[3:3]' will modelled as part of a connection block.
Direct 'clb_O[14:14]_to_clb_Ix[9:9]' will modelled as part of a connection block.
Direct 'clb_O[14:14]_to_clb_I10[0:0]' will modelled as part of a connection block.
Direct 'clb_O[14:14]_to_clb_I10[1:1]' will modelled as part of a connection block.
Direct 'clb_O[14:14]_to_clb_I10[2:2]' will modelled as part of a connection block.
Direct 'clb_O[14:14]_to_clb_I10[3:3]' will modelled as part of a connection block.
Direct 'clb_O[14:14]_to_clb_Ix[10:10]' will modelled as part of a connection block.
Direct 'clb_O[14:14]_to_clb_I11[0:0]' will modelled as part of a connection block.
Direct 'clb_O[14:14]_to_clb_I11[1:1]' will modelled as part of a connection block.
Direct 'clb_O[14:14]_to_clb_I11[2:2]' will modelled as part of a connection block.
Direct 'clb_O[14:14]_to_clb_I11[3:3]' will modelled as part of a connection block.
Direct 'clb_O[14:14]_to_clb_Ix[11:11]' will modelled as part of a connection block.
Direct 'clb_O[15:15]_to_clb_I0[0:0]' will modelled as part of a connection block.
Direct 'clb_O[15:15]_to_clb_I0[1:1]' will modelled as part of a connection block.
Direct 'clb_O[15:15]_to_clb_I0[2:2]' will modelled as part of a connection block.
Direct 'clb_O[15:15]_to_clb_I0[3:3]' will modelled as part of a connection block.
Direct 'clb_O[15:15]_to_clb_Ix[0:0]' will modelled as part of a connection block.
Direct 'clb_O[15:15]_to_clb_I1[0:0]' will modelled as part of a connection block.
Direct 'clb_O[15:15]_to_clb_I1[1:1]' will modelled as part of a connection block.
Direct 'clb_O[15:15]_to_clb_I1[2:2]' will modelled as part of a connection block.
Direct 'clb_O[15:15]_to_clb_I1[3:3]' will modelled as part of a connection block.
Direct 'clb_O[15:15]_to_clb_Ix[1:1]' will modelled as part of a connection block.
Direct 'clb_O[15:15]_to_clb_I2[0:0]' will modelled as part of a connection block.
Direct 'clb_O[15:15]_to_clb_I2[1:1]' will modelled as part of a connection block.
Direct 'clb_O[15:15]_to_clb_I2[2:2]' will modelled as part of a connection block.
Direct 'clb_O[15:15]_to_clb_I2[3:3]' will modelled as part of a connection block.
Direct 'clb_O[15:15]_to_clb_Ix[2:2]' will modelled as part of a connection block.
Direct 'clb_O[15:15]_to_clb_I3[0:0]' will modelled as part of a connection block.
Direct 'clb_O[15:15]_to_clb_I3[1:1]' will modelled as part of a connection block.
Direct 'clb_O[15:15]_to_clb_I3[2:2]' will modelled as part of a connection block.
Direct 'clb_O[15:15]_to_clb_I3[3:3]' will modelled as part of a connection block.
Direct 'clb_O[15:15]_to_clb_Ix[3:3]' will modelled as part of a connection block.
Direct 'clb_O[15:15]_to_clb_I4[0:0]' will modelled as part of a connection block.
Direct 'clb_O[15:15]_to_clb_I4[1:1]' will modelled as part of a connection block.
Direct 'clb_O[15:15]_to_clb_I4[2:2]' will modelled as part of a connection block.
Direct 'clb_O[15:15]_to_clb_I4[3:3]' will modelled as part of a connection block.
Direct 'clb_O[15:15]_to_clb_Ix[4:4]' will modelled as part of a connection block.
Direct 'clb_O[15:15]_to_clb_I5[0:0]' will modelled as part of a connection block.
Direct 'clb_O[15:15]_to_clb_I5[1:1]' will modelled as part of a connection block.
Direct 'clb_O[15:15]_to_clb_I5[2:2]' will modelled as part of a connection block.
Direct 'clb_O[15:15]_to_clb_I5[3:3]' will modelled as part of a connection block.
Direct 'clb_O[15:15]_to_clb_Ix[5:5]' will modelled as part of a connection block.
Direct 'clb_O[15:15]_to_clb_I6[0:0]' will modelled as part of a connection block.
Direct 'clb_O[15:15]_to_clb_I6[1:1]' will modelled as part of a connection block.
Direct 'clb_O[15:15]_to_clb_I6[2:2]' will modelled as part of a connection block.
Direct 'clb_O[15:15]_to_clb_I6[3:3]' will modelled as part of a connection block.
Direct 'clb_O[15:15]_to_clb_Ix[6:6]' will modelled as part of a connection block.
Direct 'clb_O[15:15]_to_clb_I7[0:0]' will modelled as part of a connection block.
Direct 'clb_O[15:15]_to_clb_I7[1:1]' will modelled as part of a connection block.
Direct 'clb_O[15:15]_to_clb_I7[2:2]' will modelled as part of a connection block.
Direct 'clb_O[15:15]_to_clb_I7[3:3]' will modelled as part of a connection block.
Direct 'clb_O[15:15]_to_clb_Ix[7:7]' will modelled as part of a connection block.
Direct 'clb_O[15:15]_to_clb_I8[0:0]' will modelled as part of a connection block.
Direct 'clb_O[15:15]_to_clb_I8[1:1]' will modelled as part of a connection block.
Direct 'clb_O[15:15]_to_clb_I8[2:2]' will modelled as part of a connection block.
Direct 'clb_O[15:15]_to_clb_I8[3:3]' will modelled as part of a connection block.
Direct 'clb_O[15:15]_to_clb_Ix[8:8]' will modelled as part of a connection block.
Direct 'clb_O[15:15]_to_clb_I9[0:0]' will modelled as part of a connection block.
Direct 'clb_O[15:15]_to_clb_I9[1:1]' will modelled as part of a connection block.
Direct 'clb_O[15:15]_to_clb_I9[2:2]' will modelled as part of a connection block.
Direct 'clb_O[15:15]_to_clb_I9[3:3]' will modelled as part of a connection block.
Direct 'clb_O[15:15]_to_clb_Ix[9:9]' will modelled as part of a connection block.
Direct 'clb_O[15:15]_to_clb_I10[0:0]' will modelled as part of a connection block.
Direct 'clb_O[15:15]_to_clb_I10[1:1]' will modelled as part of a connection block.
Direct 'clb_O[15:15]_to_clb_I10[2:2]' will modelled as part of a connection block.
Direct 'clb_O[15:15]_to_clb_I10[3:3]' will modelled as part of a connection block.
Direct 'clb_O[15:15]_to_clb_Ix[10:10]' will modelled as part of a connection block.
Direct 'clb_O[15:15]_to_clb_I11[0:0]' will modelled as part of a connection block.
Direct 'clb_O[15:15]_to_clb_I11[1:1]' will modelled as part of a connection block.
Direct 'clb_O[15:15]_to_clb_I11[2:2]' will modelled as part of a connection block.
Direct 'clb_O[15:15]_to_clb_I11[3:3]' will modelled as part of a connection block.
Direct 'clb_O[15:15]_to_clb_Ix[11:11]' will modelled as part of a connection block.
Direct 'clb_O[16:16]_to_clb_I0[0:0]' will modelled as part of a connection block.
Direct 'clb_O[16:16]_to_clb_I0[1:1]' will modelled as part of a connection block.
Direct 'clb_O[16:16]_to_clb_I0[2:2]' will modelled as part of a connection block.
Direct 'clb_O[16:16]_to_clb_I0[3:3]' will modelled as part of a connection block.
Direct 'clb_O[16:16]_to_clb_Ix[0:0]' will modelled as part of a connection block.
Direct 'clb_O[16:16]_to_clb_I1[0:0]' will modelled as part of a connection block.
Direct 'clb_O[16:16]_to_clb_I1[1:1]' will modelled as part of a connection block.
Direct 'clb_O[16:16]_to_clb_I1[2:2]' will modelled as part of a connection block.
Direct 'clb_O[16:16]_to_clb_I1[3:3]' will modelled as part of a connection block.
Direct 'clb_O[16:16]_to_clb_Ix[1:1]' will modelled as part of a connection block.
Direct 'clb_O[16:16]_to_clb_I2[0:0]' will modelled as part of a connection block.
Direct 'clb_O[16:16]_to_clb_I2[1:1]' will modelled as part of a connection block.
Direct 'clb_O[16:16]_to_clb_I2[2:2]' will modelled as part of a connection block.
Direct 'clb_O[16:16]_to_clb_I2[3:3]' will modelled as part of a connection block.
Direct 'clb_O[16:16]_to_clb_Ix[2:2]' will modelled as part of a connection block.
Direct 'clb_O[16:16]_to_clb_I3[0:0]' will modelled as part of a connection block.
Direct 'clb_O[16:16]_to_clb_I3[1:1]' will modelled as part of a connection block.
Direct 'clb_O[16:16]_to_clb_I3[2:2]' will modelled as part of a connection block.
Direct 'clb_O[16:16]_to_clb_I3[3:3]' will modelled as part of a connection block.
Direct 'clb_O[16:16]_to_clb_Ix[3:3]' will modelled as part of a connection block.
Direct 'clb_O[16:16]_to_clb_I4[0:0]' will modelled as part of a connection block.
Direct 'clb_O[16:16]_to_clb_I4[1:1]' will modelled as part of a connection block.
Direct 'clb_O[16:16]_to_clb_I4[2:2]' will modelled as part of a connection block.
Direct 'clb_O[16:16]_to_clb_I4[3:3]' will modelled as part of a connection block.
Direct 'clb_O[16:16]_to_clb_Ix[4:4]' will modelled as part of a connection block.
Direct 'clb_O[16:16]_to_clb_I5[0:0]' will modelled as part of a connection block.
Direct 'clb_O[16:16]_to_clb_I5[1:1]' will modelled as part of a connection block.
Direct 'clb_O[16:16]_to_clb_I5[2:2]' will modelled as part of a connection block.
Direct 'clb_O[16:16]_to_clb_I5[3:3]' will modelled as part of a connection block.
Direct 'clb_O[16:16]_to_clb_Ix[5:5]' will modelled as part of a connection block.
Direct 'clb_O[16:16]_to_clb_I6[0:0]' will modelled as part of a connection block.
Direct 'clb_O[16:16]_to_clb_I6[1:1]' will modelled as part of a connection block.
Direct 'clb_O[16:16]_to_clb_I6[2:2]' will modelled as part of a connection block.
Direct 'clb_O[16:16]_to_clb_I6[3:3]' will modelled as part of a connection block.
Direct 'clb_O[16:16]_to_clb_Ix[6:6]' will modelled as part of a connection block.
Direct 'clb_O[16:16]_to_clb_I7[0:0]' will modelled as part of a connection block.
Direct 'clb_O[16:16]_to_clb_I7[1:1]' will modelled as part of a connection block.
Direct 'clb_O[16:16]_to_clb_I7[2:2]' will modelled as part of a connection block.
Direct 'clb_O[16:16]_to_clb_I7[3:3]' will modelled as part of a connection block.
Direct 'clb_O[16:16]_to_clb_Ix[7:7]' will modelled as part of a connection block.
Direct 'clb_O[16:16]_to_clb_I8[0:0]' will modelled as part of a connection block.
Direct 'clb_O[16:16]_to_clb_I8[1:1]' will modelled as part of a connection block.
Direct 'clb_O[16:16]_to_clb_I8[2:2]' will modelled as part of a connection block.
Direct 'clb_O[16:16]_to_clb_I8[3:3]' will modelled as part of a connection block.
Direct 'clb_O[16:16]_to_clb_Ix[8:8]' will modelled as part of a connection block.
Direct 'clb_O[16:16]_to_clb_I9[0:0]' will modelled as part of a connection block.
Direct 'clb_O[16:16]_to_clb_I9[1:1]' will modelled as part of a connection block.
Direct 'clb_O[16:16]_to_clb_I9[2:2]' will modelled as part of a connection block.
Direct 'clb_O[16:16]_to_clb_I9[3:3]' will modelled as part of a connection block.
Direct 'clb_O[16:16]_to_clb_Ix[9:9]' will modelled as part of a connection block.
Direct 'clb_O[16:16]_to_clb_I10[0:0]' will modelled as part of a connection block.
Direct 'clb_O[16:16]_to_clb_I10[1:1]' will modelled as part of a connection block.
Direct 'clb_O[16:16]_to_clb_I10[2:2]' will modelled as part of a connection block.
Direct 'clb_O[16:16]_to_clb_I10[3:3]' will modelled as part of a connection block.
Direct 'clb_O[16:16]_to_clb_Ix[10:10]' will modelled as part of a connection block.
Direct 'clb_O[16:16]_to_clb_I11[0:0]' will modelled as part of a connection block.
Direct 'clb_O[16:16]_to_clb_I11[1:1]' will modelled as part of a connection block.
Direct 'clb_O[16:16]_to_clb_I11[2:2]' will modelled as part of a connection block.
Direct 'clb_O[16:16]_to_clb_I11[3:3]' will modelled as part of a connection block.
Direct 'clb_O[16:16]_to_clb_Ix[11:11]' will modelled as part of a connection block.
Direct 'clb_O[17:17]_to_clb_I0[0:0]' will modelled as part of a connection block.
Direct 'clb_O[17:17]_to_clb_I0[1:1]' will modelled as part of a connection block.
Direct 'clb_O[17:17]_to_clb_I0[2:2]' will modelled as part of a connection block.
Direct 'clb_O[17:17]_to_clb_I0[3:3]' will modelled as part of a connection block.
Direct 'clb_O[17:17]_to_clb_Ix[0:0]' will modelled as part of a connection block.
Direct 'clb_O[17:17]_to_clb_I1[0:0]' will modelled as part of a connection block.
Direct 'clb_O[17:17]_to_clb_I1[1:1]' will modelled as part of a connection block.
Direct 'clb_O[17:17]_to_clb_I1[2:2]' will modelled as part of a connection block.
Direct 'clb_O[17:17]_to_clb_I1[3:3]' will modelled as part of a connection block.
Direct 'clb_O[17:17]_to_clb_Ix[1:1]' will modelled as part of a connection block.
Direct 'clb_O[17:17]_to_clb_I2[0:0]' will modelled as part of a connection block.
Direct 'clb_O[17:17]_to_clb_I2[1:1]' will modelled as part of a connection block.
Direct 'clb_O[17:17]_to_clb_I2[2:2]' will modelled as part of a connection block.
Direct 'clb_O[17:17]_to_clb_I2[3:3]' will modelled as part of a connection block.
Direct 'clb_O[17:17]_to_clb_Ix[2:2]' will modelled as part of a connection block.
Direct 'clb_O[17:17]_to_clb_I3[0:0]' will modelled as part of a connection block.
Direct 'clb_O[17:17]_to_clb_I3[1:1]' will modelled as part of a connection block.
Direct 'clb_O[17:17]_to_clb_I3[2:2]' will modelled as part of a connection block.
Direct 'clb_O[17:17]_to_clb_I3[3:3]' will modelled as part of a connection block.
Direct 'clb_O[17:17]_to_clb_Ix[3:3]' will modelled as part of a connection block.
Direct 'clb_O[17:17]_to_clb_I4[0:0]' will modelled as part of a connection block.
Direct 'clb_O[17:17]_to_clb_I4[1:1]' will modelled as part of a connection block.
Direct 'clb_O[17:17]_to_clb_I4[2:2]' will modelled as part of a connection block.
Direct 'clb_O[17:17]_to_clb_I4[3:3]' will modelled as part of a connection block.
Direct 'clb_O[17:17]_to_clb_Ix[4:4]' will modelled as part of a connection block.
Direct 'clb_O[17:17]_to_clb_I5[0:0]' will modelled as part of a connection block.
Direct 'clb_O[17:17]_to_clb_I5[1:1]' will modelled as part of a connection block.
Direct 'clb_O[17:17]_to_clb_I5[2:2]' will modelled as part of a connection block.
Direct 'clb_O[17:17]_to_clb_I5[3:3]' will modelled as part of a connection block.
Direct 'clb_O[17:17]_to_clb_Ix[5:5]' will modelled as part of a connection block.
Direct 'clb_O[17:17]_to_clb_I6[0:0]' will modelled as part of a connection block.
Direct 'clb_O[17:17]_to_clb_I6[1:1]' will modelled as part of a connection block.
Direct 'clb_O[17:17]_to_clb_I6[2:2]' will modelled as part of a connection block.
Direct 'clb_O[17:17]_to_clb_I6[3:3]' will modelled as part of a connection block.
Direct 'clb_O[17:17]_to_clb_Ix[6:6]' will modelled as part of a connection block.
Direct 'clb_O[17:17]_to_clb_I7[0:0]' will modelled as part of a connection block.
Direct 'clb_O[17:17]_to_clb_I7[1:1]' will modelled as part of a connection block.
Direct 'clb_O[17:17]_to_clb_I7[2:2]' will modelled as part of a connection block.
Direct 'clb_O[17:17]_to_clb_I7[3:3]' will modelled as part of a connection block.
Direct 'clb_O[17:17]_to_clb_Ix[7:7]' will modelled as part of a connection block.
Direct 'clb_O[17:17]_to_clb_I8[0:0]' will modelled as part of a connection block.
Direct 'clb_O[17:17]_to_clb_I8[1:1]' will modelled as part of a connection block.
Direct 'clb_O[17:17]_to_clb_I8[2:2]' will modelled as part of a connection block.
Direct 'clb_O[17:17]_to_clb_I8[3:3]' will modelled as part of a connection block.
Direct 'clb_O[17:17]_to_clb_Ix[8:8]' will modelled as part of a connection block.
Direct 'clb_O[17:17]_to_clb_I9[0:0]' will modelled as part of a connection block.
Direct 'clb_O[17:17]_to_clb_I9[1:1]' will modelled as part of a connection block.
Direct 'clb_O[17:17]_to_clb_I9[2:2]' will modelled as part of a connection block.
Direct 'clb_O[17:17]_to_clb_I9[3:3]' will modelled as part of a connection block.
Direct 'clb_O[17:17]_to_clb_Ix[9:9]' will modelled as part of a connection block.
Direct 'clb_O[17:17]_to_clb_I10[0:0]' will modelled as part of a connection block.
Direct 'clb_O[17:17]_to_clb_I10[1:1]' will modelled as part of a connection block.
Direct 'clb_O[17:17]_to_clb_I10[2:2]' will modelled as part of a connection block.
Direct 'clb_O[17:17]_to_clb_I10[3:3]' will modelled as part of a connection block.
Direct 'clb_O[17:17]_to_clb_Ix[10:10]' will modelled as part of a connection block.
Direct 'clb_O[17:17]_to_clb_I11[0:0]' will modelled as part of a connection block.
Direct 'clb_O[17:17]_to_clb_I11[1:1]' will modelled as part of a connection block.
Direct 'clb_O[17:17]_to_clb_I11[2:2]' will modelled as part of a connection block.
Direct 'clb_O[17:17]_to_clb_I11[3:3]' will modelled as part of a connection block.
Direct 'clb_O[17:17]_to_clb_Ix[11:11]' will modelled as part of a connection block.
Direct 'clb_O[18:18]_to_clb_I0[0:0]' will modelled as part of a connection block.
Direct 'clb_O[18:18]_to_clb_I0[1:1]' will modelled as part of a connection block.
Direct 'clb_O[18:18]_to_clb_I0[2:2]' will modelled as part of a connection block.
Direct 'clb_O[18:18]_to_clb_I0[3:3]' will modelled as part of a connection block.
Direct 'clb_O[18:18]_to_clb_Ix[0:0]' will modelled as part of a connection block.
Direct 'clb_O[18:18]_to_clb_I1[0:0]' will modelled as part of a connection block.
Direct 'clb_O[18:18]_to_clb_I1[1:1]' will modelled as part of a connection block.
Direct 'clb_O[18:18]_to_clb_I1[2:2]' will modelled as part of a connection block.
Direct 'clb_O[18:18]_to_clb_I1[3:3]' will modelled as part of a connection block.
Direct 'clb_O[18:18]_to_clb_Ix[1:1]' will modelled as part of a connection block.
Direct 'clb_O[18:18]_to_clb_I2[0:0]' will modelled as part of a connection block.
Direct 'clb_O[18:18]_to_clb_I2[1:1]' will modelled as part of a connection block.
Direct 'clb_O[18:18]_to_clb_I2[2:2]' will modelled as part of a connection block.
Direct 'clb_O[18:18]_to_clb_I2[3:3]' will modelled as part of a connection block.
Direct 'clb_O[18:18]_to_clb_Ix[2:2]' will modelled as part of a connection block.
Direct 'clb_O[18:18]_to_clb_I3[0:0]' will modelled as part of a connection block.
Direct 'clb_O[18:18]_to_clb_I3[1:1]' will modelled as part of a connection block.
Direct 'clb_O[18:18]_to_clb_I3[2:2]' will modelled as part of a connection block.
Direct 'clb_O[18:18]_to_clb_I3[3:3]' will modelled as part of a connection block.
Direct 'clb_O[18:18]_to_clb_Ix[3:3]' will modelled as part of a connection block.
Direct 'clb_O[18:18]_to_clb_I4[0:0]' will modelled as part of a connection block.
Direct 'clb_O[18:18]_to_clb_I4[1:1]' will modelled as part of a connection block.
Direct 'clb_O[18:18]_to_clb_I4[2:2]' will modelled as part of a connection block.
Direct 'clb_O[18:18]_to_clb_I4[3:3]' will modelled as part of a connection block.
Direct 'clb_O[18:18]_to_clb_Ix[4:4]' will modelled as part of a connection block.
Direct 'clb_O[18:18]_to_clb_I5[0:0]' will modelled as part of a connection block.
Direct 'clb_O[18:18]_to_clb_I5[1:1]' will modelled as part of a connection block.
Direct 'clb_O[18:18]_to_clb_I5[2:2]' will modelled as part of a connection block.
Direct 'clb_O[18:18]_to_clb_I5[3:3]' will modelled as part of a connection block.
Direct 'clb_O[18:18]_to_clb_Ix[5:5]' will modelled as part of a connection block.
Direct 'clb_O[18:18]_to_clb_I6[0:0]' will modelled as part of a connection block.
Direct 'clb_O[18:18]_to_clb_I6[1:1]' will modelled as part of a connection block.
Direct 'clb_O[18:18]_to_clb_I6[2:2]' will modelled as part of a connection block.
Direct 'clb_O[18:18]_to_clb_I6[3:3]' will modelled as part of a connection block.
Direct 'clb_O[18:18]_to_clb_Ix[6:6]' will modelled as part of a connection block.
Direct 'clb_O[18:18]_to_clb_I7[0:0]' will modelled as part of a connection block.
Direct 'clb_O[18:18]_to_clb_I7[1:1]' will modelled as part of a connection block.
Direct 'clb_O[18:18]_to_clb_I7[2:2]' will modelled as part of a connection block.
Direct 'clb_O[18:18]_to_clb_I7[3:3]' will modelled as part of a connection block.
Direct 'clb_O[18:18]_to_clb_Ix[7:7]' will modelled as part of a connection block.
Direct 'clb_O[18:18]_to_clb_I8[0:0]' will modelled as part of a connection block.
Direct 'clb_O[18:18]_to_clb_I8[1:1]' will modelled as part of a connection block.
Direct 'clb_O[18:18]_to_clb_I8[2:2]' will modelled as part of a connection block.
Direct 'clb_O[18:18]_to_clb_I8[3:3]' will modelled as part of a connection block.
Direct 'clb_O[18:18]_to_clb_Ix[8:8]' will modelled as part of a connection block.
Direct 'clb_O[18:18]_to_clb_I9[0:0]' will modelled as part of a connection block.
Direct 'clb_O[18:18]_to_clb_I9[1:1]' will modelled as part of a connection block.
Direct 'clb_O[18:18]_to_clb_I9[2:2]' will modelled as part of a connection block.
Direct 'clb_O[18:18]_to_clb_I9[3:3]' will modelled as part of a connection block.
Direct 'clb_O[18:18]_to_clb_Ix[9:9]' will modelled as part of a connection block.
Direct 'clb_O[18:18]_to_clb_I10[0:0]' will modelled as part of a connection block.
Direct 'clb_O[18:18]_to_clb_I10[1:1]' will modelled as part of a connection block.
Direct 'clb_O[18:18]_to_clb_I10[2:2]' will modelled as part of a connection block.
Direct 'clb_O[18:18]_to_clb_I10[3:3]' will modelled as part of a connection block.
Direct 'clb_O[18:18]_to_clb_Ix[10:10]' will modelled as part of a connection block.
Direct 'clb_O[18:18]_to_clb_I11[0:0]' will modelled as part of a connection block.
Direct 'clb_O[18:18]_to_clb_I11[1:1]' will modelled as part of a connection block.
Direct 'clb_O[18:18]_to_clb_I11[2:2]' will modelled as part of a connection block.
Direct 'clb_O[18:18]_to_clb_I11[3:3]' will modelled as part of a connection block.
Direct 'clb_O[18:18]_to_clb_Ix[11:11]' will modelled as part of a connection block.
Direct 'clb_O[19:19]_to_clb_I0[0:0]' will modelled as part of a connection block.
Direct 'clb_O[19:19]_to_clb_I0[1:1]' will modelled as part of a connection block.
Direct 'clb_O[19:19]_to_clb_I0[2:2]' will modelled as part of a connection block.
Direct 'clb_O[19:19]_to_clb_I0[3:3]' will modelled as part of a connection block.
Direct 'clb_O[19:19]_to_clb_Ix[0:0]' will modelled as part of a connection block.
Direct 'clb_O[19:19]_to_clb_I1[0:0]' will modelled as part of a connection block.
Direct 'clb_O[19:19]_to_clb_I1[1:1]' will modelled as part of a connection block.
Direct 'clb_O[19:19]_to_clb_I1[2:2]' will modelled as part of a connection block.
Direct 'clb_O[19:19]_to_clb_I1[3:3]' will modelled as part of a connection block.
Direct 'clb_O[19:19]_to_clb_Ix[1:1]' will modelled as part of a connection block.
Direct 'clb_O[19:19]_to_clb_I2[0:0]' will modelled as part of a connection block.
Direct 'clb_O[19:19]_to_clb_I2[1:1]' will modelled as part of a connection block.
Direct 'clb_O[19:19]_to_clb_I2[2:2]' will modelled as part of a connection block.
Direct 'clb_O[19:19]_to_clb_I2[3:3]' will modelled as part of a connection block.
Direct 'clb_O[19:19]_to_clb_Ix[2:2]' will modelled as part of a connection block.
Direct 'clb_O[19:19]_to_clb_I3[0:0]' will modelled as part of a connection block.
Direct 'clb_O[19:19]_to_clb_I3[1:1]' will modelled as part of a connection block.
Direct 'clb_O[19:19]_to_clb_I3[2:2]' will modelled as part of a connection block.
Direct 'clb_O[19:19]_to_clb_I3[3:3]' will modelled as part of a connection block.
Direct 'clb_O[19:19]_to_clb_Ix[3:3]' will modelled as part of a connection block.
Direct 'clb_O[19:19]_to_clb_I4[0:0]' will modelled as part of a connection block.
Direct 'clb_O[19:19]_to_clb_I4[1:1]' will modelled as part of a connection block.
Direct 'clb_O[19:19]_to_clb_I4[2:2]' will modelled as part of a connection block.
Direct 'clb_O[19:19]_to_clb_I4[3:3]' will modelled as part of a connection block.
Direct 'clb_O[19:19]_to_clb_Ix[4:4]' will modelled as part of a connection block.
Direct 'clb_O[19:19]_to_clb_I5[0:0]' will modelled as part of a connection block.
Direct 'clb_O[19:19]_to_clb_I5[1:1]' will modelled as part of a connection block.
Direct 'clb_O[19:19]_to_clb_I5[2:2]' will modelled as part of a connection block.
Direct 'clb_O[19:19]_to_clb_I5[3:3]' will modelled as part of a connection block.
Direct 'clb_O[19:19]_to_clb_Ix[5:5]' will modelled as part of a connection block.
Direct 'clb_O[19:19]_to_clb_I6[0:0]' will modelled as part of a connection block.
Direct 'clb_O[19:19]_to_clb_I6[1:1]' will modelled as part of a connection block.
Direct 'clb_O[19:19]_to_clb_I6[2:2]' will modelled as part of a connection block.
Direct 'clb_O[19:19]_to_clb_I6[3:3]' will modelled as part of a connection block.
Direct 'clb_O[19:19]_to_clb_Ix[6:6]' will modelled as part of a connection block.
Direct 'clb_O[19:19]_to_clb_I7[0:0]' will modelled as part of a connection block.
Direct 'clb_O[19:19]_to_clb_I7[1:1]' will modelled as part of a connection block.
Direct 'clb_O[19:19]_to_clb_I7[2:2]' will modelled as part of a connection block.
Direct 'clb_O[19:19]_to_clb_I7[3:3]' will modelled as part of a connection block.
Direct 'clb_O[19:19]_to_clb_Ix[7:7]' will modelled as part of a connection block.
Direct 'clb_O[19:19]_to_clb_I8[0:0]' will modelled as part of a connection block.
Direct 'clb_O[19:19]_to_clb_I8[1:1]' will modelled as part of a connection block.
Direct 'clb_O[19:19]_to_clb_I8[2:2]' will modelled as part of a connection block.
Direct 'clb_O[19:19]_to_clb_I8[3:3]' will modelled as part of a connection block.
Direct 'clb_O[19:19]_to_clb_Ix[8:8]' will modelled as part of a connection block.
Direct 'clb_O[19:19]_to_clb_I9[0:0]' will modelled as part of a connection block.
Direct 'clb_O[19:19]_to_clb_I9[1:1]' will modelled as part of a connection block.
Direct 'clb_O[19:19]_to_clb_I9[2:2]' will modelled as part of a connection block.
Direct 'clb_O[19:19]_to_clb_I9[3:3]' will modelled as part of a connection block.
Direct 'clb_O[19:19]_to_clb_Ix[9:9]' will modelled as part of a connection block.
Direct 'clb_O[19:19]_to_clb_I10[0:0]' will modelled as part of a connection block.
Direct 'clb_O[19:19]_to_clb_I10[1:1]' will modelled as part of a connection block.
Direct 'clb_O[19:19]_to_clb_I10[2:2]' will modelled as part of a connection block.
Direct 'clb_O[19:19]_to_clb_I10[3:3]' will modelled as part of a connection block.
Direct 'clb_O[19:19]_to_clb_Ix[10:10]' will modelled as part of a connection block.
Direct 'clb_O[19:19]_to_clb_I11[0:0]' will modelled as part of a connection block.
Direct 'clb_O[19:19]_to_clb_I11[1:1]' will modelled as part of a connection block.
Direct 'clb_O[19:19]_to_clb_I11[2:2]' will modelled as part of a connection block.
Direct 'clb_O[19:19]_to_clb_I11[3:3]' will modelled as part of a connection block.
Direct 'clb_O[19:19]_to_clb_Ix[11:11]' will modelled as part of a connection block.
Direct 'clb_O[20:20]_to_clb_I0[1:1]' will modelled as part of a connection block.
Direct 'clb_O[20:20]_to_clb_I0[2:2]' will modelled as part of a connection block.
Direct 'clb_O[20:20]_to_clb_I0[3:3]' will modelled as part of a connection block.
Direct 'clb_O[20:20]_to_clb_Ix[0:0]' will modelled as part of a connection block.
Direct 'clb_O[20:20]_to_clb_I1[1:1]' will modelled as part of a connection block.
Direct 'clb_O[20:20]_to_clb_I1[2:2]' will modelled as part of a connection block.
Direct 'clb_O[20:20]_to_clb_I1[3:3]' will modelled as part of a connection block.
Direct 'clb_O[20:20]_to_clb_Ix[1:1]' will modelled as part of a connection block.
Direct 'clb_O[20:20]_to_clb_I2[1:1]' will modelled as part of a connection block.
Direct 'clb_O[20:20]_to_clb_I2[2:2]' will modelled as part of a connection block.
Direct 'clb_O[20:20]_to_clb_I2[3:3]' will modelled as part of a connection block.
Direct 'clb_O[20:20]_to_clb_Ix[2:2]' will modelled as part of a connection block.
Direct 'clb_O[20:20]_to_clb_I3[1:1]' will modelled as part of a connection block.
Direct 'clb_O[20:20]_to_clb_I3[2:2]' will modelled as part of a connection block.
Direct 'clb_O[20:20]_to_clb_I3[3:3]' will modelled as part of a connection block.
Direct 'clb_O[20:20]_to_clb_Ix[3:3]' will modelled as part of a connection block.
Direct 'clb_O[20:20]_to_clb_I4[1:1]' will modelled as part of a connection block.
Direct 'clb_O[20:20]_to_clb_I4[2:2]' will modelled as part of a connection block.
Direct 'clb_O[20:20]_to_clb_I4[3:3]' will modelled as part of a connection block.
Direct 'clb_O[20:20]_to_clb_Ix[4:4]' will modelled as part of a connection block.
Direct 'clb_O[20:20]_to_clb_I5[1:1]' will modelled as part of a connection block.
Direct 'clb_O[20:20]_to_clb_I5[2:2]' will modelled as part of a connection block.
Direct 'clb_O[20:20]_to_clb_I5[3:3]' will modelled as part of a connection block.
Direct 'clb_O[20:20]_to_clb_Ix[5:5]' will modelled as part of a connection block.
Direct 'clb_O[20:20]_to_clb_I6[1:1]' will modelled as part of a connection block.
Direct 'clb_O[20:20]_to_clb_I6[2:2]' will modelled as part of a connection block.
Direct 'clb_O[20:20]_to_clb_I6[3:3]' will modelled as part of a connection block.
Direct 'clb_O[20:20]_to_clb_Ix[6:6]' will modelled as part of a connection block.
Direct 'clb_O[20:20]_to_clb_I7[1:1]' will modelled as part of a connection block.
Direct 'clb_O[20:20]_to_clb_I7[2:2]' will modelled as part of a connection block.
Direct 'clb_O[20:20]_to_clb_I7[3:3]' will modelled as part of a connection block.
Direct 'clb_O[20:20]_to_clb_Ix[7:7]' will modelled as part of a connection block.
Direct 'clb_O[20:20]_to_clb_I8[1:1]' will modelled as part of a connection block.
Direct 'clb_O[20:20]_to_clb_I8[2:2]' will modelled as part of a connection block.
Direct 'clb_O[20:20]_to_clb_I8[3:3]' will modelled as part of a connection block.
Direct 'clb_O[20:20]_to_clb_Ix[8:8]' will modelled as part of a connection block.
Direct 'clb_O[20:20]_to_clb_I9[1:1]' will modelled as part of a connection block.
Direct 'clb_O[20:20]_to_clb_I9[2:2]' will modelled as part of a connection block.
Direct 'clb_O[20:20]_to_clb_I9[3:3]' will modelled as part of a connection block.
Direct 'clb_O[20:20]_to_clb_Ix[9:9]' will modelled as part of a connection block.
Direct 'clb_O[20:20]_to_clb_I10[1:1]' will modelled as part of a connection block.
Direct 'clb_O[20:20]_to_clb_I10[2:2]' will modelled as part of a connection block.
Direct 'clb_O[20:20]_to_clb_I10[3:3]' will modelled as part of a connection block.
Direct 'clb_O[20:20]_to_clb_Ix[10:10]' will modelled as part of a connection block.
Direct 'clb_O[20:20]_to_clb_I11[1:1]' will modelled as part of a connection block.
Direct 'clb_O[20:20]_to_clb_I11[2:2]' will modelled as part of a connection block.
Direct 'clb_O[20:20]_to_clb_I11[3:3]' will modelled as part of a connection block.
Direct 'clb_O[20:20]_to_clb_Ix[11:11]' will modelled as part of a connection block.
Direct 'clb_O[21:21]_to_clb_I0[2:2]' will modelled as part of a connection block.
Direct 'clb_O[21:21]_to_clb_I0[3:3]' will modelled as part of a connection block.
Direct 'clb_O[21:21]_to_clb_Ix[0:0]' will modelled as part of a connection block.
Direct 'clb_O[21:21]_to_clb_I1[2:2]' will modelled as part of a connection block.
Direct 'clb_O[21:21]_to_clb_I1[3:3]' will modelled as part of a connection block.
Direct 'clb_O[21:21]_to_clb_Ix[1:1]' will modelled as part of a connection block.
Direct 'clb_O[21:21]_to_clb_I2[2:2]' will modelled as part of a connection block.
Direct 'clb_O[21:21]_to_clb_I2[3:3]' will modelled as part of a connection block.
Direct 'clb_O[21:21]_to_clb_Ix[2:2]' will modelled as part of a connection block.
Direct 'clb_O[21:21]_to_clb_I3[2:2]' will modelled as part of a connection block.
Direct 'clb_O[21:21]_to_clb_I3[3:3]' will modelled as part of a connection block.
Direct 'clb_O[21:21]_to_clb_Ix[3:3]' will modelled as part of a connection block.
Direct 'clb_O[21:21]_to_clb_I4[2:2]' will modelled as part of a connection block.
Direct 'clb_O[21:21]_to_clb_I4[3:3]' will modelled as part of a connection block.
Direct 'clb_O[21:21]_to_clb_Ix[4:4]' will modelled as part of a connection block.
Direct 'clb_O[21:21]_to_clb_I5[2:2]' will modelled as part of a connection block.
Direct 'clb_O[21:21]_to_clb_I5[3:3]' will modelled as part of a connection block.
Direct 'clb_O[21:21]_to_clb_Ix[5:5]' will modelled as part of a connection block.
Direct 'clb_O[21:21]_to_clb_I6[2:2]' will modelled as part of a connection block.
Direct 'clb_O[21:21]_to_clb_I6[3:3]' will modelled as part of a connection block.
Direct 'clb_O[21:21]_to_clb_Ix[6:6]' will modelled as part of a connection block.
Direct 'clb_O[21:21]_to_clb_I7[2:2]' will modelled as part of a connection block.
Direct 'clb_O[21:21]_to_clb_I7[3:3]' will modelled as part of a connection block.
Direct 'clb_O[21:21]_to_clb_Ix[7:7]' will modelled as part of a connection block.
Direct 'clb_O[21:21]_to_clb_I8[2:2]' will modelled as part of a connection block.
Direct 'clb_O[21:21]_to_clb_I8[3:3]' will modelled as part of a connection block.
Direct 'clb_O[21:21]_to_clb_Ix[8:8]' will modelled as part of a connection block.
Direct 'clb_O[21:21]_to_clb_I9[2:2]' will modelled as part of a connection block.
Direct 'clb_O[21:21]_to_clb_I9[3:3]' will modelled as part of a connection block.
Direct 'clb_O[21:21]_to_clb_Ix[9:9]' will modelled as part of a connection block.
Direct 'clb_O[21:21]_to_clb_I10[2:2]' will modelled as part of a connection block.
Direct 'clb_O[21:21]_to_clb_I10[3:3]' will modelled as part of a connection block.
Direct 'clb_O[21:21]_to_clb_Ix[10:10]' will modelled as part of a connection block.
Direct 'clb_O[21:21]_to_clb_I11[2:2]' will modelled as part of a connection block.
Direct 'clb_O[21:21]_to_clb_I11[3:3]' will modelled as part of a connection block.
Direct 'clb_O[21:21]_to_clb_Ix[11:11]' will modelled as part of a connection block.
Direct 'clb_O[22:22]_to_clb_I0[3:3]' will modelled as part of a connection block.
Direct 'clb_O[22:22]_to_clb_Ix[0:0]' will modelled as part of a connection block.
Direct 'clb_O[22:22]_to_clb_I1[3:3]' will modelled as part of a connection block.
Direct 'clb_O[22:22]_to_clb_Ix[1:1]' will modelled as part of a connection block.
Direct 'clb_O[22:22]_to_clb_I2[3:3]' will modelled as part of a connection block.
Direct 'clb_O[22:22]_to_clb_Ix[2:2]' will modelled as part of a connection block.
Direct 'clb_O[22:22]_to_clb_I3[3:3]' will modelled as part of a connection block.
Direct 'clb_O[22:22]_to_clb_Ix[3:3]' will modelled as part of a connection block.
Direct 'clb_O[22:22]_to_clb_I4[3:3]' will modelled as part of a connection block.
Direct 'clb_O[22:22]_to_clb_Ix[4:4]' will modelled as part of a connection block.
Direct 'clb_O[22:22]_to_clb_I5[3:3]' will modelled as part of a connection block.
Direct 'clb_O[22:22]_to_clb_Ix[5:5]' will modelled as part of a connection block.
Direct 'clb_O[22:22]_to_clb_I6[3:3]' will modelled as part of a connection block.
Direct 'clb_O[22:22]_to_clb_Ix[6:6]' will modelled as part of a connection block.
Direct 'clb_O[22:22]_to_clb_I7[3:3]' will modelled as part of a connection block.
Direct 'clb_O[22:22]_to_clb_Ix[7:7]' will modelled as part of a connection block.
Direct 'clb_O[22:22]_to_clb_I8[3:3]' will modelled as part of a connection block.
Direct 'clb_O[22:22]_to_clb_Ix[8:8]' will modelled as part of a connection block.
Direct 'clb_O[22:22]_to_clb_I9[3:3]' will modelled as part of a connection block.
Direct 'clb_O[22:22]_to_clb_Ix[9:9]' will modelled as part of a connection block.
Direct 'clb_O[22:22]_to_clb_I10[3:3]' will modelled as part of a connection block.
Direct 'clb_O[22:22]_to_clb_Ix[10:10]' will modelled as part of a connection block.
Direct 'clb_O[22:22]_to_clb_I11[3:3]' will modelled as part of a connection block.
Direct 'clb_O[22:22]_to_clb_Ix[11:11]' will modelled as part of a connection block.
Direct 'clb_O[23:23]_to_clb_Ix[0:0]' will modelled as part of a connection block.
Direct 'clb_O[23:23]_to_clb_Ix[1:1]' will modelled as part of a connection block.
Direct 'clb_O[23:23]_to_clb_Ix[2:2]' will modelled as part of a connection block.
Direct 'clb_O[23:23]_to_clb_Ix[3:3]' will modelled as part of a connection block.
Direct 'clb_O[23:23]_to_clb_Ix[4:4]' will modelled as part of a connection block.
Direct 'clb_O[23:23]_to_clb_Ix[5:5]' will modelled as part of a connection block.
Direct 'clb_O[23:23]_to_clb_Ix[6:6]' will modelled as part of a connection block.
Direct 'clb_O[23:23]_to_clb_Ix[7:7]' will modelled as part of a connection block.
Direct 'clb_O[23:23]_to_clb_Ix[8:8]' will modelled as part of a connection block.
Direct 'clb_O[23:23]_to_clb_Ix[9:9]' will modelled as part of a connection block.
Direct 'clb_O[23:23]_to_clb_Ix[10:10]' will modelled as part of a connection block.
Direct 'clb_O[23:23]_to_clb_Ix[11:11]' will modelled as part of a connection block.
Read OpenFPGA architecture took 0.03 seconds (max_rss 70.7 MiB, delta_rss +0.0 MiB)
Check circuit library
Checking circuit library passed.
Check circuit library took 0.00 seconds (max_rss 70.7 MiB, delta_rss +0.0 MiB)
Found 0 errors when checking configurable memory circuit models!
Found 0 errors when checking configuration protocol!
Found 0 errors when checking tile annotation!

Command line to execute: read_openfpga_simulation_setting -f /home/yhjiang/work_space/0703_aaee/aaee/etc/device/ALKDLe/openfpga_settings/efpga_fix_sim_openfpga.xml

Confirm selected options when call command 'read_openfpga_simulation_setting':
--file, -f: /home/yhjiang/work_space/0703_aaee/aaee/etc/device/ALKDLe/openfpga_settings/efpga_fix_sim_openfpga.xml
Reading XML simulation setting '/home/yhjiang/work_space/0703_aaee/aaee/etc/device/ALKDLe/openfpga_settings/efpga_fix_sim_openfpga.xml'...
Read OpenFPGA simulation settings
Read OpenFPGA simulation settings took 0.00 seconds (max_rss 70.7 MiB, delta_rss +0.0 MiB)

Command line to execute: read_openfpga_bitstream_setting -f /home/yhjiang/Downloads/for_xianglong/ID_0167/run/all/AAEE/../alkaid_exto_akL2K_s40/alkaid_ex_bitstream/iter0/arch/openfpga_bitstream_setting.xml --append

Confirm selected options when call command 'read_openfpga_bitstream_setting':
--file, -f: /home/yhjiang/Downloads/for_xianglong/ID_0167/run/all/AAEE/../alkaid_exto_akL2K_s40/alkaid_ex_bitstream/iter0/arch/openfpga_bitstream_setting.xml
--append: on
Reading XML bitstream setting '/home/yhjiang/Downloads/for_xianglong/ID_0167/run/all/AAEE/../alkaid_exto_akL2K_s40/alkaid_ex_bitstream/iter0/arch/openfpga_bitstream_setting.xml'...
Read OpenFPGA bitstream settings
Read OpenFPGA bitstream settings took 0.00 seconds (max_rss 70.7 MiB, delta_rss +0.0 MiB)

Command line to execute: read_openfpga_clock_arch -f /home/yhjiang/Downloads/for_xianglong/ID_0167/run/all/AAEE/../alkaid_exto_akL2K_s40/alkaid_ex_bitstream/iter0/arch/openfpga_global_network.xml

Confirm selected options when call command 'read_openfpga_clock_arch':
--file, -f: /home/yhjiang/Downloads/for_xianglong/ID_0167/run/all/AAEE/../alkaid_exto_akL2K_s40/alkaid_ex_bitstream/iter0/arch/openfpga_global_network.xml
Reading XML clock architecture '/home/yhjiang/Downloads/for_xianglong/ID_0167/run/all/AAEE/../alkaid_exto_akL2K_s40/alkaid_ex_bitstream/iter0/arch/openfpga_global_network.xml'...
Read clock network
Read clock network took 0.01 seconds (max_rss 70.7 MiB, delta_rss +0.0 MiB)

Command line to execute: append_clock_rr_graph

Confirm selected options when call command 'append_clock_rr_graph':
--verbose: off
Append clock network to routing resource graph
# Appending programmable clock network to routing resource graph
Appended 4368 clock nodes (+0.00%) and 51168 clock edges to routing resource graph.
# Appending programmable clock network to routing resource graph took 14.18 seconds (max_rss 70.7 MiB, delta_rss +0.0 MiB)
Append clock network to routing resource graph took 14.18 seconds (max_rss 70.7 MiB, delta_rss +0.0 MiB)

Command line to execute: link_openfpga_arch --sort_gsb_chan_node_in_edges

Confirm selected options when call command 'link_openfpga_arch':
--activity_file: off
--sort_gsb_chan_node_in_edges: on
--reorder_incoming_edges: off
--verbose: off
Link OpenFPGA architecture to VPR architecture
# Build fast look-up for physical tile pins
# Build fast look-up for physical tile pins took 0.00 seconds (max_rss 70.7 MiB, delta_rss +0.0 MiB)
# Identify physical equivalent sites for subtiles
Auto infer equivalent site 'clb' under subtile 'clb' as the physical one
Auto infer equivalent site 'ckbuf' under subtile 'ckbuf' as the physical one
# Identify physical equivalent sites for subtiles took 0.00 seconds (max_rss 70.7 MiB, delta_rss +0.0 MiB)

Building annotation for physical modes in pb_type...Done
Check physical mode annotation for pb_types passed.

Building annotation about physical types for pb_type interconnection...Done

Building annotation between operating and physical pb_types...Done
Check physical pb_type annotation for pb_types passed.

Building annotation between physical pb_types and circuit models...Done
Check physical pb_type annotation for circuit model passed.

Building annotation between physical pb_types and mode selection bits...Done
Check pb_type annotation for mode selection bits passed.
Assigning unique indices for primitive pb_graph nodes...Done
Binding operating pb_graph nodes/pins to physical pb_graph nodes/pins...Done
Check pb_graph annotation for physical nodes and pins passed.
Binded 8 routing resource graph switches to circuit models
Binded 6 routing segments to circuit models
Binded 1201 direct connections to circuit models
# Annotating rr_node with routed nets
# Annotating rr_node with routed nets took 0.00 seconds (max_rss 70.7 MiB, delta_rss +0.0 MiB)
Loaded node-to-net mapping
Annotating previous nodes for rr_node...Warning 1619: Override the previous node 'IPIN:26578 side: (RIGHT,) (11,12,0)' by previous node 'IPIN:26579 side: (RIGHT,) (11,12,0)' for node 'SINK:26473  (11,12,0)' with in routing context annotation!
Done with 0 nodes mapping
# Build General Switch Block(GSB) annotation on top of routing resource graph
[0%] Backannotated GSB[0][0][1%] Backannotated GSB[0][1][1%] Backannotated GSB[0][2][2%] Backannotated GSB[0][3][2%] Backannotated GSB[0][4][3%] Backannotated GSB[0][5][3%] Backannotated GSB[0][6][4%] Backannotated GSB[0][7][4%] Backannotated GSB[0][8][5%] Backannotated GSB[0][9][5%] Backannotated GSB[0][10][6%] Backannotated GSB[0][11][6%] Backannotated GSB[0][12][7%] Backannotated GSB[0][13][7%] Backannotated GSB[1][0][8%] Backannotated GSB[1][1][8%] Backannotated GSB[1][2][9%] Backannotated GSB[1][3][9%] Backannotated GSB[1][4][10%] Backannotated GSB[1][5][10%] Backannotated GSB[1][6][11%] Backannotated GSB[1][7][11%] Backannotated GSB[1][8][12%] Backannotated GSB[1][9][12%] Backannotated GSB[1][10][13%] Backannotated GSB[1][11][13%] Backannotated GSB[1][12][14%] Backannotated GSB[1][13][14%] Backannotated GSB[2][0][15%] Backannotated GSB[2][1][15%] Backannotated GSB[2][2][16%] Backannotated GSB[2][3][16%] Backannotated GSB[2][4][17%] Backannotated GSB[2][5][17%] Backannotated GSB[2][6][18%] Backannotated GSB[2][7][18%] Backannotated GSB[2][8][19%] Backannotated GSB[2][9][19%] Backannotated GSB[2][10][20%] Backannotated GSB[2][11][20%] Backannotated GSB[2][12][21%] Backannotated GSB[2][13][21%] Backannotated GSB[3][0][22%] Backannotated GSB[3][1][22%] Backannotated GSB[3][2][23%] Backannotated GSB[3][3][23%] Backannotated GSB[3][4][24%] Backannotated GSB[3][5][25%] Backannotated GSB[3][6][25%] Backannotated GSB[3][7][26%] Backannotated GSB[3][8][26%] Backannotated GSB[3][9][27%] Backannotated GSB[3][10][27%] Backannotated GSB[3][11][28%] Backannotated GSB[3][12][28%] Backannotated GSB[3][13][29%] Backannotated GSB[4][0][29%] Backannotated GSB[4][1][30%] Backannotated GSB[4][2][30%] Backannotated GSB[4][3][31%] Backannotated GSB[4][4][31%] Backannotated GSB[4][5][32%] Backannotated GSB[4][6][32%] Backannotated GSB[4][7][33%] Backannotated GSB[4][8][33%] Backannotated GSB[4][9][34%] Backannotated GSB[4][10][34%] Backannotated GSB[4][11][35%] Backannotated GSB[4][12][35%] Backannotated GSB[4][13][36%] Backannotated GSB[5][0][36%] Backannotated GSB[5][1][37%] Backannotated GSB[5][2][37%] Backannotated GSB[5][3][38%] Backannotated GSB[5][4][38%] Backannotated GSB[5][5][39%] Backannotated GSB[5][6][39%] Backannotated GSB[5][7][40%] Backannotated GSB[5][8][40%] Backannotated GSB[5][9][41%] Backannotated GSB[5][10][41%] Backannotated GSB[5][11][42%] Backannotated GSB[5][12][42%] Backannotated GSB[5][13][43%] Backannotated GSB[6][0][43%] Backannotated GSB[6][1][44%] Backannotated GSB[6][2][44%] Backannotated GSB[6][3][45%] Backannotated GSB[6][4][45%] Backannotated GSB[6][5][46%] Backannotated GSB[6][6][46%] Backannotated GSB[6][7][47%] Backannotated GSB[6][8][47%] Backannotated GSB[6][9][48%] Backannotated GSB[6][10][48%] Backannotated GSB[6][11][49%] Backannotated GSB[6][12][50%] Backannotated GSB[6][13][50%] Backannotated GSB[7][0][51%] Backannotated GSB[7][1][51%] Backannotated GSB[7][2][52%] Backannotated GSB[7][3][52%] Backannotated GSB[7][4][53%] Backannotated GSB[7][5][53%] Backannotated GSB[7][6][54%] Backannotated GSB[7][7][54%] Backannotated GSB[7][8][55%] Backannotated GSB[7][9][55%] Backannotated GSB[7][10][56%] Backannotated GSB[7][11][56%] Backannotated GSB[7][12][57%] Backannotated GSB[7][13][57%] Backannotated GSB[8][0][58%] Backannotated GSB[8][1][58%] Backannotated GSB[8][2][59%] Backannotated GSB[8][3][59%] Backannotated GSB[8][4][60%] Backannotated GSB[8][5][60%] Backannotated GSB[8][6][61%] Backannotated GSB[8][7][61%] Backannotated GSB[8][8][62%] Backannotated GSB[8][9][62%] Backannotated GSB[8][10][63%] Backannotated GSB[8][11][63%] Backannotated GSB[8][12][64%] Backannotated GSB[8][13][64%] Backannotated GSB[9][0][65%] Backannotated GSB[9][1][65%] Backannotated GSB[9][2][66%] Backannotated GSB[9][3][66%] Backannotated GSB[9][4][67%] Backannotated GSB[9][5][67%] Backannotated GSB[9][6][68%] Backannotated GSB[9][7][68%] Backannotated GSB[9][8][69%] Backannotated GSB[9][9][69%] Backannotated GSB[9][10][70%] Backannotated GSB[9][11][70%] Backannotated GSB[9][12][71%] Backannotated GSB[9][13][71%] Backannotated GSB[10][0][72%] Backannotated GSB[10][1][72%] Backannotated GSB[10][2][73%] Backannotated GSB[10][3][73%] Backannotated GSB[10][4][74%] Backannotated GSB[10][5][75%] Backannotated GSB[10][6][75%] Backannotated GSB[10][7][76%] Backannotated GSB[10][8][76%] Backannotated GSB[10][9][77%] Backannotated GSB[10][10][77%] Backannotated GSB[10][11][78%] Backannotated GSB[10][12][78%] Backannotated GSB[10][13][79%] Backannotated GSB[11][0][79%] Backannotated GSB[11][1][80%] Backannotated GSB[11][2][80%] Backannotated GSB[11][3][81%] Backannotated GSB[11][4][81%] Backannotated GSB[11][5][82%] Backannotated GSB[11][6][82%] Backannotated GSB[11][7][83%] Backannotated GSB[11][8][83%] Backannotated GSB[11][9][84%] Backannotated GSB[11][10][84%] Backannotated GSB[11][11][85%] Backannotated GSB[11][12][85%] Backannotated GSB[11][13][86%] Backannotated GSB[12][0][86%] Backannotated GSB[12][1][87%] Backannotated GSB[12][2][87%] Backannotated GSB[12][3][88%] Backannotated GSB[12][4][88%] Backannotated GSB[12][5][89%] Backannotated GSB[12][6][89%] Backannotated GSB[12][7][90%] Backannotated GSB[12][8][90%] Backannotated GSB[12][9][91%] Backannotated GSB[12][10][91%] Backannotated GSB[12][11][92%] Backannotated GSB[12][12][92%] Backannotated GSB[12][13][93%] Backannotated GSB[13][0][93%] Backannotated GSB[13][1][94%] Backannotated GSB[13][2][94%] Backannotated GSB[13][3][95%] Backannotated GSB[13][4][95%] Backannotated GSB[13][5][96%] Backannotated GSB[13][6][96%] Backannotated GSB[13][7][97%] Backannotated GSB[13][8][97%] Backannotated GSB[13][9][98%] Backannotated GSB[13][10][98%] Backannotated GSB[13][11][99%] Backannotated GSB[13][12][100%] Backannotated GSB[13][13]Backannotated 196 General Switch Blocks (GSBs).
# Build General Switch Block(GSB) annotation on top of routing resource graph took 0.51 seconds (max_rss 70.7 MiB, delta_rss +0.0 MiB)
# Sort incoming edges for each routing track output node of General Switch Block(GSB)
[0%] Sorted incoming edges for each routing track output node of GSB[0][0][1%] Sorted incoming edges for each routing track output node of GSB[0][1][1%] Sorted incoming edges for each routing track output node of GSB[0][2][2%] Sorted incoming edges for each routing track output node of GSB[0][3][2%] Sorted incoming edges for each routing track output node of GSB[0][4][3%] Sorted incoming edges for each routing track output node of GSB[0][5][3%] Sorted incoming edges for each routing track output node of GSB[0][6][4%] Sorted incoming edges for each routing track output node of GSB[0][7][4%] Sorted incoming edges for each routing track output node of GSB[0][8][5%] Sorted incoming edges for each routing track output node of GSB[0][9][5%] Sorted incoming edges for each routing track output node of GSB[0][10][6%] Sorted incoming edges for each routing track output node of GSB[0][11][6%] Sorted incoming edges for each routing track output node of GSB[0][12][7%] Sorted incoming edges for each routing track output node of GSB[0][13][7%] Sorted incoming edges for each routing track output node of GSB[1][0][8%] Sorted incoming edges for each routing track output node of GSB[1][1][8%] Sorted incoming edges for each routing track output node of GSB[1][2][9%] Sorted incoming edges for each routing track output node of GSB[1][3][9%] Sorted incoming edges for each routing track output node of GSB[1][4][10%] Sorted incoming edges for each routing track output node of GSB[1][5][10%] Sorted incoming edges for each routing track output node of GSB[1][6][11%] Sorted incoming edges for each routing track output node of GSB[1][7][11%] Sorted incoming edges for each routing track output node of GSB[1][8][12%] Sorted incoming edges for each routing track output node of GSB[1][9][12%] Sorted incoming edges for each routing track output node of GSB[1][10][13%] Sorted incoming edges for each routing track output node of GSB[1][11][13%] Sorted incoming edges for each routing track output node of GSB[1][12][14%] Sorted incoming edges for each routing track output node of GSB[1][13][14%] Sorted incoming edges for each routing track output node of GSB[2][0][15%] Sorted incoming edges for each routing track output node of GSB[2][1][15%] Sorted incoming edges for each routing track output node of GSB[2][2][16%] Sorted incoming edges for each routing track output node of GSB[2][3][16%] Sorted incoming edges for each routing track output node of GSB[2][4][17%] Sorted incoming edges for each routing track output node of GSB[2][5][17%] Sorted incoming edges for each routing track output node of GSB[2][6][18%] Sorted incoming edges for each routing track output node of GSB[2][7][18%] Sorted incoming edges for each routing track output node of GSB[2][8][19%] Sorted incoming edges for each routing track output node of GSB[2][9][19%] Sorted incoming edges for each routing track output node of GSB[2][10][20%] Sorted incoming edges for each routing track output node of GSB[2][11][20%] Sorted incoming edges for each routing track output node of GSB[2][12][21%] Sorted incoming edges for each routing track output node of GSB[2][13][21%] Sorted incoming edges for each routing track output node of GSB[3][0][22%] Sorted incoming edges for each routing track output node of GSB[3][1][22%] Sorted incoming edges for each routing track output node of GSB[3][2][23%] Sorted incoming edges for each routing track output node of GSB[3][3][23%] Sorted incoming edges for each routing track output node of GSB[3][4][24%] Sorted incoming edges for each routing track output node of GSB[3][5][25%] Sorted incoming edges for each routing track output node of GSB[3][6][25%] Sorted incoming edges for each routing track output node of GSB[3][7][26%] Sorted incoming edges for each routing track output node of GSB[3][8][26%] Sorted incoming edges for each routing track output node of GSB[3][9][27%] Sorted incoming edges for each routing track output node of GSB[3][10][27%] Sorted incoming edges for each routing track output node of GSB[3][11][28%] Sorted incoming edges for each routing track output node of GSB[3][12][28%] Sorted incoming edges for each routing track output node of GSB[3][13][29%] Sorted incoming edges for each routing track output node of GSB[4][0][29%] Sorted incoming edges for each routing track output node of GSB[4][1][30%] Sorted incoming edges for each routing track output node of GSB[4][2][30%] Sorted incoming edges for each routing track output node of GSB[4][3][31%] Sorted incoming edges for each routing track output node of GSB[4][4][31%] Sorted incoming edges for each routing track output node of GSB[4][5][32%] Sorted incoming edges for each routing track output node of GSB[4][6][32%] Sorted incoming edges for each routing track output node of GSB[4][7][33%] Sorted incoming edges for each routing track output node of GSB[4][8][33%] Sorted incoming edges for each routing track output node of GSB[4][9][34%] Sorted incoming edges for each routing track output node of GSB[4][10][34%] Sorted incoming edges for each routing track output node of GSB[4][11][35%] Sorted incoming edges for each routing track output node of GSB[4][12][35%] Sorted incoming edges for each routing track output node of GSB[4][13][36%] Sorted incoming edges for each routing track output node of GSB[5][0][36%] Sorted incoming edges for each routing track output node of GSB[5][1][37%] Sorted incoming edges for each routing track output node of GSB[5][2][37%] Sorted incoming edges for each routing track output node of GSB[5][3][38%] Sorted incoming edges for each routing track output node of GSB[5][4][38%] Sorted incoming edges for each routing track output node of GSB[5][5][39%] Sorted incoming edges for each routing track output node of GSB[5][6][39%] Sorted incoming edges for each routing track output node of GSB[5][7][40%] Sorted incoming edges for each routing track output node of GSB[5][8][40%] Sorted incoming edges for each routing track output node of GSB[5][9][41%] Sorted incoming edges for each routing track output node of GSB[5][10][41%] Sorted incoming edges for each routing track output node of GSB[5][11][42%] Sorted incoming edges for each routing track output node of GSB[5][12][42%] Sorted incoming edges for each routing track output node of GSB[5][13][43%] Sorted incoming edges for each routing track output node of GSB[6][0][43%] Sorted incoming edges for each routing track output node of GSB[6][1][44%] Sorted incoming edges for each routing track output node of GSB[6][2][44%] Sorted incoming edges for each routing track output node of GSB[6][3][45%] Sorted incoming edges for each routing track output node of GSB[6][4][45%] Sorted incoming edges for each routing track output node of GSB[6][5][46%] Sorted incoming edges for each routing track output node of GSB[6][6][46%] Sorted incoming edges for each routing track output node of GSB[6][7][47%] Sorted incoming edges for each routing track output node of GSB[6][8][47%] Sorted incoming edges for each routing track output node of GSB[6][9][48%] Sorted incoming edges for each routing track output node of GSB[6][10][48%] Sorted incoming edges for each routing track output node of GSB[6][11][49%] Sorted incoming edges for each routing track output node of GSB[6][12][50%] Sorted incoming edges for each routing track output node of GSB[6][13][50%] Sorted incoming edges for each routing track output node of GSB[7][0][51%] Sorted incoming edges for each routing track output node of GSB[7][1][51%] Sorted incoming edges for each routing track output node of GSB[7][2][52%] Sorted incoming edges for each routing track output node of GSB[7][3][52%] Sorted incoming edges for each routing track output node of GSB[7][4][53%] Sorted incoming edges for each routing track output node of GSB[7][5][53%] Sorted incoming edges for each routing track output node of GSB[7][6][54%] Sorted incoming edges for each routing track output node of GSB[7][7][54%] Sorted incoming edges for each routing track output node of GSB[7][8][55%] Sorted incoming edges for each routing track output node of GSB[7][9][55%] Sorted incoming edges for each routing track output node of GSB[7][10][56%] Sorted incoming edges for each routing track output node of GSB[7][11][56%] Sorted incoming edges for each routing track output node of GSB[7][12][57%] Sorted incoming edges for each routing track output node of GSB[7][13][57%] Sorted incoming edges for each routing track output node of GSB[8][0][58%] Sorted incoming edges for each routing track output node of GSB[8][1][58%] Sorted incoming edges for each routing track output node of GSB[8][2][59%] Sorted incoming edges for each routing track output node of GSB[8][3][59%] Sorted incoming edges for each routing track output node of GSB[8][4][60%] Sorted incoming edges for each routing track output node of GSB[8][5][60%] Sorted incoming edges for each routing track output node of GSB[8][6][61%] Sorted incoming edges for each routing track output node of GSB[8][7][61%] Sorted incoming edges for each routing track output node of GSB[8][8][62%] Sorted incoming edges for each routing track output node of GSB[8][9][62%] Sorted incoming edges for each routing track output node of GSB[8][10][63%] Sorted incoming edges for each routing track output node of GSB[8][11][63%] Sorted incoming edges for each routing track output node of GSB[8][12][64%] Sorted incoming edges for each routing track output node of GSB[8][13][64%] Sorted incoming edges for each routing track output node of GSB[9][0][65%] Sorted incoming edges for each routing track output node of GSB[9][1][65%] Sorted incoming edges for each routing track output node of GSB[9][2][66%] Sorted incoming edges for each routing track output node of GSB[9][3][66%] Sorted incoming edges for each routing track output node of GSB[9][4][67%] Sorted incoming edges for each routing track output node of GSB[9][5][67%] Sorted incoming edges for each routing track output node of GSB[9][6][68%] Sorted incoming edges for each routing track output node of GSB[9][7][68%] Sorted incoming edges for each routing track output node of GSB[9][8][69%] Sorted incoming edges for each routing track output node of GSB[9][9][69%] Sorted incoming edges for each routing track output node of GSB[9][10][70%] Sorted incoming edges for each routing track output node of GSB[9][11][70%] Sorted incoming edges for each routing track output node of GSB[9][12][71%] Sorted incoming edges for each routing track output node of GSB[9][13][71%] Sorted incoming edges for each routing track output node of GSB[10][0][72%] Sorted incoming edges for each routing track output node of GSB[10][1][72%] Sorted incoming edges for each routing track output node of GSB[10][2][73%] Sorted incoming edges for each routing track output node of GSB[10][3][73%] Sorted incoming edges for each routing track output node of GSB[10][4][74%] Sorted incoming edges for each routing track output node of GSB[10][5][75%] Sorted incoming edges for each routing track output node of GSB[10][6][75%] Sorted incoming edges for each routing track output node of GSB[10][7][76%] Sorted incoming edges for each routing track output node of GSB[10][8][76%] Sorted incoming edges for each routing track output node of GSB[10][9][77%] Sorted incoming edges for each routing track output node of GSB[10][10][77%] Sorted incoming edges for each routing track output node of GSB[10][11][78%] Sorted incoming edges for each routing track output node of GSB[10][12][78%] Sorted incoming edges for each routing track output node of GSB[10][13][79%] Sorted incoming edges for each routing track output node of GSB[11][0][79%] Sorted incoming edges for each routing track output node of GSB[11][1][80%] Sorted incoming edges for each routing track output node of GSB[11][2][80%] Sorted incoming edges for each routing track output node of GSB[11][3][81%] Sorted incoming edges for each routing track output node of GSB[11][4][81%] Sorted incoming edges for each routing track output node of GSB[11][5][82%] Sorted incoming edges for each routing track output node of GSB[11][6][82%] Sorted incoming edges for each routing track output node of GSB[11][7][83%] Sorted incoming edges for each routing track output node of GSB[11][8][83%] Sorted incoming edges for each routing track output node of GSB[11][9][84%] Sorted incoming edges for each routing track output node of GSB[11][10][84%] Sorted incoming edges for each routing track output node of GSB[11][11][85%] Sorted incoming edges for each routing track output node of GSB[11][12][85%] Sorted incoming edges for each routing track output node of GSB[11][13][86%] Sorted incoming edges for each routing track output node of GSB[12][0][86%] Sorted incoming edges for each routing track output node of GSB[12][1][87%] Sorted incoming edges for each routing track output node of GSB[12][2][87%] Sorted incoming edges for each routing track output node of GSB[12][3][88%] Sorted incoming edges for each routing track output node of GSB[12][4][88%] Sorted incoming edges for each routing track output node of GSB[12][5][89%] Sorted incoming edges for each routing track output node of GSB[12][6][89%] Sorted incoming edges for each routing track output node of GSB[12][7][90%] Sorted incoming edges for each routing track output node of GSB[12][8][90%] Sorted incoming edges for each routing track output node of GSB[12][9][91%] Sorted incoming edges for each routing track output node of GSB[12][10][91%] Sorted incoming edges for each routing track output node of GSB[12][11][92%] Sorted incoming edges for each routing track output node of GSB[12][12][92%] Sorted incoming edges for each routing track output node of GSB[12][13][93%] Sorted incoming edges for each routing track output node of GSB[13][0][93%] Sorted incoming edges for each routing track output node of GSB[13][1][94%] Sorted incoming edges for each routing track output node of GSB[13][2][94%] Sorted incoming edges for each routing track output node of GSB[13][3][95%] Sorted incoming edges for each routing track output node of GSB[13][4][95%] Sorted incoming edges for each routing track output node of GSB[13][5][96%] Sorted incoming edges for each routing track output node of GSB[13][6][96%] Sorted incoming edges for each routing track output node of GSB[13][7][97%] Sorted incoming edges for each routing track output node of GSB[13][8][97%] Sorted incoming edges for each routing track output node of GSB[13][9][98%] Sorted incoming edges for each routing track output node of GSB[13][10][98%] Sorted incoming edges for each routing track output node of GSB[13][11][99%] Sorted incoming edges for each routing track output node of GSB[13][12][100%] Sorted incoming edges for each routing track output node of GSB[13][13]Sorted incoming edges for each routing track output node of 196 General Switch Blocks (GSBs).
# Sort incoming edges for each routing track output node of General Switch Block(GSB) took 1.17 seconds (max_rss 70.7 MiB, delta_rss +0.0 MiB)
# Sort incoming edges for each input pin node of General Switch Block(GSB)
[0%] Sorted incoming edges for each input pin node of GSB[0][0][1%] Sorted incoming edges for each input pin node of GSB[0][1][1%] Sorted incoming edges for each input pin node of GSB[0][2][2%] Sorted incoming edges for each input pin node of GSB[0][3][2%] Sorted incoming edges for each input pin node of GSB[0][4][3%] Sorted incoming edges for each input pin node of GSB[0][5][3%] Sorted incoming edges for each input pin node of GSB[0][6][4%] Sorted incoming edges for each input pin node of GSB[0][7][4%] Sorted incoming edges for each input pin node of GSB[0][8][5%] Sorted incoming edges for each input pin node of GSB[0][9][5%] Sorted incoming edges for each input pin node of GSB[0][10][6%] Sorted incoming edges for each input pin node of GSB[0][11][6%] Sorted incoming edges for each input pin node of GSB[0][12][7%] Sorted incoming edges for each input pin node of GSB[0][13][7%] Sorted incoming edges for each input pin node of GSB[1][0][8%] Sorted incoming edges for each input pin node of GSB[1][1][8%] Sorted incoming edges for each input pin node of GSB[1][2][9%] Sorted incoming edges for each input pin node of GSB[1][3][9%] Sorted incoming edges for each input pin node of GSB[1][4][10%] Sorted incoming edges for each input pin node of GSB[1][5][10%] Sorted incoming edges for each input pin node of GSB[1][6][11%] Sorted incoming edges for each input pin node of GSB[1][7][11%] Sorted incoming edges for each input pin node of GSB[1][8][12%] Sorted incoming edges for each input pin node of GSB[1][9][12%] Sorted incoming edges for each input pin node of GSB[1][10][13%] Sorted incoming edges for each input pin node of GSB[1][11][13%] Sorted incoming edges for each input pin node of GSB[1][12][14%] Sorted incoming edges for each input pin node of GSB[1][13][14%] Sorted incoming edges for each input pin node of GSB[2][0][15%] Sorted incoming edges for each input pin node of GSB[2][1][15%] Sorted incoming edges for each input pin node of GSB[2][2][16%] Sorted incoming edges for each input pin node of GSB[2][3][16%] Sorted incoming edges for each input pin node of GSB[2][4][17%] Sorted incoming edges for each input pin node of GSB[2][5][17%] Sorted incoming edges for each input pin node of GSB[2][6][18%] Sorted incoming edges for each input pin node of GSB[2][7][18%] Sorted incoming edges for each input pin node of GSB[2][8][19%] Sorted incoming edges for each input pin node of GSB[2][9][19%] Sorted incoming edges for each input pin node of GSB[2][10][20%] Sorted incoming edges for each input pin node of GSB[2][11][20%] Sorted incoming edges for each input pin node of GSB[2][12][21%] Sorted incoming edges for each input pin node of GSB[2][13][21%] Sorted incoming edges for each input pin node of GSB[3][0][22%] Sorted incoming edges for each input pin node of GSB[3][1][22%] Sorted incoming edges for each input pin node of GSB[3][2][23%] Sorted incoming edges for each input pin node of GSB[3][3][23%] Sorted incoming edges for each input pin node of GSB[3][4][24%] Sorted incoming edges for each input pin node of GSB[3][5][25%] Sorted incoming edges for each input pin node of GSB[3][6][25%] Sorted incoming edges for each input pin node of GSB[3][7][26%] Sorted incoming edges for each input pin node of GSB[3][8][26%] Sorted incoming edges for each input pin node of GSB[3][9][27%] Sorted incoming edges for each input pin node of GSB[3][10][27%] Sorted incoming edges for each input pin node of GSB[3][11][28%] Sorted incoming edges for each input pin node of GSB[3][12][28%] Sorted incoming edges for each input pin node of GSB[3][13][29%] Sorted incoming edges for each input pin node of GSB[4][0][29%] Sorted incoming edges for each input pin node of GSB[4][1][30%] Sorted incoming edges for each input pin node of GSB[4][2][30%] Sorted incoming edges for each input pin node of GSB[4][3][31%] Sorted incoming edges for each input pin node of GSB[4][4][31%] Sorted incoming edges for each input pin node of GSB[4][5][32%] Sorted incoming edges for each input pin node of GSB[4][6][32%] Sorted incoming edges for each input pin node of GSB[4][7][33%] Sorted incoming edges for each input pin node of GSB[4][8][33%] Sorted incoming edges for each input pin node of GSB[4][9][34%] Sorted incoming edges for each input pin node of GSB[4][10][34%] Sorted incoming edges for each input pin node of GSB[4][11][35%] Sorted incoming edges for each input pin node of GSB[4][12][35%] Sorted incoming edges for each input pin node of GSB[4][13][36%] Sorted incoming edges for each input pin node of GSB[5][0][36%] Sorted incoming edges for each input pin node of GSB[5][1][37%] Sorted incoming edges for each input pin node of GSB[5][2][37%] Sorted incoming edges for each input pin node of GSB[5][3][38%] Sorted incoming edges for each input pin node of GSB[5][4][38%] Sorted incoming edges for each input pin node of GSB[5][5][39%] Sorted incoming edges for each input pin node of GSB[5][6][39%] Sorted incoming edges for each input pin node of GSB[5][7][40%] Sorted incoming edges for each input pin node of GSB[5][8][40%] Sorted incoming edges for each input pin node of GSB[5][9][41%] Sorted incoming edges for each input pin node of GSB[5][10][41%] Sorted incoming edges for each input pin node of GSB[5][11][42%] Sorted incoming edges for each input pin node of GSB[5][12][42%] Sorted incoming edges for each input pin node of GSB[5][13][43%] Sorted incoming edges for each input pin node of GSB[6][0][43%] Sorted incoming edges for each input pin node of GSB[6][1][44%] Sorted incoming edges for each input pin node of GSB[6][2][44%] Sorted incoming edges for each input pin node of GSB[6][3][45%] Sorted incoming edges for each input pin node of GSB[6][4][45%] Sorted incoming edges for each input pin node of GSB[6][5][46%] Sorted incoming edges for each input pin node of GSB[6][6][46%] Sorted incoming edges for each input pin node of GSB[6][7][47%] Sorted incoming edges for each input pin node of GSB[6][8][47%] Sorted incoming edges for each input pin node of GSB[6][9][48%] Sorted incoming edges for each input pin node of GSB[6][10][48%] Sorted incoming edges for each input pin node of GSB[6][11][49%] Sorted incoming edges for each input pin node of GSB[6][12][50%] Sorted incoming edges for each input pin node of GSB[6][13][50%] Sorted incoming edges for each input pin node of GSB[7][0][51%] Sorted incoming edges for each input pin node of GSB[7][1][51%] Sorted incoming edges for each input pin node of GSB[7][2][52%] Sorted incoming edges for each input pin node of GSB[7][3][52%] Sorted incoming edges for each input pin node of GSB[7][4][53%] Sorted incoming edges for each input pin node of GSB[7][5][53%] Sorted incoming edges for each input pin node of GSB[7][6][54%] Sorted incoming edges for each input pin node of GSB[7][7][54%] Sorted incoming edges for each input pin node of GSB[7][8][55%] Sorted incoming edges for each input pin node of GSB[7][9][55%] Sorted incoming edges for each input pin node of GSB[7][10][56%] Sorted incoming edges for each input pin node of GSB[7][11][56%] Sorted incoming edges for each input pin node of GSB[7][12][57%] Sorted incoming edges for each input pin node of GSB[7][13][57%] Sorted incoming edges for each input pin node of GSB[8][0][58%] Sorted incoming edges for each input pin node of GSB[8][1][58%] Sorted incoming edges for each input pin node of GSB[8][2][59%] Sorted incoming edges for each input pin node of GSB[8][3][59%] Sorted incoming edges for each input pin node of GSB[8][4][60%] Sorted incoming edges for each input pin node of GSB[8][5][60%] Sorted incoming edges for each input pin node of GSB[8][6][61%] Sorted incoming edges for each input pin node of GSB[8][7][61%] Sorted incoming edges for each input pin node of GSB[8][8][62%] Sorted incoming edges for each input pin node of GSB[8][9][62%] Sorted incoming edges for each input pin node of GSB[8][10][63%] Sorted incoming edges for each input pin node of GSB[8][11][63%] Sorted incoming edges for each input pin node of GSB[8][12][64%] Sorted incoming edges for each input pin node of GSB[8][13][64%] Sorted incoming edges for each input pin node of GSB[9][0][65%] Sorted incoming edges for each input pin node of GSB[9][1][65%] Sorted incoming edges for each input pin node of GSB[9][2][66%] Sorted incoming edges for each input pin node of GSB[9][3][66%] Sorted incoming edges for each input pin node of GSB[9][4][67%] Sorted incoming edges for each input pin node of GSB[9][5][67%] Sorted incoming edges for each input pin node of GSB[9][6][68%] Sorted incoming edges for each input pin node of GSB[9][7][68%] Sorted incoming edges for each input pin node of GSB[9][8][69%] Sorted incoming edges for each input pin node of GSB[9][9][69%] Sorted incoming edges for each input pin node of GSB[9][10][70%] Sorted incoming edges for each input pin node of GSB[9][11][70%] Sorted incoming edges for each input pin node of GSB[9][12][71%] Sorted incoming edges for each input pin node of GSB[9][13][71%] Sorted incoming edges for each input pin node of GSB[10][0][72%] Sorted incoming edges for each input pin node of GSB[10][1][72%] Sorted incoming edges for each input pin node of GSB[10][2][73%] Sorted incoming edges for each input pin node of GSB[10][3][73%] Sorted incoming edges for each input pin node of GSB[10][4][74%] Sorted incoming edges for each input pin node of GSB[10][5][75%] Sorted incoming edges for each input pin node of GSB[10][6][75%] Sorted incoming edges for each input pin node of GSB[10][7][76%] Sorted incoming edges for each input pin node of GSB[10][8][76%] Sorted incoming edges for each input pin node of GSB[10][9][77%] Sorted incoming edges for each input pin node of GSB[10][10][77%] Sorted incoming edges for each input pin node of GSB[10][11][78%] Sorted incoming edges for each input pin node of GSB[10][12][78%] Sorted incoming edges for each input pin node of GSB[10][13][79%] Sorted incoming edges for each input pin node of GSB[11][0][79%] Sorted incoming edges for each input pin node of GSB[11][1][80%] Sorted incoming edges for each input pin node of GSB[11][2][80%] Sorted incoming edges for each input pin node of GSB[11][3][81%] Sorted incoming edges for each input pin node of GSB[11][4][81%] Sorted incoming edges for each input pin node of GSB[11][5][82%] Sorted incoming edges for each input pin node of GSB[11][6][82%] Sorted incoming edges for each input pin node of GSB[11][7][83%] Sorted incoming edges for each input pin node of GSB[11][8][83%] Sorted incoming edges for each input pin node of GSB[11][9][84%] Sorted incoming edges for each input pin node of GSB[11][10][84%] Sorted incoming edges for each input pin node of GSB[11][11][85%] Sorted incoming edges for each input pin node of GSB[11][12][85%] Sorted incoming edges for each input pin node of GSB[11][13][86%] Sorted incoming edges for each input pin node of GSB[12][0][86%] Sorted incoming edges for each input pin node of GSB[12][1][87%] Sorted incoming edges for each input pin node of GSB[12][2][87%] Sorted incoming edges for each input pin node of GSB[12][3][88%] Sorted incoming edges for each input pin node of GSB[12][4][88%] Sorted incoming edges for each input pin node of GSB[12][5][89%] Sorted incoming edges for each input pin node of GSB[12][6][89%] Sorted incoming edges for each input pin node of GSB[12][7][90%] Sorted incoming edges for each input pin node of GSB[12][8][90%] Sorted incoming edges for each input pin node of GSB[12][9][91%] Sorted incoming edges for each input pin node of GSB[12][10][91%] Sorted incoming edges for each input pin node of GSB[12][11][92%] Sorted incoming edges for each input pin node of GSB[12][12][92%] Sorted incoming edges for each input pin node of GSB[12][13][93%] Sorted incoming edges for each input pin node of GSB[13][0][93%] Sorted incoming edges for each input pin node of GSB[13][1][94%] Sorted incoming edges for each input pin node of GSB[13][2][94%] Sorted incoming edges for each input pin node of GSB[13][3][95%] Sorted incoming edges for each input pin node of GSB[13][4][95%] Sorted incoming edges for each input pin node of GSB[13][5][96%] Sorted incoming edges for each input pin node of GSB[13][6][96%] Sorted incoming edges for each input pin node of GSB[13][7][97%] Sorted incoming edges for each input pin node of GSB[13][8][97%] Sorted incoming edges for each input pin node of GSB[13][9][98%] Sorted incoming edges for each input pin node of GSB[13][10][98%] Sorted incoming edges for each input pin node of GSB[13][11][99%] Sorted incoming edges for each input pin node of GSB[13][12][100%] Sorted incoming edges for each input pin node of GSB[13][13]Sorted incoming edges for each input pin node of 196 General Switch Blocks (GSBs).
# Sort incoming edges for each input pin node of General Switch Block(GSB) took 1.15 seconds (max_rss 70.7 MiB, delta_rss +0.0 MiB)
# Build a library of physical multiplexers
Built a multiplexer library of 37 physical multiplexers.
Maximum multiplexer size is 36.
	model 'cb_mux', input_size='5'
	model 'cb_mux', input_size='9'
	model 'cb_mux', input_size='13'
	model 'cb_mux', input_size='29'
	model 'cb_mux', input_size='27'
	model 'cb_mux', input_size='33'
	model 'cb_mux', input_size='31'
	model 'sb_mux', input_size='6'
	model 'sb_mux', input_size='5'
	model 'sb_mux', input_size='10'
	model 'sb_mux', input_size='8'
	model 'sb_mux', input_size='9'
	model 'sb_mux', input_size='11'
	model 'sb_mux', input_size='7'
	model 'sb_mux', input_size='14'
	model 'sb_mux', input_size='12'
	model 'sb_mux', input_size='13'
	model 'sb_mux', input_size='23'
	model 'sb_mux', input_size='21'
	model 'sb_mux', input_size='20'
	model 'sb_mux', input_size='36'
	model 'sb_mux', input_size='34'
	model 'sb_mux', input_size='24'
	model 'sb_mux', input_size='4'
	model 'sb_mux', input_size='25'
	model 'sb_mux', input_size='22'
	model 'sb_mux', input_size='3'
	model 'sb_mux', input_size='18'
	model 'sb_mux', input_size='16'
	model 'sb_mux', input_size='15'
	model 'clk_mux', input_size='4'
	model 'clk_mux', input_size='6'
	model 'pb_mux_highload', input_size='2'
	model 'pb_mux_highload', input_size='3'
	model 'pb_mux_no_const_input', input_size='2'
	model 'pb_mux', input_size='3'
	model 'frac_lut5_arith', input_size='32'
# Build a library of physical multiplexers took 0.06 seconds (max_rss 70.7 MiB, delta_rss +0.0 MiB)
# Build the annotation about direct connection between tiles
Built 132 tile-to-tile direct connections
# Build the annotation about direct connection between tiles took 0.02 seconds (max_rss 70.7 MiB, delta_rss +0.0 MiB)
Building annotation for post-routing and clustering synchornization results...
Done
Building annotation on physical equivalent sites for clustered blocks...
Done
Building annotation for mapped blocks on grid locations...Done
Will apply operating clock frequency 50 [MHz] to simulations
Will apply 100 operating clock cycles to simulations
Link OpenFPGA architecture to VPR architecture took 3.04 seconds (max_rss 70.7 MiB, delta_rss +0.0 MiB)

Command line to execute: pb_pin_fixup --verbose

Confirm selected options when call command 'pb_pin_fixup':
--map_global_net_to_msb: off
--verbose: on
Fix up pb pin mapping results after routing optimization
Bypass net at clustered block 'c' pin 'grid[11][12].clb[0].I0[0]' as it matches cluster routing
Bypass net at clustered block 'c' pin 'grid[11][12].clb[0].I0[1]' as it matches cluster routing
Bypass net at clustered block 'c' pin 'grid[11][12].clb[0].I0[2]' as it matches cluster routing
Bypass net at clustered block 'c' pin 'grid[11][12].clb[0].I0[3]' as it matches cluster routing
Bypass net at clustered block 'c' pin 'grid[11][12].clb[0].I1[0]' as it matches cluster routing
Bypass net at clustered block 'c' pin 'grid[11][12].clb[0].I1[1]' as it matches cluster routing
Bypass net at clustered block 'c' pin 'grid[11][12].clb[0].I1[2]' as it matches cluster routing
Bypass net at clustered block 'c' pin 'grid[11][12].clb[0].I1[3]' as it matches cluster routing
Bypass net at clustered block 'c' pin 'grid[11][12].clb[0].I2[0]' as it matches cluster routing
Bypass net at clustered block 'c' pin 'grid[11][12].clb[0].I2[1]' as it matches cluster routing
Bypass net at clustered block 'c' pin 'grid[11][12].clb[0].I2[2]' as it matches cluster routing
Bypass net at clustered block 'c' pin 'grid[11][12].clb[0].I2[3]' as it matches cluster routing
Bypass net at clustered block 'c' pin 'grid[11][12].clb[0].I3[0]' as it matches cluster routing
Bypass net at clustered block 'c' pin 'grid[11][12].clb[0].I3[1]' as it matches cluster routing
Bypass net at clustered block 'c' pin 'grid[11][12].clb[0].I3[2]' as it matches cluster routing
Bypass net at clustered block 'c' pin 'grid[11][12].clb[0].I3[3]' as it matches cluster routing
Bypass net at clustered block 'c' pin 'grid[11][12].clb[0].I4[0]' as it matches cluster routing
Bypass net at clustered block 'c' pin 'grid[11][12].clb[0].I4[1]' as it matches cluster routing
Bypass net at clustered block 'c' pin 'grid[11][12].clb[0].I4[2]' as it matches cluster routing
Bypass net at clustered block 'c' pin 'grid[11][12].clb[0].I4[3]' as it matches cluster routing
Bypass net at clustered block 'c' pin 'grid[11][12].clb[0].I5[0]' as it matches cluster routing
Bypass net at clustered block 'c' pin 'grid[11][12].clb[0].I5[1]' as it matches cluster routing
Bypass net at clustered block 'c' pin 'grid[11][12].clb[0].I5[2]' as it matches cluster routing
Bypass net at clustered block 'c' pin 'grid[11][12].clb[0].I5[3]' as it matches cluster routing
Bypass net at clustered block 'c' pin 'grid[11][12].clb[0].I6[0]' as it matches cluster routing
Bypass net at clustered block 'c' pin 'grid[11][12].clb[0].I6[1]' as it matches cluster routing
Bypass net at clustered block 'c' pin 'grid[11][12].clb[0].I6[2]' as it matches cluster routing
Bypass net at clustered block 'c' pin 'grid[11][12].clb[0].I6[3]' as it matches cluster routing
Bypass net at clustered block 'c' pin 'grid[11][12].clb[0].I7[0]' as it matches cluster routing
Bypass net at clustered block 'c' pin 'grid[11][12].clb[0].I7[1]' as it matches cluster routing
Bypass net at clustered block 'c' pin 'grid[11][12].clb[0].I7[2]' as it matches cluster routing
Bypass net at clustered block 'c' pin 'grid[11][12].clb[0].I7[3]' as it matches cluster routing
Bypass net at clustered block 'c' pin 'grid[11][12].clb[0].I8[0]' as it matches cluster routing
Bypass net at clustered block 'c' pin 'grid[11][12].clb[0].I8[1]' as it matches cluster routing
Bypass net at clustered block 'c' pin 'grid[11][12].clb[0].I8[2]' as it matches cluster routing
Bypass net at clustered block 'c' pin 'grid[11][12].clb[0].I8[3]' as it matches cluster routing
Bypass net at clustered block 'c' pin 'grid[11][12].clb[0].I9[0]' as it matches cluster routing
Bypass net at clustered block 'c' pin 'grid[11][12].clb[0].I9[1]' as it matches cluster routing
Bypass net at clustered block 'c' pin 'grid[11][12].clb[0].I9[2]' as it matches cluster routing
Bypass net at clustered block 'c' pin 'grid[11][12].clb[0].I9[3]' as it matches cluster routing
Bypass net at clustered block 'c' pin 'grid[11][12].clb[0].I10[0]' as it matches cluster routing
Bypass net at clustered block 'c' pin 'grid[11][12].clb[0].I10[1]' as it matches cluster routing
Bypass net at clustered block 'c' pin 'grid[11][12].clb[0].I10[2]' as it matches cluster routing
Bypass net at clustered block 'c' pin 'grid[11][12].clb[0].I10[3]' as it matches cluster routing
Fixed up net 'unmapped' mapping mismatch at clustered block 'c' pin 'grid[11][12].clb[0].I11[0]' (was net 'b')
Fixed up net 'b' mapping mismatch at clustered block 'c' pin 'grid[11][12].clb[0].I11[1]' (was net 'a')
Fixed up net 'a' mapping mismatch at clustered block 'c' pin 'grid[11][12].clb[0].I11[2]' (was net 'unmapped')
Bypass net at clustered block 'c' pin 'grid[11][12].clb[0].I11[3]' as it matches cluster routing
Bypass net at clustered block 'c' pin 'grid[11][12].clb[0].Ix[0]' as it matches cluster routing
Bypass net at clustered block 'c' pin 'grid[11][12].clb[0].Ix[1]' as it matches cluster routing
Bypass net at clustered block 'c' pin 'grid[11][12].clb[0].Ix[2]' as it matches cluster routing
Bypass net at clustered block 'c' pin 'grid[11][12].clb[0].Ix[3]' as it matches cluster routing
Bypass net at clustered block 'c' pin 'grid[11][12].clb[0].Ix[4]' as it matches cluster routing
Bypass net at clustered block 'c' pin 'grid[11][12].clb[0].Ix[5]' as it matches cluster routing
Bypass net at clustered block 'c' pin 'grid[11][12].clb[0].Ix[6]' as it matches cluster routing
Bypass net at clustered block 'c' pin 'grid[11][12].clb[0].Ix[7]' as it matches cluster routing
Bypass net at clustered block 'c' pin 'grid[11][12].clb[0].Ix[8]' as it matches cluster routing
Bypass net at clustered block 'c' pin 'grid[11][12].clb[0].Ix[9]' as it matches cluster routing
Bypass net at clustered block 'c' pin 'grid[11][12].clb[0].Ix[10]' as it matches cluster routing
Bypass net at clustered block 'c' pin 'grid[11][12].clb[0].Ix[11]' as it matches cluster routing
Bypass net at clustered block 'c' pin 'grid[11][12].clb[0].cin[0]' as it matches cluster routing
Bypass net at clustered block 'c' pin 'grid[11][12].clb[0].reset[0]' as it matches cluster routing
Bypass net at clustered block 'c' pin 'grid[11][12].clb[0].O[0]' as it matches cluster routing
Bypass net at clustered block 'c' pin 'grid[11][12].clb[0].O[1]' as it matches cluster routing
Bypass net at clustered block 'c' pin 'grid[11][12].clb[0].O[2]' as it matches cluster routing
Bypass net at clustered block 'c' pin 'grid[11][12].clb[0].O[3]' as it matches cluster routing
Bypass net at clustered block 'c' pin 'grid[11][12].clb[0].O[4]' as it matches cluster routing
Bypass net at clustered block 'c' pin 'grid[11][12].clb[0].O[5]' as it matches cluster routing
Bypass net at clustered block 'c' pin 'grid[11][12].clb[0].O[6]' as it matches cluster routing
Bypass net at clustered block 'c' pin 'grid[11][12].clb[0].O[7]' as it matches cluster routing
Bypass net at clustered block 'c' pin 'grid[11][12].clb[0].O[8]' as it matches cluster routing
Bypass net at clustered block 'c' pin 'grid[11][12].clb[0].O[9]' as it matches cluster routing
Bypass net at clustered block 'c' pin 'grid[11][12].clb[0].O[10]' as it matches cluster routing
Bypass net at clustered block 'c' pin 'grid[11][12].clb[0].O[11]' as it matches cluster routing
Bypass net at clustered block 'c' pin 'grid[11][12].clb[0].O[12]' as it matches cluster routing
Bypass net at clustered block 'c' pin 'grid[11][12].clb[0].O[13]' as it matches cluster routing
Bypass net at clustered block 'c' pin 'grid[11][12].clb[0].O[14]' as it matches cluster routing
Bypass net at clustered block 'c' pin 'grid[11][12].clb[0].O[15]' as it matches cluster routing
Bypass net at clustered block 'c' pin 'grid[11][12].clb[0].O[16]' as it matches cluster routing
Bypass net at clustered block 'c' pin 'grid[11][12].clb[0].O[17]' as it matches cluster routing
Bypass net at clustered block 'c' pin 'grid[11][12].clb[0].O[18]' as it matches cluster routing
Bypass net at clustered block 'c' pin 'grid[11][12].clb[0].O[19]' as it matches cluster routing
Bypass net at clustered block 'c' pin 'grid[11][12].clb[0].O[20]' as it matches cluster routing
Bypass net at clustered block 'c' pin 'grid[11][12].clb[0].O[21]' as it matches cluster routing
Bypass net at clustered block 'c' pin 'grid[11][12].clb[0].O[22]' as it matches cluster routing
Bypass net at clustered block 'c' pin 'grid[11][12].clb[0].O[23]' as it matches cluster routing
Bypass net at clustered block 'c' pin 'grid[11][12].clb[0].cout[0]' as it matches cluster routing
Bypass net at clustered block 'c' pin 'grid[11][12].clb[0].clk[0]' as it matches cluster routing
Bypass net at clustered block 'clk' pin 'grid[1][13].io_pi[0].reset[0]' as it matches cluster routing
Bypass net at clustered block 'clk' pin 'grid[1][13].io_pi[0].sc_in[0]' as it matches cluster routing
Bypass net at clustered block 'clk' pin 'grid[1][13].io_pi[0].a2f_o[0]' as it is not routed
Bypass net at clustered block 'clk' pin 'grid[1][13].io_pi[0].sc_out[0]' as it matches cluster routing
Bypass net at clustered block 'clk' pin 'grid[1][13].io_pi[0].clk[0]' as it matches cluster routing
Bypass net at clustered block 'a' pin 'grid[11][13].io_pi[0].reset[0]' as it matches cluster routing
Bypass net at clustered block 'a' pin 'grid[11][13].io_pi[0].sc_in[0]' as it matches cluster routing
Bypass net at clustered block 'a' pin 'grid[11][13].io_pi[0].a2f_o[0]' as it matches cluster routing
Bypass net at clustered block 'a' pin 'grid[11][13].io_pi[0].sc_out[0]' as it matches cluster routing
Bypass net at clustered block 'a' pin 'grid[11][13].io_pi[0].clk[0]' as it matches cluster routing
Bypass net at clustered block 'b' pin 'grid[11][13].io_pi[0].reset[0]' as it matches cluster routing
Bypass net at clustered block 'b' pin 'grid[11][13].io_pi[0].sc_in[0]' as it matches cluster routing
Bypass net at clustered block 'b' pin 'grid[11][13].io_pi[0].a2f_o[0]' as it matches cluster routing
Bypass net at clustered block 'b' pin 'grid[11][13].io_pi[0].sc_out[0]' as it matches cluster routing
Bypass net at clustered block 'b' pin 'grid[11][13].io_pi[0].clk[0]' as it matches cluster routing
Bypass net at clustered block 'out:c' pin 'grid[11][13].io_po[0].f2a_i[0]' as it matches cluster routing
Bypass net at clustered block 'out:c' pin 'grid[11][13].io_po[0].reset[0]' as it matches cluster routing
Bypass net at clustered block 'out:c' pin 'grid[11][13].io_po[0].sc_in[0]' as it matches cluster routing
Bypass net at clustered block 'out:c' pin 'grid[11][13].io_po[0].sc_out[0]' as it matches cluster routing
Bypass net at clustered block 'out:c' pin 'grid[11][13].io_po[0].clk[0]' as it matches cluster routing
Bypass net at clustered block 'd' pin 'grid[11][13].io_po[0].f2a_i[0]' as it matches cluster routing
Bypass net at clustered block 'd' pin 'grid[11][13].io_po[0].reset[0]' as it matches cluster routing
Bypass net at clustered block 'd' pin 'grid[11][13].io_po[0].sc_in[0]' as it matches cluster routing
Bypass net at clustered block 'd' pin 'grid[11][13].io_po[0].sc_out[0]' as it matches cluster routing
Bypass net at clustered block 'd' pin 'grid[11][13].io_po[0].clk[0]' as it is not routed
In total 3 fixup have been applied
Fix up pb pin mapping results after routing optimization took 0.00 seconds (max_rss 70.7 MiB, delta_rss +0.0 MiB)

Command line to execute: route_clock_rr_graph --disable_unused_trees --disable_unused_spines --pin_constraints_file /home/yhjiang/Downloads/for_xianglong/ID_0167/run/all/AAEE/../alkaid_exto_akL2K_s40/alkaid_ex_bitstream/iter0/vpr_results/checkin/and2_latch/tt_25C_v0p9/final_gclk_pcf.xml

Confirm selected options when call command 'route_clock_rr_graph':
--pin_constraints_file, -pcf: /home/yhjiang/Downloads/for_xianglong/ID_0167/run/all/AAEE/../alkaid_exto_akL2K_s40/alkaid_ex_bitstream/iter0/vpr_results/checkin/and2_latch/tt_25C_v0p9/final_gclk_pcf.xml
--disable_unused_trees: on
--disable_unused_spines: on
--verbose: off
Route clock routing resource graph
# Read Pin Constraints
# Read Pin Constraints took 0.00 seconds (max_rss 70.7 MiB, delta_rss +0.0 MiB)
# Route programmable clock network based on routing resource graph
## Annotating rr_node with global nets
## Annotating rr_node with global nets took 0.00 seconds (max_rss 70.7 MiB, delta_rss +0.0 MiB)
# Route programmable clock network based on routing resource graph took 0.06 seconds (max_rss 70.7 MiB, delta_rss +0.0 MiB)
Route clock routing resource graph took 0.06 seconds (max_rss 70.7 MiB, delta_rss +0.0 MiB)

Command line to execute: lut_truth_table_fixup

Confirm selected options when call command 'lut_truth_table_fixup':
--verbose: off
Fix up LUT truth tables after packing optimization
Fix up LUT truth tables after packing optimization took 0.00 seconds (max_rss 70.7 MiB, delta_rss +0.0 MiB)

Command line to execute: build_fabric --compress_routing --load_fabric_key /home/yhjiang/Downloads/for_xianglong/ID_0167/run/all/AAEE/../alkaid_exto_akL2K_s40/alkaid_ex_bitstream/iter0/arch/fabric_key.xml --frame_view --group_tile /home/yhjiang/work_space/0703_aaee/aaee/etc/device/ALKDLe/openfpga_settings/tile_config.xml --group_config_block --name_module_using_index

Confirm selected options when call command 'build_fabric':
--frame_view: on
--compress_routing: on
--duplicate_grid_pin: off
--name_module_using_index: on
--load_fabric_key: /home/yhjiang/Downloads/for_xianglong/ID_0167/run/all/AAEE/../alkaid_exto_akL2K_s40/alkaid_ex_bitstream/iter0/arch/fabric_key.xml
--write_fabric_key: off
--group_tile: /home/yhjiang/work_space/0703_aaee/aaee/etc/device/ALKDLe/openfpga_settings/tile_config.xml
--group_config_block: on
--generate_random_fabric_key: off
--verbose: off
Identify unique General Switch Blocks (GSBs)
Detected 19 unique general switch blocks from a total of 195 (compression rate=926.32%)
Identify unique General Switch Blocks (GSBs) took 4.46 seconds (max_rss 70.7 MiB, delta_rss +0.0 MiB)

Read Fabric Key
Read Fabric Key took 0.00 seconds (max_rss 70.7 MiB, delta_rss +0.0 MiB)

Read tile configuration rules
Read tile configuration rules took 0.00 seconds (max_rss 70.7 MiB, delta_rss +0.0 MiB)
Build fabric module graph
# Build constant generator modules
# Build constant generator modules took 0.00 seconds (max_rss 70.7 MiB, delta_rss +0.0 MiB)
# Build user-defined modules
# Build user-defined modules took 0.00 seconds (max_rss 70.7 MiB, delta_rss +0.0 MiB)
# Build essential (inverter/buffer/logic gate) modules
# Build essential (inverter/buffer/logic gate) modules took 0.00 seconds (max_rss 70.7 MiB, delta_rss +0.0 MiB)
# Build local encoder (for multiplexers) modules
# Build local encoder (for multiplexers) modules took 0.00 seconds (max_rss 70.7 MiB, delta_rss +0.0 MiB)
# Building multiplexer modules
# Building multiplexer modules took 0.03 seconds (max_rss 70.7 MiB, delta_rss +0.0 MiB)
# Build Look-Up Table (LUT) modules
# Build Look-Up Table (LUT) modules took 0.00 seconds (max_rss 70.7 MiB, delta_rss +0.0 MiB)
# Build wire modules
# Build wire modules took 0.00 seconds (max_rss 70.7 MiB, delta_rss +0.0 MiB)
# Build memory modules
# Build memory modules took 0.04 seconds (max_rss 70.7 MiB, delta_rss +0.0 MiB)
# Build grid modules
Building logical tiles...Done
Building physical tiles...Done
# Build grid modules took 0.35 seconds (max_rss 70.7 MiB, delta_rss +0.0 MiB)
# Build unique routing modules...
# Build unique routing modules... took 1.81 seconds (max_rss 99.9 MiB, delta_rss +26.9 MiB)
# Build tile-level information for the FPGA fabric
# Build tile-level information for the FPGA fabric took 0.00 seconds (max_rss 100.2 MiB, delta_rss +0.3 MiB)
# Build tile modules for the FPGA fabric
# Build tile modules for the FPGA fabric took 0.15 seconds (max_rss 101.5 MiB, delta_rss +1.3 MiB)
# Build FPGA fabric module
## Add tile instances to top module
## Add tile instances to top module took 0.03 seconds (max_rss 104.7 MiB, delta_rss +3.3 MiB)
# Build FPGA fabric module took 0.13 seconds (max_rss 105.5 MiB, delta_rss +4.0 MiB)
Build fabric module graph took 2.57 seconds (max_rss 105.5 MiB, delta_rss +34.7 MiB)
Create I/O location mapping for top module
Create I/O location mapping for top module took 0.01 seconds (max_rss 105.5 MiB, delta_rss +0.0 MiB)
Create global port info for top module
Create global port info for top module took 0.00 seconds (max_rss 105.5 MiB, delta_rss +0.0 MiB)
Fatal error occurred!
OpenFPGA Abort


Finish execution with 2 errors

The entire OpenFPGA flow took 28.53 seconds

Thank you for using OpenFPGA!
Incr Slack updates 2 in 1.11e-05 sec
Full Max Req/Worst Slack updates 1 in 7.745e-06 sec
Incr Max Req/Worst Slack updates 1 in 9.418e-06 sec
Incr Criticality updates 0 in 0 sec
Full Criticality updates 2 in 2.5348e-05 sec
